car_name,brand,model,vehicle_age,km_driven,seller_type,fuel_type,transmission_type,mileage,engine,max_power,torque,seats,selling_price
Maruti Vitara,Maruti,Vitara,2,30000,individual,diesel,Manual,24.3 kmpl,1248 CC,88.5 bhp,91Nm@ 3500rpm,5.0,850000
Tata Nexon,Tata,Nexon,3,4200,Individual,Petrol,Manual,17.0 kmpl,1198 CC,108.5 bhp,190Nm@ 2000rpm,5.0,755000
Hyundai Verna,Hyundai,Verna,12,55000,DEALER,  Petrol ,Manual,,1599 CC,103.2 bhp,113Nm@ 4000rpm,5.0,250000
Volkswagen Polo,Volkswagen,Polo,8,35000,individual,petrol,Manual,,,73.9 bhp,,5.0,335000
Maruti Celerio,Maruti,Celerio,3,5000,individual,PETROL,Automatic,23.1 kmpl,998 CC,67.04 bhp,"12.7@ 2,700(kgm@ rpm)",5.0,475000
Hyundai i20,Hyundai,i20,7,120000,Individual,Diesel,Manual,22.54 kmpl,1396 CC,88.73 bhp,170Nm@ 1800-2400rpm,5.0,550000
Hyundai i20,Hyundai,i20,6,47000,Dealer,Diesel,Manual,21.19 kmpl,1396 CC,88.73 bhp,24@ 1900(kgm@ rpm),5.0,675000
Maruti Wagon R,Maruti,Wagon R,5,56302,  Dealer ,CNG,Manual,26.6 km/kg,998 CC,58.16 bhp,190Nm@ 2000rpm,5.0,280000
Hyundai Venue,Hyundai,Venue,1,1200,DEALER,Petrol,Manual,18.27 kmpl,998 CC,118.35 bhp,200Nm@ 1750rpm,,1075000
Renault KWID,Renault,KWID,4,50000,individual,Petrol,Manual,25.17 kmpl,799 CC,,200Nm@ 1750rpm,5.0,280000
Tata Tiago,Tata,Tiago,3,25000,individual,Petrol,Manual,23.84 kmpl,1199 CC,84.0 bhp,200Nm@ 1750rpm,5.0,400000
Maruti Ciaz,Maruti,Ciaz,4,32000,DEALER,Petrol,Manual,20.73 kmpl,1373 CC,91.1 bhp,91Nm@ 3500rpm,5.0,795000
Ford Figo,Ford,Figo,9,151000,INDIVIDUAL,DIESEL,Manual,20.0 kmpl,1399 CC,68.0 bhp,200Nm@ 1750rpm,5.0,251000
Maruti Ignis,Maruti,Ignis,4,32334,Dealer,Petrol,Automatic,20.89 kmpl,1197 CC,81.8 bhp,190Nm@ 2000rpm,5.0,550000
Maruti Ertiga,Maruti,Ertiga,7,51000,Dealer,Petrol,Manual,16.02 kmpl,1373 CC,93.7 bhp,113Nm@ 4000rpm,7.0,625000
Renault Duster,Renault,Duster,8,58327,Dealer,Diesel,Manual,19.01 kmpl,1461 CC,108.45 bhp,91Nm@ 3500rpm,5.0,415000
Maruti Alto,Maruti,Alto,15,110000,Individual,Petrol,Manual,19.7 kmpl,796 CC,46.3 bhp,113Nm@ 4000rpm,5.0,148000
Honda Amaze,Honda,Amaze,6,15000,INDIVIDUAL,Diesel,Manual,25.8 kmpl,1498 CC,98.6 bhp,,5.0,525000
Maruti Wagon R,Maruti,Wagon R,11,102000,Dealer,petrol,Manual,20.52 kmpl,1197 CC,81.8 bhp,200Nm@ 1750rpm,5.0,200000
Maruti Swift,Maruti,Swift,7,75727,DEALER,Petrol,Manual,21.21 kmpl,1197 CC,81.8 bhp,91Nm@ 3500rpm,,425000
BMW X3,BMW,X3,9,200000,  Individual ,diesel,Automatic,16.09 kmpl,1995 CC,184.0 bhp,200Nm@ 1750rpm,5.0,1500000
Renault KWID,Renault,KWID,5,40000,Individual,  Petrol ,Manual,25.17 kmpl,799 CC,53.3 bhp,170Nm@ 1800-2400rpm,5.0,220000
Hyundai i20,Hyundai,i20,5,68000,DEALER,Diesel,Manual,22.54 kmpl,1396 CC,88.73 bhp,24@ 1900(kgm@ rpm),5.0,720000
Skoda Rapid,Skoda,Rapid,3,35000,DEALER,Diesel,Automatic,21.66 kmpl,1498 CC,103.52 bhp,91Nm@ 3500rpm,5.0,1090000
Maruti Swift Dzire,Maruti,Swift Dzire,8,40000,Individual,Petrol,Manual,19.1 kmpl,1197 CC,85.8 bhp,"12.7@ 2,700(kgm@ rpm)",5.0,400000
Maruti Alto,Maruti,Alto,4,11000,DEALER,Petrol,Manual,24.7 kmpl,796 CC,47.3 bhp,250Nm@ 1500-2500rpm,5.0,285000
Maruti Wagon R,Maruti,Wagon R,6,42100,dealer,  CNG ,Manual,26.6 km/kg,998 CC,58.16 bhp,190Nm@ 2000rpm,5.0,375000
Maruti Swift,Maruti,Swift,7,96000,Dealer,Diesel,Manual,28.4 kmpl,1248 CC,74.0 bhp,,5.0,490000
Volkswagen Polo,Volkswagen,Polo,7,20000,Dealer,  Petrol ,Manual,16.47 kmpl,1198 CC,73.9 bhp,170Nm@ 1800-2400rpm,5.0,650000
Tata Tiago,Tata,Tiago,2,20149,Dealer,Petrol,Manual,23.84 kmpl,1199 CC,84.0 bhp,250Nm@ 1500-2500rpm,5.0,470000
Volkswagen Polo,Volkswagen,Polo,10,78800,Dealer,Diesel,Manual,22.07 kmpl,1199 CC,,113Nm@ 4000rpm,5.0,220000
Maruti Swift Dzire,Maruti,Swift Dzire,9,20699,Dealer,Diesel,Manual,23.4 kmpl,1248 CC,74.0 bhp,113Nm@ 4000rpm,5.0,475000
Ford Ecosport,Ford,Ecosport,2,15700,Dealer,Petrol,Automatic,14.7 kmpl,1496 CC,120.69 bhp,91Nm@ 3500rpm,5.0,1145000
Honda Amaze,Honda,Amaze,3,40000,Individual,Petrol,Manual,17.8 kmpl,1198 CC,86.7 bhp,24@ 1900(kgm@ rpm),5.0,610000
Maruti Wagon R,Maruti,Wagon R,3,6000,Dealer,Petrol,Manual,21.79 kmpl,998 CC,,91Nm@ 3500rpm,5.0,400000
Hyundai Creta,Hyundai,Creta,6,81000,dealer,diesel,Manual,19.67 kmpl,1582 CC,126.2 bhp,250Nm@ 1500-2500rpm,5.0,975000
Maruti Swift,Maruti,Swift,8,100000,  Individual ,Diesel,Manual,22.9 kmpl,1248 CC,74.0 bhp,170Nm@ 1800-2400rpm,5.0,320000
Jaguar XF,Jaguar,XF,6,80000,Dealer,diesel,Automatic,16.36 kmpl,2179 CC,187.7 bhp,190Nm@ 2000rpm,5.0,2850000
Honda Amaze,Honda,Amaze,8,33456,Dealer,PETROL,Automatic,15.5 kmpl,,86.7 bhp,,5.0,425000
Maruti Baleno,Maruti,Baleno,3,22000,Dealer,Petrol,Manual,21.4 kmpl,1197 CC,83.1 bhp,"12.7@ 2,700(kgm@ rpm)",5.0,750000
Audi A8,Audi,A8,6,55000,Dealer,  Diesel ,Automatic,16.77 kmpl,2967 CC,246.74 bhp,91Nm@ 3500rpm,4.0,4450000
Skoda Rapid,Skoda,Rapid,6,52000,Dealer,Diesel,Manual,21.14 kmpl,1498 CC,103.52 bhp,,5.0,515000
Datsun RediGO,Datsun,RediGO,3,27263,  Individual ,PETROL,Manual,22.5 kmpl,999 CC,68.0 bhp,190Nm@ 2000rpm,5.0,350000
Hyundai i20,Hyundai,i20,5,27884,dealer,Petrol,Manual,18.6 kmpl,1197 CC,81.83 bhp,200Nm@ 1750rpm,5.0,629000
Toyota Innova,Toyota,Innova,8,120000,Individual,  Diesel ,Manual,12.99 kmpl,2494 CC,100.6 bhp,113Nm@ 4000rpm,7.0,1000000
Maruti XL6,Maruti,XL6,1,14000,Dealer,PETROL,Manual,19.01 kmpl,1462 CC,103.2 bhp,24@ 1900(kgm@ rpm),6.0,1150000
Tata Hexa,Tata,Hexa,3,84523,Dealer,Diesel,Manual,,2179 CC,153.86 bhp,113Nm@ 4000rpm,7.0,1198000
Honda City,Honda,City,5,78236,DEALER,PETROL,Manual,17.4 kmpl,1497 CC,117.3 bhp,"12.7@ 2,700(kgm@ rpm)",5.0,651000
Hyundai Grand,Hyundai,Grand,8,70000,DEALER,  Diesel ,Manual,,1120 CC,70.0 bhp,190Nm@ 2000rpm,5.0,290000
Audi A4,Audi,A4,5,51000,dealer,Diesel,Automatic,18.25 kmpl,1968 CC,187.74 bhp,113Nm@ 4000rpm,5.0,1850000
Land Rover Rover,Land Rover,Rover,4,35800,  Dealer ,  Diesel ,Automatic,12.83 kmpl,,148.31 bhp,,7.0,3575000
Mahindra Bolero,Mahindra,Bolero,11,85000,Individual,Diesel,Manual,,2523 CC,63.0 bhp,200Nm@ 1750rpm,7.0,330000
Kia Seltos,Kia,Seltos,2,20999,Dealer,PETROL,Manual,16.1 kmpl,1353 CC,138.0 bhp,"12.7@ 2,700(kgm@ rpm)",5.0,1840000
Honda City,Honda,City,2,10229,dealer,Petrol,Manual,17.4 kmpl,1497 CC,117.6 bhp,"12.7@ 2,700(kgm@ rpm)",5.0,1100000
Tata Safari,Tata,Safari,10,120000,  Individual ,Diesel,Manual,13.93 kmpl,2179 CC,138.03 bhp,200Nm@ 1750rpm,7.0,270000
Renault Duster,Renault,Duster,8,47000,Dealer,diesel,Manual,20.46 kmpl,1461 CC,83.8 bhp,190Nm@ 2000rpm,5.0,625000
Hyundai i10,Hyundai,i10,12,42000,Individual,PETROL,Manual,19.81 kmpl,1086 CC,68.05 bhp,170Nm@ 1800-2400rpm,5.0,180000
Land Rover Rover,Land Rover,Rover,9,98000,Dealer,Diesel,Automatic,12.7 kmpl,2179 CC,187.7 bhp,250Nm@ 1500-2500rpm,5.0,2090000
Toyota Fortuner,Toyota,Fortuner,2,45000,Dealer,  Diesel ,Automatic,12.9 kmpl,2755 CC,174.5 bhp,113Nm@ 4000rpm,7.0,3300000
Maruti Swift,Maruti,Swift,8,70000,Individual,  Diesel ,Manual,22.9 kmpl,1248 CC,74.0 bhp,113Nm@ 4000rpm,5.0,530000
Honda City,Honda,City,6,47000,  Dealer ,  Petrol ,Automatic,18.0 kmpl,1497 CC,117.3 bhp,91Nm@ 3500rpm,5.0,775000
Maruti Eeco,Maruti,Eeco,10,70000,DEALER,petrol,Manual,16.11 kmpl,1196 CC,72.42 bhp,113Nm@ 4000rpm,5.0,275000
Honda Jazz,Honda,Jazz,2,12000,Dealer,Petrol,Manual,18.7 kmpl,1199 CC,88.7 bhp,170Nm@ 1800-2400rpm,,825000
Maruti Wagon R,Maruti,Wagon R,9,49000,dealer,Petrol,Manual,20.51 kmpl,998 CC,67.04 bhp,"12.7@ 2,700(kgm@ rpm)",5.0,231000
Mahindra XUV500,Mahindra,XUV500,4,48900,dealer,Diesel,Manual,16.0 kmpl,2179 CC,140.0 bhp,,7.0,1125000
Honda WR-V,Honda,WR-V,4,20000,Individual,Petrol,Manual,17.5 kmpl,1199 CC,,190Nm@ 2000rpm,5.0,750000
Maruti Celerio,Maruti,Celerio,5,70000,individual,Petrol,Manual,,998 CC,67.04 bhp,170Nm@ 1800-2400rpm,5.0,375000
Maruti Wagon R,Maruti,Wagon R,6,15000,Individual,Petrol,Manual,20.51 kmpl,998 CC,67.04 bhp,200Nm@ 1750rpm,5.0,300000
Maruti Swift,Maruti,Swift,4,91000,dealer,Diesel,Manual,28.4 kmpl,1248 CC,,190Nm@ 2000rpm,5.0,725000
Maruti Wagon R,Maruti,Wagon R,5,15680,DEALER,Petrol,Automatic,20.51 kmpl,998 CC,67.04 bhp,190Nm@ 2000rpm,5.0,451000
Hyundai Verna,Hyundai,Verna,4,40000,Individual,Diesel,Automatic,22.0 kmpl,1582 CC,126.2 bhp,250Nm@ 1500-2500rpm,5.0,980000
Mahindra Scorpio,Mahindra,Scorpio,11,95000,Individual,Diesel,Automatic,11.79 kmpl,2179 CC,120.0 bhp,113Nm@ 4000rpm,8.0,500000
Mahindra XUV500,Mahindra,XUV500,4,65000,Dealer,Diesel,Automatic,16.0 kmpl,2179 CC,140.0 bhp,"12.7@ 2,700(kgm@ rpm)",7.0,1175000
Honda WR-V,Honda,WR-V,3,33000,Dealer,diesel,Manual,25.5 kmpl,1498 CC,,250Nm@ 1500-2500rpm,5.0,890000
Maruti Celerio,Maruti,Celerio,3,36000,Dealer,Petrol,Automatic,23.1 kmpl,998 CC,,,5.0,545000
Maruti Swift,Maruti,Swift,12,63000,Dealer,PETROL,Manual,16.1 kmpl,1197 CC,,"12.7@ 2,700(kgm@ rpm)",5.0,220000
Ford Figo,Ford,Figo,10,44000,Dealer,petrol,Manual,15.6 kmpl,1196 CC,70.0 bhp,91Nm@ 3500rpm,5.0,251000
Tata Nexon,Tata,Nexon,3,10000,Individual,Petrol,Manual,17.0 kmpl,1198 CC,108.5 bhp,113Nm@ 4000rpm,5.0,550000
Volkswagen Vento,Volkswagen,Vento,6,52000,individual,PETROL,Manual,15.04 kmpl,1598 CC,103.2 bhp,190Nm@ 2000rpm,5.0,510000
Maruti Baleno,Maruti,Baleno,4,34676,Dealer,Petrol,Manual,21.4 kmpl,1197 CC,83.1 bhp,91Nm@ 3500rpm,5.0,710000
Skoda Octavia,Skoda,Octavia,13,38000,Dealer,Diesel,Manual,,1896 CC,122.4 bhp,91Nm@ 3500rpm,5.0,540000
Jaguar XF,Jaguar,XF,8,58000,Dealer,Diesel,Automatic,16.36 kmpl,2179 CC,187.7 bhp,24@ 1900(kgm@ rpm),5.0,2085000
Mahindra Bolero,Mahindra,Bolero,11,350000,Individual,Diesel,Manual,13.6 kmpl,2523 CC,63.0 bhp,190Nm@ 2000rpm,7.0,325000
Maruti Swift Dzire,Maruti,Swift Dzire,7,50900,Dealer,Diesel,Manual,19.3 kmpl,1248 CC,73.9 bhp,,5.0,450000
Maruti Wagon R,Maruti,Wagon R,5,32000,Dealer,Petrol,Manual,18.9 kmpl,998 CC,67.1 bhp,170Nm@ 1800-2400rpm,5.0,350000
Hyundai i20,Hyundai,i20,3,25000,dealer,Petrol,Manual,18.6 kmpl,1197 CC,81.86 bhp,200Nm@ 1750rpm,5.0,550000
Maruti Swift,Maruti,Swift,8,73695,TRUSTMARK DEALER,Petrol,Manual,18.6 kmpl,1197 CC,85.8 bhp,200Nm@ 1750rpm,5.0,345000
Toyota Innova,Toyota,Innova,7,79000,  Dealer ,Diesel,Manual,,2494 CC,100.6 bhp,24@ 1900(kgm@ rpm),7.0,1140000
Maruti Alto,Maruti,Alto,14,17000,dealer,Petrol,Manual,19.7 kmpl,796 CC,46.3 bhp,200Nm@ 1750rpm,5.0,145000
Mahindra Scorpio,Mahindra,Scorpio,14,76600,Dealer,Diesel,Manual,10.5 kmpl,2179 CC,120.0 bhp,200Nm@ 1750rpm,7.0,375000
Tata Safari,Tata,Safari,9,80000,  Individual ,Diesel,Manual,13.93 kmpl,2179 CC,138.03 bhp,250Nm@ 1500-2500rpm,7.0,285000
Honda City,Honda,City,5,19000,Dealer,Petrol,Automatic,18.0 kmpl,1497 CC,117.3 bhp,91Nm@ 3500rpm,5.0,820000
Maruti Swift,Maruti,Swift,3,40000,Individual,Petrol,Manual,21.21 kmpl,1197 CC,,"12.7@ 2,700(kgm@ rpm)",5.0,550000
Maruti Alto,Maruti,Alto,5,49000,DEALER,Petrol,Manual,22.74 kmpl,796 CC,47.3 bhp,200Nm@ 1750rpm,5.0,300000
Hyundai Creta,Hyundai,Creta,4,58000,DEALER,Petrol,Manual,13.0 kmpl,1591 CC,121.3 bhp,190Nm@ 2000rpm,5.0,1175000
Maruti Vitara,Maruti,Vitara,4,67000,DEALER,Diesel,Manual,24.3 kmpl,1248 CC,88.5 bhp,"12.7@ 2,700(kgm@ rpm)",5.0,800000
Tata Tiago,Tata,Tiago,3,41000,Dealer,Petrol,Manual,23.84 kmpl,1199 CC,84.0 bhp,"12.7@ 2,700(kgm@ rpm)",5.0,520000
Maruti Eeco,Maruti,Eeco,7,39000,Dealer,CNG,Manual,21.94 km/kg,,61.7 bhp,,5.0,365000
Maruti Vitara,Maruti,Vitara,2,7980,Dealer,Diesel,Manual,24.3 kmpl,1248 CC,,170Nm@ 1800-2400rpm,5.0,850000
Hyundai Creta,Hyundai,Creta,4,60000,Individual,DIESEL,Manual,21.38 kmpl,1396 CC,88.7 bhp,200Nm@ 1750rpm,5.0,880000
Hyundai i20,Hyundai,i20,6,34000,  Dealer ,Petrol,Manual,18.5 kmpl,1197 CC,82.9 bhp,200Nm@ 1750rpm,5.0,495000
Mahindra Scorpio,Mahindra,Scorpio,11,49000,dealer,  Diesel ,Manual,,2179 CC,120.0 bhp,24@ 1900(kgm@ rpm),7.0,399000
Ford Figo,Ford,Figo,4,40000,Individual,Diesel,Manual,24.29 kmpl,1498 CC,99.0 bhp,200Nm@ 1750rpm,5.0,580000
Hyundai i20,Hyundai,i20,4,34300,  Dealer ,Petrol,Manual,18.6 kmpl,1197 CC,81.83 bhp,250Nm@ 1500-2500rpm,5.0,600000
Toyota Innova,Toyota,Innova,2,6500,Dealer,Diesel,Manual,13.68 kmpl,2393 CC,147.8 bhp,"12.7@ 2,700(kgm@ rpm)",7.0,2150000
Hyundai Grand,Hyundai,Grand,6,65481,Dealer,PETROL,Manual,18.9 kmpl,1197 CC,82.0 bhp,250Nm@ 1500-2500rpm,5.0,434000
Hyundai Grand,Hyundai,Grand,8,83000,Individual,Diesel,Manual,24.0 kmpl,1120 CC,70.0 bhp,190Nm@ 2000rpm,5.0,315000
Audi A6,Audi,A6,7,56000,dealer,Diesel,Automatic,17.68 kmpl,1968 CC,174.33 bhp,113Nm@ 4000rpm,5.0,1650000
Hyundai Grand,Hyundai,Grand,12,59000,Dealer,Diesel,Manual,24.0 kmpl,1120 CC,70.0 bhp,113Nm@ 4000rpm,5.0,210000
Mercedes-Benz E-Class,Mercedes-Benz,E-Class,6,65000,Dealer,DIESEL,Automatic,13.0 kmpl,2987 CC,261.5 bhp,190Nm@ 2000rpm,5.0,2490000
Honda Jazz,Honda,Jazz,2,10597,Dealer,Petrol,Manual,18.7 kmpl,1199 CC,88.7 bhp,91Nm@ 3500rpm,5.0,815000
Hyundai Santro,Hyundai,Santro,11,50503,Dealer,Petrol,Manual,17.92 kmpl,1086 CC,62.1 bhp,200Nm@ 1750rpm,5.0,190000
BMW X3,BMW,X3,7,66000,  Dealer ,diesel,Automatic,18.56 kmpl,1995 CC,190.0 bhp,113Nm@ 4000rpm,5.0,2150000
Mahindra Bolero,Mahindra,Bolero,1,40000,Individual,diesel,Manual,16.5 kmpl,1493 CC,70.0 bhp,91Nm@ 3500rpm,7.0,750000
Toyota Innova,Toyota,Innova,4,65000,DEALER,diesel,Manual,13.68 kmpl,2393 CC,147.8 bhp,"12.7@ 2,700(kgm@ rpm)",,1670000
Maruti Alto,Maruti,Alto,9,21000,Individual,Petrol,Manual,19.7 kmpl,796 CC,46.3 bhp,200Nm@ 1750rpm,5.0,140000
Hyundai i10,Hyundai,i10,5,47000,individual,Petrol,Manual,19.81 kmpl,1086 CC,68.05 bhp,113Nm@ 4000rpm,5.0,370000
Audi A4,Audi,A4,8,38672,Dealer,DIESEL,Automatic,15.2 kmpl,1968 CC,,250Nm@ 1500-2500rpm,5.0,1285000
Mahindra Scorpio,Mahindra,Scorpio,9,89000,Dealer,Diesel,Manual,12.05 kmpl,,120.0 bhp,,8.0,695000
Skoda Rapid,Skoda,Rapid,7,59000,Dealer,Petrol,Automatic,14.3 kmpl,1598 CC,103.6 bhp,,5.0,445000
Maruti Swift Dzire,Maruti,Swift Dzire,4,90000,Individual,Diesel,Manual,28.4 kmpl,1248 CC,74.02 bhp,113Nm@ 4000rpm,5.0,700000
Tata Tiago,Tata,Tiago,5,90000,Individual,Petrol,Manual,23.84 kmpl,1199 CC,84.0 bhp,"12.7@ 2,700(kgm@ rpm)",5.0,400000
Maruti Swift Dzire,Maruti,Swift Dzire,8,50000,Dealer,Petrol,Manual,19.1 kmpl,1197 CC,85.8 bhp,24@ 1900(kgm@ rpm),5.0,375000
Maruti Alto,Maruti,Alto,5,42540,Dealer,PETROL,Manual,22.74 kmpl,796 CC,47.3 bhp,24@ 1900(kgm@ rpm),5.0,290000
Maruti Ertiga,Maruti,Ertiga,7,76000,INDIVIDUAL,Petrol,Manual,16.02 kmpl,1373 CC,93.7 bhp,24@ 1900(kgm@ rpm),7.0,450000
Honda City,Honda,City,6,45000,  Dealer ,Petrol,Manual,17.4 kmpl,1497 CC,117.3 bhp,250Nm@ 1500-2500rpm,5.0,665000
Volkswagen Polo,Volkswagen,Polo,6,42000,Dealer,  Diesel ,Manual,20.14 kmpl,1498 CC,88.8 bhp,190Nm@ 2000rpm,5.0,640000
Maruti Swift,Maruti,Swift,6,56562,  Dealer ,Diesel,Manual,25.2 kmpl,1248 CC,74.0 bhp,"12.7@ 2,700(kgm@ rpm)",5.0,540000
Ford Ecosport,Ford,Ecosport,7,38000,Dealer,  Diesel ,Manual,22.7 kmpl,1498 CC,89.84 bhp,190Nm@ 2000rpm,5.0,650000
Ford Freestyle,Ford,Freestyle,2,5600,  Dealer ,Petrol,Manual,19.0 kmpl,1194 CC,94.68 bhp,113Nm@ 4000rpm,5.0,740000
Honda Jazz,Honda,Jazz,6,64000,Individual,Petrol,Manual,18.7 kmpl,,88.7 bhp,,5.0,570000
Hyundai Creta,Hyundai,Creta,3,25000,Individual,Diesel,Manual,19.67 kmpl,1582 CC,126.2 bhp,250Nm@ 1500-2500rpm,5.0,1200000
Maruti Alto,Maruti,Alto,5,13000,individual,petrol,Manual,23.95 kmpl,998 CC,67.05 bhp,170Nm@ 1800-2400rpm,5.0,299000
Honda Amaze,Honda,Amaze,8,53000,Dealer,Petrol,Automatic,15.5 kmpl,,86.7 bhp,,5.0,425000
Honda City,Honda,City,14,78948,DEALER,Petrol,Manual,17.8 kmpl,1498 CC,119.35 bhp,113Nm@ 4000rpm,5.0,327000
Maruti Swift,Maruti,Swift,5,8000,  Dealer ,  Petrol ,Manual,22.0 kmpl,1197 CC,81.8 bhp,170Nm@ 1800-2400rpm,5.0,475000
Honda City,Honda,City,6,42000,individual,petrol,Manual,17.4 kmpl,1497 CC,117.3 bhp,24@ 1900(kgm@ rpm),5.0,550000
Honda City,Honda,City,14,44621,dealer,Petrol,Manual,13.0 kmpl,1343 CC,90.0 bhp,170Nm@ 1800-2400rpm,5.0,300000
Hyundai i20,Hyundai,i20,2,40000,INDIVIDUAL,Diesel,Manual,22.54 kmpl,1396 CC,88.76 bhp,170Nm@ 1800-2400rpm,5.0,725000
Hyundai i10,Hyundai,i10,7,60000,individual,PETROL,Manual,20.36 kmpl,1197 CC,78.9 bhp,113Nm@ 4000rpm,5.0,285000
Mahindra Marazzo,Mahindra,Marazzo,3,36000,Dealer,Diesel,Manual,17.3 kmpl,1497 CC,121.0 bhp,24@ 1900(kgm@ rpm),7.0,1085000
Maruti Swift Dzire,Maruti,Swift Dzire,9,56200,Dealer,Diesel,Manual,23.4 kmpl,1248 CC,74.0 bhp,200Nm@ 1750rpm,5.0,485000
Maruti Ertiga,Maruti,Ertiga,8,90000,individual,diesel,Manual,20.77 kmpl,1248 CC,88.76 bhp,113Nm@ 4000rpm,7.0,600000
Mercedes-Benz E-Class,Mercedes-Benz,E-Class,14,77000,Dealer,diesel,Automatic,11.0 kmpl,2987 CC,198.5 bhp,"12.7@ 2,700(kgm@ rpm)",5.0,750000
Maruti Alto,Maruti,Alto,7,2620,dealer,Petrol,Manual,22.74 kmpl,796 CC,47.3 bhp,113Nm@ 4000rpm,5.0,275000
Honda City,Honda,City,7,120000,Individual,Diesel,Manual,,1498 CC,98.6 bhp,250Nm@ 1500-2500rpm,5.0,500000
Mahindra KUV,Mahindra,KUV,4,35000,Individual,Petrol,Manual,18.15 kmpl,1198 CC,82.0 bhp,190Nm@ 2000rpm,,450000
Hyundai Grand,Hyundai,Grand,6,48728,Dealer,diesel,Manual,24.0 kmpl,1120 CC,70.0 bhp,200Nm@ 1750rpm,5.0,480000
Mercedes-Benz C-Class,Mercedes-Benz,C-Class,8,35400,Dealer,DIESEL,Automatic,14.84 kmpl,2143 CC,,"12.7@ 2,700(kgm@ rpm)",5.0,1385000
Hyundai i10,Hyundai,i10,10,15000,Individual,Petrol,Manual,20.36 kmpl,1197 CC,78.9 bhp,24@ 1900(kgm@ rpm),5.0,500000
Datsun redi-GO,Datsun,redi-GO,5,50000,Dealer,Petrol,Manual,21.7 kmpl,999 CC,67.05 bhp,24@ 1900(kgm@ rpm),5.0,325000
Nissan Kicks,Nissan,Kicks,1,15000,Individual,Petrol,Manual,14.23 kmpl,1330 CC,153.87 bhp,250Nm@ 1500-2500rpm,5.0,1000000
Hyundai Grand,Hyundai,Grand,5,5000,  Individual ,diesel,Manual,24.0 kmpl,1120 CC,70.0 bhp,190Nm@ 2000rpm,5.0,535000
Maruti Swift Dzire,Maruti,Swift Dzire,13,84903,dealer,Diesel,Manual,19.3 kmpl,1248 CC,73.9 bhp,"12.7@ 2,700(kgm@ rpm)",5.0,340000
Mercedes-Benz C-Class,Mercedes-Benz,C-Class,3,8000,Dealer,PETROL,Automatic,14.74 kmpl,1991 CC,181.04 bhp,200Nm@ 1750rpm,5.0,3650000
Volkswagen Vento,Volkswagen,Vento,9,57500,Dealer,Petrol,Automatic,14.4 kmpl,1598 CC,103.6 bhp,200Nm@ 1750rpm,5.0,350000
Jeep Compass,Jeep,Compass,2,32280,Dealer,Diesel,Manual,17.1 kmpl,1956 CC,170.63 bhp,170Nm@ 1800-2400rpm,5.0,1875000
Honda City,Honda,City,6,80000,  Individual ,diesel,Manual,26.0 kmpl,1498 CC,98.6 bhp,190Nm@ 2000rpm,5.0,760000
Ford Figo,Ford,Figo,9,63000,Dealer,  Diesel ,Manual,20.0 kmpl,1399 CC,68.05 bhp,200Nm@ 1750rpm,5.0,210000
Land Rover Rover,Land Rover,Rover,11,80000,Individual,diesel,Automatic,10.2 kmpl,4367 CC,308.0 bhp,24@ 1900(kgm@ rpm),7.0,3000000
Hyundai Grand,Hyundai,Grand,4,23000,Dealer,  Petrol ,Manual,18.9 kmpl,1197 CC,81.86 bhp,170Nm@ 1800-2400rpm,5.0,455000
Maruti Swift,Maruti,Swift,5,100000,INDIVIDUAL,Diesel,Manual,25.2 kmpl,1248 CC,74.0 bhp,91Nm@ 3500rpm,5.0,535000
Hyundai i20,Hyundai,i20,5,8500,Dealer,Petrol,Manual,18.5 kmpl,1197 CC,80.0 bhp,170Nm@ 1800-2400rpm,5.0,540000
Maruti Swift,Maruti,Swift,7,57351,  Dealer ,diesel,Manual,22.9 kmpl,1248 CC,74.0 bhp,190Nm@ 2000rpm,5.0,450000
Hyundai i10,Hyundai,i10,8,38100,dealer,PETROL,Manual,20.36 kmpl,1197 CC,78.9 bhp,91Nm@ 3500rpm,5.0,340000
Toyota Innova,Toyota,Innova,10,68830,dealer,DIESEL,Manual,12.8 kmpl,2494 CC,102.0 bhp,190Nm@ 2000rpm,7.0,685000
Maruti Swift,Maruti,Swift,15,84800,Dealer,PETROL,Manual,16.1 kmpl,1197 CC,85.0 bhp,250Nm@ 1500-2500rpm,5.0,185000
Honda City,Honda,City,7,26000,DEALER,Diesel,Manual,26.0 kmpl,1498 CC,98.6 bhp,"12.7@ 2,700(kgm@ rpm)",5.0,590000
Hyundai Grand,Hyundai,Grand,6,36000,Dealer,PETROL,Manual,18.9 kmpl,1197 CC,82.0 bhp,,5.0,400000
Tata Safari,Tata,Safari,6,147000,Individual,Diesel,Manual,14.0 kmpl,2179 CC,138.1 bhp,,7.0,800000
Toyota Glanza,Toyota,Glanza,2,10000,Dealer,Petrol,Manual,21.01 kmpl,1197 CC,81.8 bhp,200Nm@ 1750rpm,5.0,800000
Hyundai Verna,Hyundai,Verna,3,40000,Individual,Diesel,Manual,22.0 kmpl,1582 CC,126.2 bhp,24@ 1900(kgm@ rpm),5.0,975000
BMW 3,BMW,3,10,51000,Dealer,DIESEL,Automatic,16.07 kmpl,1995 CC,181.0 bhp,24@ 1900(kgm@ rpm),4.0,850000
Maruti Celerio,Maruti,Celerio,6,20934,Dealer,Petrol,Manual,23.1 kmpl,998 CC,67.04 bhp,91Nm@ 3500rpm,5.0,360000
Honda CR-V,Honda,CR-V,4,35000,  Dealer ,Petrol,Automatic,12.0 kmpl,2354 CC,187.4 bhp,190Nm@ 2000rpm,5.0,1775000
Audi A4,Audi,A4,7,15000,Individual,Diesel,Automatic,14.94 kmpl,2967 CC,241.4 bhp,113Nm@ 4000rpm,,2100000
Hyundai Creta,Hyundai,Creta,6,51000,Dealer,diesel,Manual,21.38 kmpl,1396 CC,,113Nm@ 4000rpm,,910000
Ford Ecosport,Ford,Ecosport,6,95945,INDIVIDUAL,Petrol,Automatic,15.63 kmpl,1499 CC,110.4 bhp,190Nm@ 2000rpm,5.0,500000
Renault KWID,Renault,KWID,3,21000,Dealer,  Petrol ,Automatic,,999 CC,67.0 bhp,"12.7@ 2,700(kgm@ rpm)",5.0,450000
Maruti Ertiga,Maruti,Ertiga,4,84900,Dealer,Petrol,Manual,17.5 kmpl,1373 CC,91.1 bhp,113Nm@ 4000rpm,7.0,800000
Mahindra Bolero,Mahindra,Bolero,13,500000,INDIVIDUAL,Diesel,Manual,13.6 kmpl,2523 CC,63.0 bhp,250Nm@ 1500-2500rpm,7.0,200000
Maruti Swift Dzire,Maruti,Swift Dzire,4,10000,Individual,Petrol,Automatic,22.0 kmpl,1197 CC,81.8 bhp,200Nm@ 1750rpm,5.0,780000
BMW 3,BMW,3,4,30000,Individual,Petrol,Automatic,,1998 CC,249.0 bhp,91Nm@ 3500rpm,5.0,4000000
Honda City,Honda,City,6,60000,Dealer,  Petrol ,Manual,17.4 kmpl,1497 CC,117.3 bhp,200Nm@ 1750rpm,5.0,625000
Hyundai Grand,Hyundai,Grand,4,20000,Dealer,petrol,Manual,18.9 kmpl,1197 CC,81.86 bhp,170Nm@ 1800-2400rpm,5.0,436000
Maruti Alto,Maruti,Alto,15,75000,DEALER,Petrol,Manual,19.7 kmpl,796 CC,46.3 bhp,170Nm@ 1800-2400rpm,5.0,105000
Skoda Rapid,Skoda,Rapid,9,67000,DEALER,Diesel,Manual,20.5 kmpl,1598 CC,103.5 bhp,91Nm@ 3500rpm,5.0,325000
Maruti Alto,Maruti,Alto,10,32000,Dealer,  Petrol ,Manual,,998 CC,67.1 bhp,113Nm@ 4000rpm,5.0,200000
Toyota Fortuner,Toyota,Fortuner,10,158000,Dealer,Diesel,Manual,11.5 kmpl,2982 CC,,"12.7@ 2,700(kgm@ rpm)",7.0,1050000
Maruti Baleno,Maruti,Baleno,6,30000,Dealer,Petrol,Manual,21.4 kmpl,1197 CC,83.1 bhp,170Nm@ 1800-2400rpm,5.0,520000
BMW X1,BMW,X1,3,18000,Dealer,Diesel,Automatic,19.62 kmpl,1998 CC,192.0 bhp,"12.7@ 2,700(kgm@ rpm)",5.0,3350000
Mahindra XUV500,Mahindra,XUV500,3,20000,Individual,DIESEL,Manual,16.0 kmpl,2179 CC,140.0 bhp,91Nm@ 3500rpm,7.0,1500000
Hyundai Grand,Hyundai,Grand,5,64300,DEALER,Diesel,Manual,24.0 kmpl,1120 CC,70.0 bhp,113Nm@ 4000rpm,5.0,425000
Ford Ecosport,Ford,Ecosport,4,63000,dealer,PETROL,Manual,15.9 kmpl,1496 CC,120.69 bhp,250Nm@ 1500-2500rpm,5.0,865000
Maruti Wagon R,Maruti,Wagon R,8,25840,Dealer,PETROL,Manual,20.51 kmpl,,67.04 bhp,,5.0,300000
Renault KWID,Renault,KWID,3,8627,Dealer,Petrol,Manual,21.74 kmpl,999 CC,67.0 bhp,24@ 1900(kgm@ rpm),5.0,385000
Tata Safari,Tata,Safari,8,67231,  Dealer ,Diesel,Manual,14.0 kmpl,2179 CC,138.1 bhp,200Nm@ 1750rpm,7.0,705000
Maruti Ciaz,Maruti,Ciaz,4,29000,Dealer,Petrol,Manual,20.73 kmpl,1373 CC,91.2 bhp,170Nm@ 1800-2400rpm,5.0,750000
Honda Amaze,Honda,Amaze,6,61000,dealer,Diesel,Manual,25.8 kmpl,1498 CC,98.6 bhp,190Nm@ 2000rpm,5.0,515000
Toyota Fortuner,Toyota,Fortuner,4,55000,  Dealer ,Diesel,Manual,12.55 kmpl,2982 CC,168.5 bhp,250Nm@ 1500-2500rpm,7.0,2695000
Datsun RediGO,Datsun,RediGO,4,21918,Dealer,PETROL,Manual,22.7 kmpl,799 CC,53.64 bhp,200Nm@ 1750rpm,5.0,269000
Hyundai Grand,Hyundai,Grand,4,21000,Individual,  Petrol ,Manual,18.9 kmpl,1197 CC,82.0 bhp,91Nm@ 3500rpm,5.0,550000
Maruti Alto,Maruti,Alto,8,66516,Dealer,Petrol,Manual,22.74 kmpl,796 CC,47.3 bhp,"12.7@ 2,700(kgm@ rpm)",5.0,220000
Maruti Baleno,Maruti,Baleno,5,30000,Individual,Petrol,Manual,21.4 kmpl,1197 CC,83.1 bhp,170Nm@ 1800-2400rpm,5.0,475000
Maruti Alto,Maruti,Alto,12,73000,dealer,petrol,Manual,19.7 kmpl,796 CC,46.3 bhp,,5.0,135000
Hyundai i20,Hyundai,i20,8,80849,DEALER,DIESEL,Manual,22.54 kmpl,1396 CC,88.76 bhp,24@ 1900(kgm@ rpm),5.0,290000
Hyundai i10,Hyundai,i10,8,25981,Dealer,Petrol,Manual,20.36 kmpl,1197 CC,78.9 bhp,250Nm@ 1500-2500rpm,,399000
Maruti Ertiga,Maruti,Ertiga,7,72372,Dealer,DIESEL,Manual,20.77 kmpl,1248 CC,88.8 bhp,250Nm@ 1500-2500rpm,7.0,675000
Honda City,Honda,City,7,171000,Individual,diesel,Manual,25.1 kmpl,1498 CC,98.6 bhp,24@ 1900(kgm@ rpm),5.0,530000
Mercedes-Benz E-Class,Mercedes-Benz,E-Class,8,41000,  Dealer ,Diesel,Automatic,10.0 kmpl,2143 CC,170.0 bhp,,5.0,1450000
Mahindra XUV500,Mahindra,XUV500,2,20000,INDIVIDUAL,DIESEL,Manual,15.1 kmpl,2179 CC,152.87 bhp,113Nm@ 4000rpm,7.0,1667000
Honda City,Honda,City,6,51000,DEALER,Petrol,Manual,17.4 kmpl,1497 CC,117.3 bhp,190Nm@ 2000rpm,5.0,550000
Hyundai Verna,Hyundai,Verna,9,76800,Dealer,Diesel,Manual,22.32 kmpl,1582 CC,126.3 bhp,24@ 1900(kgm@ rpm),5.0,450000
Ford Endeavour,Ford,Endeavour,9,58000,Dealer,DIESEL,Automatic,11.4 kmpl,2953 CC,153.86 bhp,91Nm@ 3500rpm,7.0,750000
Mahindra XUV500,Mahindra,XUV500,8,148736,Individual,diesel,Manual,15.1 kmpl,2179 CC,140.0 bhp,190Nm@ 2000rpm,7.0,700000
Maruti Alto,Maruti,Alto,15,30000,Individual,Petrol,Manual,19.7 kmpl,796 CC,46.3 bhp,91Nm@ 3500rpm,5.0,135000
Mahindra Bolero,Mahindra,Bolero,6,150000,Individual,diesel,Manual,15.96 kmpl,2523 CC,,190Nm@ 2000rpm,9.0,650000
Hyundai Santro,Hyundai,Santro,12,63000,dealer,Petrol,Manual,17.92 kmpl,1086 CC,62.1 bhp,190Nm@ 2000rpm,5.0,125000
Renault KWID,Renault,KWID,5,28000,Dealer,PETROL,Manual,25.17 kmpl,799 CC,53.3 bhp,170Nm@ 1800-2400rpm,5.0,285000
Maruti Baleno,Maruti,Baleno,2,4104,Dealer,Petrol,Manual,,1197 CC,83.1 bhp,"12.7@ 2,700(kgm@ rpm)",5.0,675000
Volkswagen Polo,Volkswagen,Polo,8,61000,dealer,Diesel,Manual,22.07 kmpl,1199 CC,73.9 bhp,170Nm@ 1800-2400rpm,5.0,278000
Honda City,Honda,City,6,70000,Individual,Diesel,Manual,26.0 kmpl,1498 CC,98.6 bhp,"12.7@ 2,700(kgm@ rpm)",5.0,650000
Hyundai i20,Hyundai,i20,9,36000,Dealer,PETROL,Manual,17.0 kmpl,1197 CC,80.0 bhp,91Nm@ 3500rpm,5.0,385000
Maruti Wagon R,Maruti,Wagon R,12,69000,DEALER,petrol,Manual,21.79 kmpl,998 CC,67.05 bhp,170Nm@ 1800-2400rpm,5.0,250000
Honda Jazz,Honda,Jazz,5,18000,Individual,PETROL,Manual,18.7 kmpl,1199 CC,88.7 bhp,190Nm@ 2000rpm,5.0,540000
Maruti Alto,Maruti,Alto,3,20000,Individual,petrol,Manual,23.95 kmpl,998 CC,67.05 bhp,250Nm@ 1500-2500rpm,5.0,310000
Ford Endeavour,Ford,Endeavour,10,62000,Dealer,Diesel,Automatic,11.4 kmpl,,153.86 bhp,,,425000
BMW 3,BMW,3,6,70000,Individual,DIESEL,Automatic,18.88 kmpl,1995 CC,184.0 bhp,250Nm@ 1500-2500rpm,5.0,1750000
Honda Amaze,Honda,Amaze,8,100000,Individual,diesel,Manual,25.8 kmpl,1498 CC,98.6 bhp,113Nm@ 4000rpm,5.0,400000
Hyundai Verna,Hyundai,Verna,9,50000,Individual,Petrol,Manual,17.1 kmpl,1591 CC,121.3 bhp,91Nm@ 3500rpm,5.0,450000
Honda Jazz,Honda,Jazz,5,100000,Individual,Diesel,Manual,,1498 CC,98.6 bhp,190Nm@ 2000rpm,5.0,500000
Maruti Swift Dzire,Maruti,Swift Dzire,9,65000,Dealer,PETROL,Manual,19.1 kmpl,1197 CC,85.8 bhp,200Nm@ 1750rpm,5.0,335000
Maruti Swift Dzire,Maruti,Swift Dzire,5,46800,Dealer,Petrol,Manual,20.85 kmpl,1197 CC,83.14 bhp,91Nm@ 3500rpm,5.0,485000
Hyundai i10,Hyundai,i10,11,171289,Individual,petrol,Manual,20.36 kmpl,1197 CC,78.9 bhp,113Nm@ 4000rpm,5.0,230000
Hyundai i10,Hyundai,i10,12,54000,DEALER,Petrol,Manual,19.81 kmpl,1086 CC,68.05 bhp,91Nm@ 3500rpm,5.0,275000
Audi A4,Audi,A4,9,60000,Dealer,Diesel,Automatic,16.55 kmpl,1968 CC,147.51 bhp,250Nm@ 1500-2500rpm,5.0,1045000
Maruti Wagon R,Maruti,Wagon R,5,29989,  Dealer ,Petrol,Manual,21.79 kmpl,998 CC,67.05 bhp,190Nm@ 2000rpm,5.0,445000
Hyundai i10,Hyundai,i10,9,70000,Individual,Petrol,Manual,20.36 kmpl,1197 CC,78.9 bhp,24@ 1900(kgm@ rpm),5.0,200000
BMW 3,BMW,3,6,37000,Dealer,  Diesel ,Automatic,22.69 kmpl,1995 CC,190.0 bhp,170Nm@ 1800-2400rpm,5.0,1950000
Honda City,Honda,City,10,84470,  Dealer ,PETROL,Manual,16.8 kmpl,1497 CC,116.4 bhp,200Nm@ 1750rpm,5.0,425000
Hyundai Grand,Hyundai,Grand,4,45000,Dealer,Diesel,Manual,24.0 kmpl,1120 CC,70.0 bhp,91Nm@ 3500rpm,5.0,525000
Maruti Swift Dzire,Maruti,Swift Dzire,6,120000,individual,Diesel,Manual,26.59 kmpl,1248 CC,74.0 bhp,24@ 1900(kgm@ rpm),5.0,450000
Honda Amaze,Honda,Amaze,2,8000,Dealer,diesel,Manual,27.4 kmpl,1498 CC,98.63 bhp,"12.7@ 2,700(kgm@ rpm)",5.0,875000
Hyundai i10,Hyundai,i10,10,20000,Individual,PETROL,Manual,20.36 kmpl,1197 CC,78.9 bhp,"12.7@ 2,700(kgm@ rpm)",5.0,290000
Mercedes-Benz E-Class,Mercedes-Benz,E-Class,8,68000,Dealer,Diesel,Automatic,14.21 kmpl,2143 CC,203.0 bhp,190Nm@ 2000rpm,5.0,1690000
Maruti Baleno,Maruti,Baleno,3,4700,dealer,Petrol,Manual,21.01 kmpl,1197 CC,,200Nm@ 1750rpm,5.0,675000
Maruti Baleno,Maruti,Baleno,3,19000,Dealer,petrol,Manual,21.01 kmpl,1197 CC,81.8 bhp,113Nm@ 4000rpm,5.0,675000
Mahindra Scorpio,Mahindra,Scorpio,7,46000,  Dealer ,Diesel,Manual,15.4 kmpl,2523 CC,75.0 bhp,170Nm@ 1800-2400rpm,9.0,825000
Hyundai Santro,Hyundai,Santro,9,40000,Dealer,Petrol,Manual,17.92 kmpl,1086 CC,62.1 bhp,170Nm@ 1800-2400rpm,5.0,250000
Volkswagen Polo,Volkswagen,Polo,8,55000,DEALER,PETROL,Manual,15.26 kmpl,1598 CC,103.5 bhp,190Nm@ 2000rpm,5.0,495000
Honda City,Honda,City,6,50000,Individual,Petrol,Manual,17.4 kmpl,1497 CC,117.3 bhp,113Nm@ 4000rpm,5.0,650000
Tata Nexon,Tata,Nexon,3,30000,individual,PETROL,Manual,17.0 kmpl,1198 CC,108.5 bhp,250Nm@ 1500-2500rpm,,600000
Maruti Swift Dzire,Maruti,Swift Dzire,4,28221,DEALER,Petrol,Manual,22.0 kmpl,1197 CC,81.8 bhp,190Nm@ 2000rpm,5.0,680000
Maruti Swift,Maruti,Swift,10,53000,Dealer,Petrol,Manual,16.1 kmpl,1298 CC,88.2 bhp,,5.0,275000
Maruti Alto,Maruti,Alto,6,37528,Dealer,Petrol,Manual,23.95 kmpl,998 CC,67.05 bhp,190Nm@ 2000rpm,5.0,310000
Hyundai Verna,Hyundai,Verna,5,70000,Dealer,Diesel,Automatic,19.08 kmpl,1582 CC,126.2 bhp,170Nm@ 1800-2400rpm,5.0,800000
Hyundai Elantra,Hyundai,Elantra,7,120000,Individual,Diesel,Automatic,19.5 kmpl,1582 CC,126.24 bhp,250Nm@ 1500-2500rpm,5.0,900000
Volkswagen Polo,Volkswagen,Polo,6,68314,Dealer,DIESEL,Manual,20.14 kmpl,1498 CC,88.8 bhp,200Nm@ 1750rpm,5.0,531000
Hyundai Grand,Hyundai,Grand,5,70000,individual,Diesel,Manual,24.0 kmpl,1120 CC,70.0 bhp,91Nm@ 3500rpm,5.0,450000
Maruti Celerio,Maruti,Celerio,4,49600,INDIVIDUAL,petrol,Manual,23.1 kmpl,998 CC,67.04 bhp,250Nm@ 1500-2500rpm,5.0,390000
Hyundai i20,Hyundai,i20,5,57000,dealer,  Diesel ,Manual,,1396 CC,88.73 bhp,200Nm@ 1750rpm,5.0,650000
Honda City,Honda,City,9,37323,Dealer,petrol,Manual,17.0 kmpl,1497 CC,,170Nm@ 1800-2400rpm,5.0,400000
Volkswagen Polo,Volkswagen,Polo,7,40000,Dealer,  Petrol ,Manual,16.47 kmpl,1198 CC,74.0 bhp,190Nm@ 2000rpm,5.0,575000
Maruti Swift Dzire,Maruti,Swift Dzire,5,101000,Dealer,Diesel,Manual,23.4 kmpl,1248 CC,74.0 bhp,190Nm@ 2000rpm,5.0,580000
Hyundai i10,Hyundai,i10,12,65000,dealer,PETROL,Manual,,1197 CC,78.9 bhp,"12.7@ 2,700(kgm@ rpm)",5.0,290000
Jaguar XF,Jaguar,XF,7,67000,individual,Diesel,Automatic,16.36 kmpl,2179 CC,187.7 bhp,200Nm@ 1750rpm,,1900000
Ford Ecosport,Ford,Ecosport,5,60000,Individual,diesel,Manual,,1498 CC,98.59 bhp,170Nm@ 1800-2400rpm,5.0,700000
Mahindra Scorpio,Mahindra,Scorpio,14,74000,Dealer,DIESEL,Manual,13.5 kmpl,2179 CC,115.0 bhp,"12.7@ 2,700(kgm@ rpm)",5.0,275000
Hyundai i10,Hyundai,i10,9,56468,Dealer,Petrol,Manual,20.36 kmpl,1197 CC,78.9 bhp,113Nm@ 4000rpm,5.0,268000
Hyundai Grand,Hyundai,Grand,6,45000,DEALER,Petrol,Manual,18.9 kmpl,1197 CC,82.0 bhp,200Nm@ 1750rpm,5.0,399000
Mercedes-Benz C-Class,Mercedes-Benz,C-Class,8,49000,Dealer,petrol,Automatic,,1991 CC,181.03 bhp,190Nm@ 2000rpm,5.0,1290000
Renault KWID,Renault,KWID,5,50700,Dealer,Petrol,Manual,23.01 kmpl,999 CC,67.0 bhp,170Nm@ 1800-2400rpm,5.0,340000
Maruti Ertiga,Maruti,Ertiga,5,30000,  Individual ,DIESEL,Manual,24.52 kmpl,1248 CC,88.5 bhp,"12.7@ 2,700(kgm@ rpm)",7.0,875000
Tata Harrier,Tata,Harrier,2,18000,Dealer,diesel,Manual,17.0 kmpl,1956 CC,138.1 bhp,250Nm@ 1500-2500rpm,5.0,1595000
Hyundai Grand,Hyundai,Grand,8,78000,DEALER,Diesel,Manual,24.0 kmpl,1120 CC,70.0 bhp,170Nm@ 1800-2400rpm,5.0,320000
Honda Amaze,Honda,Amaze,7,45120,  Dealer ,Diesel,Manual,25.8 kmpl,1498 CC,98.6 bhp,200Nm@ 1750rpm,5.0,367000
Honda Jazz,Honda,Jazz,4,32714,Dealer,PETROL,Manual,18.7 kmpl,1199 CC,88.7 bhp,190Nm@ 2000rpm,5.0,650000
Mercedes-Benz C-Class,Mercedes-Benz,C-Class,8,72000,dealer,Diesel,Automatic,14.84 kmpl,2143 CC,167.62 bhp,250Nm@ 1500-2500rpm,5.0,1275000
Renault Duster,Renault,Duster,8,63000,Dealer,diesel,Manual,20.45 kmpl,1461 CC,83.8 bhp,91Nm@ 3500rpm,5.0,450000
Maruti Vitara,Maruti,Vitara,3,51000,Dealer,Diesel,Manual,24.3 kmpl,1248 CC,88.5 bhp,190Nm@ 2000rpm,5.0,799000
Hyundai Grand,Hyundai,Grand,4,18000,individual,Petrol,Manual,18.9 kmpl,1197 CC,81.86 bhp,190Nm@ 2000rpm,5.0,460000
Hyundai Verna,Hyundai,Verna,8,42000,Dealer,Diesel,Manual,22.32 kmpl,1582 CC,126.32 bhp,190Nm@ 2000rpm,5.0,415000
Maruti Wagon R,Maruti,Wagon R,9,68000,Dealer,Petrol,Manual,21.79 kmpl,998 CC,67.05 bhp,250Nm@ 1500-2500rpm,5.0,265000
Hyundai Grand,Hyundai,Grand,3,43000,Dealer,DIESEL,Manual,24.0 kmpl,1186 CC,73.97 bhp,170Nm@ 1800-2400rpm,5.0,370000
Hyundai Verna,Hyundai,Verna,12,25000,INDIVIDUAL,Petrol,Manual,13.9 kmpl,1599 CC,103.2 bhp,113Nm@ 4000rpm,5.0,140000
Maruti Alto,Maruti,Alto,11,11000,Dealer,  CNG ,Manual,26.83 km/kg,796 CC,38.4 bhp,250Nm@ 1500-2500rpm,5.0,185000
BMW 5,BMW,5,4,21500,Dealer,Diesel,Automatic,18.12 kmpl,1995 CC,190.0 bhp,113Nm@ 4000rpm,5.0,3300000
Maruti Swift,Maruti,Swift,4,38991,Dealer,DIESEL,Manual,25.2 kmpl,1248 CC,74.0 bhp,113Nm@ 4000rpm,5.0,670000
Mercedes-Benz C-Class,Mercedes-Benz,C-Class,10,160000,individual,Diesel,Automatic,14.84 kmpl,2143 CC,,24@ 1900(kgm@ rpm),5.0,700000
Maruti Swift,Maruti,Swift,3,15000,Individual,PETROL,Manual,22.0 kmpl,1197 CC,81.8 bhp,250Nm@ 1500-2500rpm,5.0,729000
Maruti Eeco,Maruti,Eeco,10,93456,  Dealer ,Petrol,Manual,15.37 kmpl,1196 CC,73.0 bhp,"12.7@ 2,700(kgm@ rpm)",7.0,285000
Maruti Swift,Maruti,Swift,8,225000,Individual,diesel,Manual,22.9 kmpl,1248 CC,74.0 bhp,91Nm@ 3500rpm,5.0,450000
BMW 7,BMW,7,7,33000,dealer,diesel,Automatic,16.46 kmpl,2993 CC,258.0 bhp,170Nm@ 1800-2400rpm,5.0,3495000
Honda City,Honda,City,6,40212,Dealer,Petrol,Manual,17.8 kmpl,1497 CC,117.3 bhp,91Nm@ 3500rpm,5.0,650000
Hyundai Grand,Hyundai,Grand,3,30000,Individual,petrol,Manual,18.9 kmpl,1197 CC,81.86 bhp,"12.7@ 2,700(kgm@ rpm)",5.0,450000
Honda Jazz,Honda,Jazz,6,15000,Dealer,Petrol,Manual,,1199 CC,88.7 bhp,"12.7@ 2,700(kgm@ rpm)",5.0,561000
Renault Duster,Renault,Duster,8,80000,Individual,Diesel,Manual,20.46 kmpl,1461 CC,83.8 bhp,91Nm@ 3500rpm,5.0,450000
Mahindra Scorpio,Mahindra,Scorpio,15,200000,  Individual ,  Diesel ,Manual,10.5 kmpl,2179 CC,120.0 bhp,250Nm@ 1500-2500rpm,8.0,250000
Toyota Fortuner,Toyota,Fortuner,7,151768,Dealer,DIESEL,Automatic,12.55 kmpl,2982 CC,168.7 bhp,113Nm@ 4000rpm,7.0,1550000
Audi A4,Audi,A4,6,55200,dealer,Diesel,Automatic,17.11 kmpl,1968 CC,174.33 bhp,113Nm@ 4000rpm,5.0,1725000
Renault KWID,Renault,KWID,5,27000,Dealer,Petrol,Manual,25.17 kmpl,799 CC,53.3 bhp,91Nm@ 3500rpm,5.0,350000
Mahindra Bolero,Mahindra,Bolero,7,120000,INDIVIDUAL,Diesel,Manual,15.96 kmpl,2523 CC,62.1 bhp,170Nm@ 1800-2400rpm,7.0,450000
Ford Freestyle,Ford,Freestyle,3,18000,Individual,Petrol,Manual,19.0 kmpl,1194 CC,94.68 bhp,200Nm@ 1750rpm,5.0,630000
Maruti Ciaz,Maruti,Ciaz,6,90000,INDIVIDUAL,Diesel,Manual,26.21 kmpl,1248 CC,,170Nm@ 1800-2400rpm,5.0,500000
Volkswagen Vento,Volkswagen,Vento,6,72504,Dealer,Diesel,Automatic,21.21 kmpl,1498 CC,103.2 bhp,91Nm@ 3500rpm,5.0,625000
Hyundai Verna,Hyundai,Verna,9,32472,Dealer,petrol,Manual,17.01 kmpl,1591 CC,121.3 bhp,190Nm@ 2000rpm,,448000
Maruti Swift Dzire,Maruti,Swift Dzire,10,120000,Individual,Diesel,Manual,19.3 kmpl,1248 CC,73.9 bhp,250Nm@ 1500-2500rpm,5.0,350000
Hyundai Venue,Hyundai,Venue,2,28600,INDIVIDUAL,  Diesel ,Manual,23.7 kmpl,1396 CC,88.7 bhp,113Nm@ 4000rpm,5.0,1050000
Ford Ecosport,Ford,Ecosport,7,40000,Individual,Petrol,Manual,15.8 kmpl,1499 CC,110.0 bhp,91Nm@ 3500rpm,5.0,500000
Honda Amaze,Honda,Amaze,7,71000,Dealer,Diesel,Manual,25.8 kmpl,1498 CC,98.6 bhp,250Nm@ 1500-2500rpm,5.0,350000
Toyota Innova,Toyota,Innova,11,80000,Individual,diesel,Manual,12.8 kmpl,2494 CC,,200Nm@ 1750rpm,8.0,518000
Hyundai Creta,Hyundai,Creta,4,70000,INDIVIDUAL,  Diesel ,Manual,21.38 kmpl,1396 CC,88.7 bhp,91Nm@ 3500rpm,5.0,850000
Renault Duster,Renault,Duster,9,48000,Dealer,Diesel,Manual,19.64 kmpl,1461 CC,108.45 bhp,24@ 1900(kgm@ rpm),5.0,375000
Ford Figo,Ford,Figo,4,53400,Dealer,diesel,Manual,20.0 kmpl,1399 CC,68.0 bhp,113Nm@ 4000rpm,,550000
Tata Safari,Tata,Safari,10,40000,Individual,diesel,Manual,13.93 kmpl,2179 CC,138.0 bhp,,,450000
Ford Ecosport,Ford,Ecosport,7,44406,Dealer,petrol,Manual,18.88 kmpl,,123.24 bhp,,5.0,650000
Hyundai Grand,Hyundai,Grand,2,12909,Trustmark Dealer,Petrol,Manual,18.9 kmpl,1197 CC,81.86 bhp,91Nm@ 3500rpm,5.0,550000
Maruti Swift Dzire,Maruti,Swift Dzire,5,68000,Dealer,diesel,Manual,19.3 kmpl,1248 CC,73.9 bhp,250Nm@ 1500-2500rpm,5.0,465000
Hyundai i20,Hyundai,i20,11,70000,individual,  Petrol ,Manual,17.0 kmpl,1197 CC,80.0 bhp,190Nm@ 2000rpm,,200000
Toyota Fortuner,Toyota,Fortuner,4,29000,Dealer,Diesel,Manual,14.24 kmpl,2755 CC,174.5 bhp,250Nm@ 1500-2500rpm,7.0,2550000
Hyundai Verna,Hyundai,Verna,5,23251,Trustmark Dealer,petrol,Manual,17.01 kmpl,1591 CC,121.3 bhp,113Nm@ 4000rpm,5.0,700000
Hyundai Grand,Hyundai,Grand,7,60000,Individual,Petrol,Manual,18.9 kmpl,1197 CC,82.0 bhp,"12.7@ 2,700(kgm@ rpm)",5.0,396000
Hyundai Verna,Hyundai,Verna,8,72156,dealer,Diesel,Manual,22.32 kmpl,1582 CC,126.32 bhp,200Nm@ 1750rpm,5.0,425000
Ford Endeavour,Ford,Endeavour,3,25000,INDIVIDUAL,Diesel,Automatic,10.91 kmpl,3198 CC,197.0 bhp,24@ 1900(kgm@ rpm),7.0,3000000
Honda Jazz,Honda,Jazz,4,34000,DEALER,PETROL,Automatic,18.2 kmpl,1199 CC,88.7 bhp,170Nm@ 1800-2400rpm,5.0,550000
Maruti Alto,Maruti,Alto,11,100000,Individual,Petrol,Manual,19.7 kmpl,796 CC,46.3 bhp,200Nm@ 1750rpm,5.0,180000
Maruti Swift,Maruti,Swift,3,25000,Individual,Diesel,Manual,28.4 kmpl,1248 CC,74.0 bhp,24@ 1900(kgm@ rpm),5.0,690000
Maruti Wagon R,Maruti,Wagon R,6,37203,  Dealer ,  Petrol ,Automatic,20.51 kmpl,998 CC,67.04 bhp,"12.7@ 2,700(kgm@ rpm)",5.0,375000
Maruti Swift,Maruti,Swift,5,37000,DEALER,  Diesel ,Manual,25.2 kmpl,1248 CC,74.0 bhp,24@ 1900(kgm@ rpm),5.0,675000
Honda Amaze,Honda,Amaze,4,25000,DEALER,Petrol,Automatic,18.1 kmpl,1199 CC,88.7 bhp,24@ 1900(kgm@ rpm),5.0,620000
Tata Nexon,Tata,Nexon,4,15700,Dealer,Petrol,Manual,17.0 kmpl,1198 CC,108.5 bhp,113Nm@ 4000rpm,5.0,650000
Hyundai i20,Hyundai,i20,6,20000,  Individual ,Petrol,Manual,18.6 kmpl,1197 CC,81.83 bhp,24@ 1900(kgm@ rpm),5.0,480000
Ford Ecosport,Ford,Ecosport,6,75000,Dealer,Diesel,Manual,21.7 kmpl,1498 CC,98.96 bhp,170Nm@ 1800-2400rpm,5.0,575000
Mercedes-Benz S-Class,Mercedes-Benz,S-Class,9,50000,Individual,Diesel,Automatic,13.5 kmpl,2987 CC,282.0 bhp,250Nm@ 1500-2500rpm,5.0,3000000
Hyundai Creta,Hyundai,Creta,2,40000,INDIVIDUAL,Petrol,Automatic,13.0 kmpl,1591 CC,121.3 bhp,91Nm@ 3500rpm,5.0,1280000
Toyota Innova,Toyota,Innova,3,36000,Dealer,Diesel,Manual,13.68 kmpl,2393 CC,147.8 bhp,190Nm@ 2000rpm,7.0,1600000
Skoda Superb,Skoda,Superb,10,75000,DEALER,Diesel,Automatic,17.2 kmpl,1968 CC,,91Nm@ 3500rpm,5.0,725000
Maruti Vitara,Maruti,Vitara,4,75000,Dealer,Diesel,Manual,24.3 kmpl,1248 CC,88.5 bhp,200Nm@ 1750rpm,5.0,775000
Audi A4,Audi,A4,10,38000,dealer,Diesel,Automatic,16.55 kmpl,1968 CC,140.0 bhp,190Nm@ 2000rpm,5.0,1500000
Honda Amaze,Honda,Amaze,5,120000,Individual,Diesel,Manual,25.8 kmpl,1498 CC,98.6 bhp,"12.7@ 2,700(kgm@ rpm)",5.0,470000
Hyundai Creta,Hyundai,Creta,4,66000,Dealer,  Petrol ,Manual,13.0 kmpl,1591 CC,121.3 bhp,190Nm@ 2000rpm,5.0,1149000
Honda City,Honda,City,4,54000,dealer,Petrol,Automatic,18.0 kmpl,1497 CC,117.3 bhp,"12.7@ 2,700(kgm@ rpm)",5.0,845000
Hyundai i20,Hyundai,i20,10,78000,dealer,DIESEL,Manual,21.9 kmpl,1396 CC,90.0 bhp,113Nm@ 4000rpm,5.0,450000
Maruti Celerio,Maruti,Celerio,4,20000,Individual,CNG,Manual,31.79 km/kg,998 CC,58.33 bhp,24@ 1900(kgm@ rpm),5.0,475000
Maruti Wagon R,Maruti,Wagon R,3,25000,Individual,  Petrol ,Manual,20.51 kmpl,998 CC,67.04 bhp,91Nm@ 3500rpm,5.0,400000
Tata Safari,Tata,Safari,8,120000,INDIVIDUAL,diesel,Manual,14.0 kmpl,2179 CC,138.1 bhp,91Nm@ 3500rpm,7.0,425000
Maruti Ciaz,Maruti,Ciaz,7,49000,DEALER,petrol,Manual,20.73 kmpl,1373 CC,91.2 bhp,113Nm@ 4000rpm,5.0,626000
Ford Figo,Ford,Figo,10,46132,Dealer,Petrol,Manual,15.6 kmpl,1196 CC,70.0 bhp,24@ 1900(kgm@ rpm),5.0,139000
Skoda Superb,Skoda,Superb,7,80182,DEALER,Diesel,Automatic,17.2 kmpl,1968 CC,138.08 bhp,113Nm@ 4000rpm,5.0,1075000
Maruti Wagon R,Maruti,Wagon R,8,76221,Dealer,CNG,Manual,26.2 km/kg,998 CC,58.2 bhp,91Nm@ 3500rpm,5.0,315000
Volkswagen Vento,Volkswagen,Vento,8,50000,Dealer,Diesel,Manual,22.27 kmpl,1498 CC,108.6 bhp,200Nm@ 1750rpm,5.0,399000
Maruti Swift,Maruti,Swift,9,70000,INDIVIDUAL,Diesel,Manual,22.9 kmpl,1248 CC,74.0 bhp,170Nm@ 1800-2400rpm,5.0,499000
Mahindra Scorpio,Mahindra,Scorpio,4,68462,Dealer,Diesel,Manual,,2179 CC,120.0 bhp,250Nm@ 1500-2500rpm,7.0,900000
Mercedes-Benz C-Class,Mercedes-Benz,C-Class,3,15000,Dealer,Diesel,Automatic,19.27 kmpl,2143 CC,167.62 bhp,190Nm@ 2000rpm,5.0,3200000
Honda City,Honda,City,7,70000,DEALER,Diesel,Manual,26.0 kmpl,1498 CC,98.6 bhp,170Nm@ 1800-2400rpm,5.0,540000
Toyota Innova,Toyota,Innova,7,200000,Individual,Diesel,Manual,12.99 kmpl,2494 CC,100.6 bhp,250Nm@ 1500-2500rpm,7.0,690000
Hyundai Grand,Hyundai,Grand,5,27735,Dealer,Petrol,Manual,,1197 CC,81.86 bhp,190Nm@ 2000rpm,5.0,500000
Honda Amaze,Honda,Amaze,8,42000,Dealer,Diesel,Manual,25.8 kmpl,1498 CC,98.6 bhp,"12.7@ 2,700(kgm@ rpm)",5.0,475000
Maruti Swift Dzire,Maruti,Swift Dzire,7,85000,Dealer,Diesel,Manual,23.4 kmpl,1248 CC,74.0 bhp,"12.7@ 2,700(kgm@ rpm)",5.0,595000
Hyundai Grand,Hyundai,Grand,7,50000,Dealer,Diesel,Manual,24.0 kmpl,1120 CC,70.0 bhp,113Nm@ 4000rpm,5.0,350000
Mercedes-Benz C-Class,Mercedes-Benz,C-Class,10,75000,  Dealer ,Diesel,Automatic,14.84 kmpl,2143 CC,170.0 bhp,24@ 1900(kgm@ rpm),5.0,675000
Hyundai i20,Hyundai,i20,4,42000,Dealer,Petrol,Manual,18.6 kmpl,1197 CC,81.83 bhp,24@ 1900(kgm@ rpm),5.0,545000
Maruti Swift Dzire,Maruti,Swift Dzire,5,40000,Individual,Petrol,Manual,,1197 CC,83.14 bhp,170Nm@ 1800-2400rpm,5.0,500000
Maruti Ciaz,Maruti,Ciaz,3,42000,dealer,Petrol,Manual,20.65 kmpl,1462 CC,103.25 bhp,113Nm@ 4000rpm,5.0,860000
Mahindra Marazzo,Mahindra,Marazzo,2,60000,individual,DIESEL,Manual,17.3 kmpl,1497 CC,121.0 bhp,"12.7@ 2,700(kgm@ rpm)",8.0,1476000
Isuzu D-Max,Isuzu,D-Max,4,58132,DEALER,diesel,Manual,12.4 kmpl,2499 CC,134.0 bhp,250Nm@ 1500-2500rpm,5.0,1450000
Hyundai Verna,Hyundai,Verna,9,96888,Dealer,diesel,Automatic,22.32 kmpl,1582 CC,126.3 bhp,91Nm@ 3500rpm,5.0,550000
Maruti Swift Dzire,Maruti,Swift Dzire,2,10000,individual,Petrol,Automatic,21.21 kmpl,1197 CC,81.8 bhp,250Nm@ 1500-2500rpm,5.0,710000
Maruti Ciaz,Maruti,Ciaz,3,41000,Dealer,Petrol,Automatic,19.12 kmpl,1373 CC,91.1 bhp,250Nm@ 1500-2500rpm,5.0,895000
Kia Seltos,Kia,Seltos,2,10000,Individual,Petrol,Automatic,16.8 kmpl,1353 CC,138.0 bhp,250Nm@ 1500-2500rpm,5.0,1750000
Hyundai i20,Hyundai,i20,9,64000,individual,Petrol,Manual,18.5 kmpl,1197 CC,,250Nm@ 1500-2500rpm,5.0,290000
Volkswagen Polo,Volkswagen,Polo,7,43000,DEALER,Petrol,Manual,16.47 kmpl,1198 CC,73.9 bhp,"12.7@ 2,700(kgm@ rpm)",5.0,525000
Hyundai i10,Hyundai,i10,10,82000,Dealer,Petrol,Manual,20.36 kmpl,1197 CC,78.9 bhp,"12.7@ 2,700(kgm@ rpm)",5.0,375000
Mahindra Bolero,Mahindra,Bolero,6,120000,INDIVIDUAL,Diesel,Manual,15.96 kmpl,2523 CC,63.0 bhp,91Nm@ 3500rpm,9.0,600000
Hyundai i20,Hyundai,i20,7,46500,Dealer,petrol,Manual,18.5 kmpl,1197 CC,82.9 bhp,250Nm@ 1500-2500rpm,5.0,425000
Maruti Swift,Maruti,Swift,3,17000,Dealer,Petrol,Automatic,21.21 kmpl,1197 CC,81.8 bhp,,5.0,765000
Maruti Wagon R,Maruti,Wagon R,16,29957,DEALER,Petrol,Manual,18.9 kmpl,998 CC,67.1 bhp,190Nm@ 2000rpm,5.0,150000
Ford Aspire,Ford,Aspire,4,25000,Individual,Diesel,Manual,24.29 kmpl,1498 CC,99.0 bhp,113Nm@ 4000rpm,5.0,650000
Toyota Innova,Toyota,Innova,8,200000,Individual,diesel,Manual,12.99 kmpl,2494 CC,100.6 bhp,170Nm@ 1800-2400rpm,7.0,750000
Maruti Swift,Maruti,Swift,7,47500,Dealer,  Petrol ,Manual,22.0 kmpl,,81.8 bhp,,5.0,400000
Maruti Swift,Maruti,Swift,4,60000,DEALER,Petrol,Manual,22.0 kmpl,1197 CC,81.8 bhp,24@ 1900(kgm@ rpm),5.0,480000
Honda Jazz,Honda,Jazz,11,56161,Dealer,Petrol,Manual,,1198 CC,90.0 bhp,"12.7@ 2,700(kgm@ rpm)",5.0,319000
Honda City,Honda,City,3,40000,dealer,Petrol,Automatic,18.4 kmpl,1498 CC,119.35 bhp,24@ 1900(kgm@ rpm),5.0,1150000
Maruti Swift,Maruti,Swift,8,68000,Dealer,  Diesel ,Manual,17.8 kmpl,1248 CC,75.0 bhp,"12.7@ 2,700(kgm@ rpm)",5.0,395000
Toyota Innova,Toyota,Innova,2,31000,Dealer,Diesel,Manual,,2393 CC,147.51 bhp,"12.7@ 2,700(kgm@ rpm)",7.0,2200000
Skoda Rapid,Skoda,Rapid,6,77000,Dealer,DIESEL,Manual,21.14 kmpl,1498 CC,103.6 bhp,200Nm@ 1750rpm,5.0,680000
Maruti S-Presso,Maruti,S-Presso,2,8500,Individual,petrol,Manual,21.7 kmpl,998 CC,67.0 bhp,170Nm@ 1800-2400rpm,5.0,430000
Maruti Swift Dzire,Maruti,Swift Dzire,6,80000,Individual,Diesel,Manual,26.59 kmpl,1248 CC,74.0 bhp,170Nm@ 1800-2400rpm,5.0,500000
Volkswagen Polo,Volkswagen,Polo,5,24000,Dealer,  Petrol ,Automatic,17.2 kmpl,1197 CC,103.6 bhp,190Nm@ 2000rpm,5.0,700000
Tata Safari,Tata,Safari,3,70000,Individual,Diesel,Manual,,2179 CC,147.94 bhp,113Nm@ 4000rpm,7.0,700000
Hyundai Verna,Hyundai,Verna,9,90000,Individual,Diesel,Manual,22.32 kmpl,1582 CC,126.32 bhp,190Nm@ 2000rpm,5.0,370000
Maruti Swift,Maruti,Swift,5,50000,Dealer,Diesel,Manual,25.2 kmpl,1248 CC,74.0 bhp,"12.7@ 2,700(kgm@ rpm)",5.0,640000
Skoda Rapid,Skoda,Rapid,3,17000,Dealer,Petrol,Manual,15.0 kmpl,1598 CC,103.5 bhp,"12.7@ 2,700(kgm@ rpm)",5.0,775000
BMW 5,BMW,5,3,7000,dealer,Diesel,Automatic,22.48 kmpl,1995 CC,187.74 bhp,200Nm@ 1750rpm,5.0,4750000
Maruti Alto,Maruti,Alto,5,50000,Individual,Petrol,Manual,22.74 kmpl,796 CC,47.3 bhp,200Nm@ 1750rpm,5.0,235000
Volkswagen Polo,Volkswagen,Polo,7,60000,Individual,Petrol,Manual,16.47 kmpl,1198 CC,74.0 bhp,,5.0,312000
Hyundai Grand,Hyundai,Grand,6,46000,Dealer,DIESEL,Manual,24.0 kmpl,1120 CC,70.0 bhp,190Nm@ 2000rpm,5.0,335000
Hyundai Verna,Hyundai,Verna,8,47876,DEALER,Diesel,Manual,25.0 kmpl,1493 CC,113.42 bhp,250Nm@ 1500-2500rpm,5.0,551000
Maruti Swift,Maruti,Swift,10,120000,Individual,  Diesel ,Manual,22.9 kmpl,1248 CC,74.0 bhp,,5.0,300000
Maruti Swift,Maruti,Swift,9,76000,Dealer,Diesel,Manual,22.9 kmpl,1248 CC,74.0 bhp,24@ 1900(kgm@ rpm),,425000
Maruti Wagon R,Maruti,Wagon R,15,90000,Individual,Petrol,Manual,18.9 kmpl,998 CC,67.1 bhp,190Nm@ 2000rpm,5.0,82875
Toyota Innova,Toyota,Innova,10,310000,Individual,Diesel,Manual,,2494 CC,102.0 bhp,24@ 1900(kgm@ rpm),8.0,510000
Volkswagen Vento,Volkswagen,Vento,8,34000,individual,Petrol,Manual,15.04 kmpl,1598 CC,103.6 bhp,200Nm@ 1750rpm,5.0,400000
Maruti Swift Dzire,Maruti,Swift Dzire,2,11000,Dealer,Petrol,Automatic,22.0 kmpl,1197 CC,81.8 bhp,113Nm@ 4000rpm,5.0,700000
Hyundai Verna,Hyundai,Verna,5,61000,  Dealer ,diesel,Automatic,19.08 kmpl,1582 CC,126.2 bhp,"12.7@ 2,700(kgm@ rpm)",5.0,760000
Maruti Alto,Maruti,Alto,10,72715,Dealer,Petrol,Manual,20.92 kmpl,998 CC,67.1 bhp,,5.0,210000
Honda City,Honda,City,4,15000,Individual,Petrol,Manual,17.4 kmpl,1497 CC,117.6 bhp,200Nm@ 1750rpm,5.0,1100000
Honda City,Honda,City,11,80000,INDIVIDUAL,Petrol,Manual,17.0 kmpl,1497 CC,118.0 bhp,91Nm@ 3500rpm,5.0,300000
Hyundai Grand,Hyundai,Grand,4,54264,dealer,  Petrol ,Manual,18.9 kmpl,1197 CC,81.86 bhp,113Nm@ 4000rpm,5.0,470000
Audi A4,Audi,A4,7,60000,Dealer,DIESEL,Automatic,16.55 kmpl,1968 CC,147.51 bhp,170Nm@ 1800-2400rpm,5.0,1275000
Tata Hexa,Tata,Hexa,4,60000,Dealer,diesel,Manual,17.6 kmpl,2179 CC,153.86 bhp,200Nm@ 1750rpm,7.0,1200000
Renault KWID,Renault,KWID,5,45500,Dealer,Petrol,Manual,23.01 kmpl,999 CC,67.0 bhp,190Nm@ 2000rpm,5.0,325000
Maruti Alto,Maruti,Alto,7,110000,Individual,Petrol,Manual,20.92 kmpl,998 CC,67.1 bhp,170Nm@ 1800-2400rpm,5.0,200000
Mahindra Bolero,Mahindra,Bolero,4,80000,  Individual ,Diesel,Manual,16.5 kmpl,1493 CC,70.0 bhp,250Nm@ 1500-2500rpm,7.0,750000
Mahindra KUV100,Mahindra,KUV100,3,79814,  Individual ,petrol,Manual,18.15 kmpl,,82.0 bhp,,6.0,500000
Maruti Celerio,Maruti,Celerio,5,70000,Individual,Petrol,Manual,23.1 kmpl,,67.04 bhp,,5.0,420000
Toyota Fortuner,Toyota,Fortuner,9,140000,  Dealer ,Diesel,Automatic,12.55 kmpl,2982 CC,168.7 bhp,113Nm@ 4000rpm,7.0,1160000
Jaguar XF,Jaguar,XF,5,28000,Dealer,  Diesel ,Automatic,19.33 kmpl,1999 CC,177.0 bhp,170Nm@ 1800-2400rpm,,2950000
Renault KWID,Renault,KWID,5,24668,Dealer,PETROL,Automatic,24.04 kmpl,999 CC,67.0 bhp,200Nm@ 1750rpm,5.0,345000
Maruti Ciaz,Maruti,Ciaz,3,19000,  Dealer ,Petrol,Automatic,,1373 CC,91.1 bhp,,5.0,950000
BMW 5,BMW,5,10,60000,Dealer,Diesel,Automatic,18.48 kmpl,1995 CC,177.0 bhp,250Nm@ 1500-2500rpm,5.0,1199000
Mahindra Scorpio,Mahindra,Scorpio,4,56000,Individual,  Diesel ,Manual,15.4 kmpl,2179 CC,120.0 bhp,24@ 1900(kgm@ rpm),7.0,1200000
Porsche Cayenne,Porsche,Cayenne,6,25000,Dealer,diesel,Automatic,13.5 kmpl,2967 CC,240.0 bhp,190Nm@ 2000rpm,5.0,6100000
Maruti Swift Dzire,Maruti,Swift Dzire,5,90000,Individual,Diesel,Manual,26.59 kmpl,1248 CC,74.0 bhp,24@ 1900(kgm@ rpm),5.0,552000
Maruti Swift Dzire,Maruti,Swift Dzire,4,30000,Dealer,petrol,Automatic,21.21 kmpl,1197 CC,81.8 bhp,91Nm@ 3500rpm,5.0,690000
Maruti Swift,Maruti,Swift,4,70000,Individual,DIESEL,Manual,25.2 kmpl,,74.0 bhp,,5.0,600000
Hyundai i10,Hyundai,i10,10,58000,Dealer,PETROL,Manual,20.36 kmpl,1197 CC,78.9 bhp,"12.7@ 2,700(kgm@ rpm)",5.0,210000
Volkswagen Vento,Volkswagen,Vento,7,71000,Dealer,diesel,Manual,22.27 kmpl,1498 CC,108.6 bhp,91Nm@ 3500rpm,,510000
Hyundai i20,Hyundai,i20,4,70000,Individual,  Diesel ,Manual,22.54 kmpl,1396 CC,88.73 bhp,"12.7@ 2,700(kgm@ rpm)",5.0,600000
Hyundai i10,Hyundai,i10,9,65000,Dealer,Petrol,Manual,20.36 kmpl,1197 CC,78.9 bhp,"12.7@ 2,700(kgm@ rpm)",5.0,240000
Maruti Celerio,Maruti,Celerio,5,36000,Dealer,Petrol,Automatic,23.1 kmpl,998 CC,67.04 bhp,,5.0,450000
Toyota Fortuner,Toyota,Fortuner,6,110000,Individual,Diesel,Automatic,,2982 CC,168.5 bhp,"12.7@ 2,700(kgm@ rpm)",7.0,2200000
Hyundai Creta,Hyundai,Creta,4,38425,Dealer,Diesel,Manual,19.67 kmpl,1582 CC,126.2 bhp,24@ 1900(kgm@ rpm),5.0,960000
Hyundai Grand,Hyundai,Grand,5,41000,dealer,Petrol,Manual,18.9 kmpl,1197 CC,82.0 bhp,113Nm@ 4000rpm,5.0,395000
Hyundai i10,Hyundai,i10,12,100000,Individual,petrol,Manual,19.81 kmpl,1086 CC,68.05 bhp,190Nm@ 2000rpm,5.0,215000
Volkswagen Vento,Volkswagen,Vento,10,100000,Individual,DIESEL,Manual,20.54 kmpl,1598 CC,103.6 bhp,250Nm@ 1500-2500rpm,5.0,310000
Hyundai i20,Hyundai,i20,4,30000,Dealer,Petrol,Manual,17.0 kmpl,1197 CC,80.0 bhp,24@ 1900(kgm@ rpm),5.0,535000
BMW 5,BMW,5,2,5700,dealer,Petrol,Automatic,15.01 kmpl,1998 CC,248.08 bhp,113Nm@ 4000rpm,5.0,5475000
Honda City,Honda,City,8,8989,dealer,PETROL,Manual,16.8 kmpl,1497 CC,116.3 bhp,170Nm@ 1800-2400rpm,5.0,525000
Maruti Swift,Maruti,Swift,10,94991,Dealer,petrol,Manual,18.6 kmpl,1197 CC,85.8 bhp,91Nm@ 3500rpm,5.0,315000
Hyundai i20,Hyundai,i20,3,21000,Dealer,Petrol,Manual,18.6 kmpl,1197 CC,81.83 bhp,170Nm@ 1800-2400rpm,5.0,770000
Maruti Ciaz,Maruti,Ciaz,5,60000,individual,DIESEL,Manual,28.09 kmpl,1248 CC,88.5 bhp,170Nm@ 1800-2400rpm,5.0,710000
Hyundai Verna,Hyundai,Verna,2,10000,Individual,PETROL,Manual,17.0 kmpl,1591 CC,121.3 bhp,250Nm@ 1500-2500rpm,5.0,1170000
Hyundai i20,Hyundai,i20,6,44000,Dealer,Petrol,Manual,18.6 kmpl,1197 CC,81.83 bhp,190Nm@ 2000rpm,5.0,585000
Maruti Ciaz,Maruti,Ciaz,5,86000,  Dealer ,diesel,Manual,28.09 kmpl,1248 CC,88.5 bhp,170Nm@ 1800-2400rpm,5.0,640000
Ford Ecosport,Ford,Ecosport,5,78000,Dealer,DIESEL,Manual,22.77 kmpl,1498 CC,98.59 bhp,91Nm@ 3500rpm,5.0,715000
Tata Tigor,Tata,Tigor,4,40159,Trustmark Dealer,  Petrol ,Manual,20.3 kmpl,1199 CC,84.0 bhp,250Nm@ 1500-2500rpm,5.0,440000
Hyundai i20,Hyundai,i20,10,115000,INDIVIDUAL,Petrol,Manual,18.5 kmpl,1197 CC,82.85 bhp,190Nm@ 2000rpm,5.0,325000
Toyota Innova,Toyota,Innova,2,6006,Dealer,Diesel,Manual,13.68 kmpl,2393 CC,147.51 bhp,190Nm@ 2000rpm,7.0,1950000
Maruti Wagon R,Maruti,Wagon R,5,29000,dealer,PETROL,Automatic,20.51 kmpl,998 CC,67.0 bhp,170Nm@ 1800-2400rpm,5.0,450000
Maruti Swift,Maruti,Swift,8,63000,INDIVIDUAL,petrol,Manual,18.6 kmpl,1197 CC,85.8 bhp,170Nm@ 1800-2400rpm,5.0,428000
Toyota Innova,Toyota,Innova,6,70000,Dealer,Diesel,Manual,12.99 kmpl,2494 CC,100.0 bhp,24@ 1900(kgm@ rpm),7.0,1250000
BMW X1,BMW,X1,10,90000,Individual,Diesel,Automatic,17.05 kmpl,1995 CC,184.0 bhp,24@ 1900(kgm@ rpm),5.0,700000
Ford Ecosport,Ford,Ecosport,4,40000,Dealer,Petrol,Manual,15.8 kmpl,1499 CC,110.0 bhp,24@ 1900(kgm@ rpm),5.0,598000
Jaguar XF,Jaguar,XF,10,61000,Dealer,Diesel,Automatic,14.74 kmpl,2993 CC,270.9 bhp,113Nm@ 4000rpm,5.0,1690000
Maruti Alto,Maruti,Alto,8,68450,Dealer,Petrol,Manual,22.74 kmpl,796 CC,47.3 bhp,200Nm@ 1750rpm,5.0,245000
Toyota Innova,Toyota,Innova,4,27000,Dealer,Diesel,Manual,13.68 kmpl,2393 CC,,250Nm@ 1500-2500rpm,7.0,1450000
Datsun RediGO,Datsun,RediGO,5,79000,Dealer,PETROL,Manual,22.7 kmpl,799 CC,53.64 bhp,"12.7@ 2,700(kgm@ rpm)",5.0,235000
Maruti Swift Dzire,Maruti,Swift Dzire,3,12400,DEALER,Petrol,Manual,21.21 kmpl,1197 CC,81.8 bhp,113Nm@ 4000rpm,5.0,690000
BMW X1,BMW,X1,2,15000,Dealer,Diesel,Automatic,20.68 kmpl,1995 CC,188.0 bhp,24@ 1900(kgm@ rpm),,3250000
BMW 7,BMW,7,8,63000,Dealer,Diesel,Automatic,14.49 kmpl,2993 CC,258.0 bhp,250Nm@ 1500-2500rpm,5.0,2250000
Maruti Alto,Maruti,Alto,3,31393,DEALER,Petrol,Manual,23.95 kmpl,998 CC,67.05 bhp,91Nm@ 3500rpm,5.0,350000
Datsun GO,Datsun,GO,5,15000,  Individual ,Petrol,Manual,19.44 kmpl,1198 CC,67.0 bhp,"12.7@ 2,700(kgm@ rpm)",7.0,350000
Maruti Baleno,Maruti,Baleno,5,23243,Dealer,PETROL,Manual,21.4 kmpl,1197 CC,83.1 bhp,113Nm@ 4000rpm,5.0,687000
Tata Tiago,Tata,Tiago,4,35780,DEALER,Diesel,Manual,27.28 kmpl,1047 CC,69.0 bhp,24@ 1900(kgm@ rpm),5.0,350000
Hyundai Verna,Hyundai,Verna,7,100000,INDIVIDUAL,Diesel,Manual,24.8 kmpl,1396 CC,88.7 bhp,190Nm@ 2000rpm,5.0,700000
Honda City,Honda,City,10,39000,dealer,Petrol,Manual,17.0 kmpl,,118.0 bhp,,,349000
Maruti Wagon R,Maruti,Wagon R,6,70000,Dealer,Petrol,Manual,21.5 kmpl,1197 CC,81.8 bhp,"12.7@ 2,700(kgm@ rpm)",5.0,340000
Maruti Ertiga,Maruti,Ertiga,5,40000,Individual,DIESEL,Manual,,1248 CC,88.5 bhp,170Nm@ 1800-2400rpm,7.0,810000
Maruti Swift,Maruti,Swift,7,52000,Dealer,Petrol,Manual,22.0 kmpl,1197 CC,81.8 bhp,170Nm@ 1800-2400rpm,5.0,361000
Tata Harrier,Tata,Harrier,2,16320,  Dealer ,Diesel,Manual,17.0 kmpl,1956 CC,167.67 bhp,"12.7@ 2,700(kgm@ rpm)",5.0,1600000
Hyundai Grand,Hyundai,Grand,4,25000,INDIVIDUAL,Petrol,Manual,18.9 kmpl,1197 CC,81.86 bhp,190Nm@ 2000rpm,5.0,580000
Maruti Swift Dzire,Maruti,Swift Dzire,3,70000,Individual,Diesel,Automatic,,1248 CC,74.02 bhp,113Nm@ 4000rpm,5.0,800000
Toyota Innova,Toyota,Innova,4,65000,dealer,Diesel,Automatic,11.36 kmpl,2755 CC,171.5 bhp,250Nm@ 1500-2500rpm,7.0,1550000
Renault KWID,Renault,KWID,4,8560,Dealer,Petrol,Automatic,24.04 kmpl,999 CC,67.0 bhp,250Nm@ 1500-2500rpm,5.0,371000
Maruti Swift Dzire,Maruti,Swift Dzire,4,80000,Individual,  Diesel ,Automatic,,1248 CC,74.02 bhp,170Nm@ 1800-2400rpm,5.0,610000
Maruti Swift Dzire,Maruti,Swift Dzire,3,40000,DEALER,Diesel,Automatic,28.4 kmpl,1248 CC,74.02 bhp,113Nm@ 4000rpm,5.0,825000
Maruti Celerio,Maruti,Celerio,7,66000,dealer,cng,Manual,,998 CC,58.2 bhp,190Nm@ 2000rpm,5.0,360000
Honda City,Honda,City,4,35000,dealer,Petrol,Manual,17.8 kmpl,1497 CC,117.3 bhp,250Nm@ 1500-2500rpm,5.0,725000
Renault KWID,Renault,KWID,5,19000,DEALER,Petrol,Manual,22.3 kmpl,799 CC,53.26 bhp,170Nm@ 1800-2400rpm,5.0,324000
Honda Amaze,Honda,Amaze,2,8700,individual,Petrol,Manual,19.5 kmpl,1199 CC,88.76 bhp,,5.0,750000
Hyundai Grand,Hyundai,Grand,3,38000,dealer,petrol,Manual,18.9 kmpl,1197 CC,81.86 bhp,91Nm@ 3500rpm,5.0,595000
Ford Ecosport,Ford,Ecosport,7,78409,Dealer,  Petrol ,Automatic,16.5 kmpl,1499 CC,110.0 bhp,170Nm@ 1800-2400rpm,5.0,560000
Toyota Innova,Toyota,Innova,8,270000,  Individual ,Diesel,Manual,12.99 kmpl,2494 CC,100.6 bhp,113Nm@ 4000rpm,8.0,1050000
Honda City,Honda,City,8,74000,Dealer,PETROL,Manual,16.9 kmpl,1497 CC,100.0 bhp,"12.7@ 2,700(kgm@ rpm)",5.0,580000
Mahindra Scorpio,Mahindra,Scorpio,6,80000,INDIVIDUAL,Diesel,Manual,15.4 kmpl,2179 CC,120.0 bhp,"12.7@ 2,700(kgm@ rpm)",7.0,920000
Maruti Swift Dzire,Maruti,Swift Dzire,4,15659,Trustmark Dealer,PETROL,Manual,21.21 kmpl,1197 CC,81.8 bhp,200Nm@ 1750rpm,5.0,625000
Honda Amaze,Honda,Amaze,8,48000,Dealer,Diesel,Manual,25.8 kmpl,1498 CC,98.6 bhp,113Nm@ 4000rpm,5.0,299000
Tata Nexon,Tata,Nexon,3,16000,Dealer,Diesel,Manual,21.5 kmpl,1497 CC,108.5 bhp,91Nm@ 3500rpm,5.0,835000
Maruti Swift Dzire,Maruti,Swift Dzire,6,70000,Individual,Petrol,Manual,20.85 kmpl,1197 CC,83.14 bhp,190Nm@ 2000rpm,5.0,450000
Mahindra Scorpio,Mahindra,Scorpio,7,100000,  Dealer ,Diesel,Manual,15.4 kmpl,1997 CC,120.0 bhp,250Nm@ 1500-2500rpm,7.0,825000
BMW 3,BMW,3,5,33000,Dealer,  Diesel ,Automatic,,1995 CC,188.0 bhp,170Nm@ 1800-2400rpm,5.0,2550000
Maruti Wagon R,Maruti,Wagon R,8,33000,dealer,PETROL,Manual,18.9 kmpl,998 CC,67.1 bhp,200Nm@ 1750rpm,5.0,313000
Honda City,Honda,City,11,65000,dealer,Petrol,Manual,17.0 kmpl,1497 CC,118.0 bhp,24@ 1900(kgm@ rpm),5.0,350000
Maruti Ertiga,Maruti,Ertiga,5,21600,Dealer,petrol,Manual,17.5 kmpl,1373 CC,91.1 bhp,190Nm@ 2000rpm,7.0,725000
Hyundai Creta,Hyundai,Creta,5,38000,  Dealer ,Petrol,Automatic,13.0 kmpl,1591 CC,121.3 bhp,91Nm@ 3500rpm,5.0,800000
Maruti Swift,Maruti,Swift,1,9000,Individual,Petrol,Manual,21.21 kmpl,1197 CC,81.8 bhp,250Nm@ 1500-2500rpm,5.0,550000
Toyota Fortuner,Toyota,Fortuner,3,96644,DEALER,diesel,Automatic,15.04 kmpl,2755 CC,174.5 bhp,200Nm@ 1750rpm,7.0,3175000
Toyota Innova,Toyota,Innova,4,65000,Dealer,diesel,Manual,13.68 kmpl,2393 CC,147.8 bhp,24@ 1900(kgm@ rpm),7.0,1375000
Hyundai Grand,Hyundai,Grand,2,10000,individual,Petrol,Automatic,18.9 kmpl,1197 CC,81.86 bhp,200Nm@ 1750rpm,5.0,625000
Toyota Innova,Toyota,Innova,8,77000,  Dealer ,DIESEL,Manual,12.8 kmpl,2494 CC,102.0 bhp,24@ 1900(kgm@ rpm),7.0,645000
Maruti Baleno,Maruti,Baleno,2,5000,Individual,  Petrol ,Manual,21.4 kmpl,1197 CC,83.1 bhp,24@ 1900(kgm@ rpm),5.0,610000
Honda Amaze,Honda,Amaze,2,5000,Individual,Petrol,Manual,19.5 kmpl,1199 CC,88.76 bhp,91Nm@ 3500rpm,5.0,720000
Hyundai i10,Hyundai,i10,8,32545,Dealer,Petrol,Manual,20.36 kmpl,1197 CC,78.9 bhp,91Nm@ 3500rpm,5.0,325000
Audi A6,Audi,A6,7,57000,dealer,DIESEL,Automatic,17.68 kmpl,1968 CC,174.33 bhp,250Nm@ 1500-2500rpm,5.0,1885000
Maruti Vitara,Maruti,Vitara,3,35000,Individual,Diesel,Automatic,24.3 kmpl,1248 CC,88.5 bhp,113Nm@ 4000rpm,5.0,1100000
Toyota Innova,Toyota,Innova,3,37000,Dealer,diesel,Automatic,11.36 kmpl,2755 CC,171.5 bhp,113Nm@ 4000rpm,8.0,1950000
Mahindra Bolero,Mahindra,Bolero,8,65000,individual,DIESEL,Manual,,,62.1 bhp,,7.0,390000
Maruti Swift,Maruti,Swift,8,60000,Individual,  Diesel ,Manual,22.9 kmpl,1248 CC,74.0 bhp,170Nm@ 1800-2400rpm,5.0,445000
Maruti Ciaz,Maruti,Ciaz,6,49986,dealer,Diesel,Manual,26.21 kmpl,1248 CC,88.5 bhp,250Nm@ 1500-2500rpm,5.0,610000
Honda City,Honda,City,3,70000,INDIVIDUAL,Petrol,Manual,17.4 kmpl,1497 CC,117.3 bhp,24@ 1900(kgm@ rpm),5.0,800000
Ford Endeavour,Ford,Endeavour,9,58000,DEALER,Diesel,Automatic,11.4 kmpl,2953 CC,153.86 bhp,190Nm@ 2000rpm,7.0,750000
Maruti Ignis,Maruti,Ignis,4,29000,Dealer,petrol,Manual,20.89 kmpl,1197 CC,81.8 bhp,"12.7@ 2,700(kgm@ rpm)",5.0,520000
Toyota Innova,Toyota,Innova,9,165000,Individual,Diesel,Manual,12.8 kmpl,2494 CC,102.0 bhp,91Nm@ 3500rpm,7.0,850000
Land Rover Rover,Land Rover,Rover,3,18000,Dealer,diesel,Automatic,18.0 kmpl,2993 CC,255.0 bhp,250Nm@ 1500-2500rpm,7.0,4500000
Hyundai Creta,Hyundai,Creta,4,60000,  Dealer ,petrol,Manual,15.8 kmpl,1591 CC,121.3 bhp,24@ 1900(kgm@ rpm),5.0,825000
Maruti Wagon R,Maruti,Wagon R,8,36900,Dealer,Petrol,Manual,21.79 kmpl,998 CC,67.05 bhp,200Nm@ 1750rpm,5.0,265000
Hyundai Grand,Hyundai,Grand,5,15000,INDIVIDUAL,Petrol,Manual,18.9 kmpl,1197 CC,82.0 bhp,113Nm@ 4000rpm,5.0,390000
Hyundai i20,Hyundai,i20,6,50000,Individual,Petrol,Manual,18.6 kmpl,1197 CC,81.83 bhp,200Nm@ 1750rpm,5.0,450000
Hyundai Grand,Hyundai,Grand,5,14000,INDIVIDUAL,Petrol,Manual,18.9 kmpl,1197 CC,82.0 bhp,91Nm@ 3500rpm,5.0,495000
Maruti Wagon R,Maruti,Wagon R,7,89000,  Dealer ,CNG,Manual,32.52 km/kg,998 CC,58.33 bhp,200Nm@ 1750rpm,5.0,310000
Maruti Ciaz,Maruti,Ciaz,4,21000,Dealer,Petrol,Manual,20.73 kmpl,1373 CC,91.1 bhp,170Nm@ 1800-2400rpm,5.0,725000
Maruti Vitara,Maruti,Vitara,2,20500,Dealer,diesel,Manual,24.3 kmpl,1248 CC,88.5 bhp,200Nm@ 1750rpm,5.0,915000
Maruti Swift Dzire,Maruti,Swift Dzire,11,90000,individual,Petrol,Manual,17.5 kmpl,1298 CC,85.8 bhp,24@ 1900(kgm@ rpm),5.0,275000
Hyundai Verna,Hyundai,Verna,2,10000,Individual,Petrol,Manual,,1591 CC,121.3 bhp,170Nm@ 1800-2400rpm,5.0,999000
Ford Figo,Ford,Figo,11,63500,individual,PETROL,Manual,15.6 kmpl,1196 CC,70.0 bhp,170Nm@ 1800-2400rpm,5.0,240000
Maruti Ertiga,Maruti,Ertiga,7,54000,Dealer,CNG,Manual,22.8 km/kg,1373 CC,80.9 bhp,91Nm@ 3500rpm,7.0,675000
Honda Jazz,Honda,Jazz,10,60000,Individual,  Petrol ,Manual,16.0 kmpl,1198 CC,90.0 bhp,190Nm@ 2000rpm,5.0,320000
Maruti Swift,Maruti,Swift,9,85508,Dealer,Petrol,Manual,18.6 kmpl,1197 CC,,200Nm@ 1750rpm,5.0,425000
Volkswagen Polo,Volkswagen,Polo,5,80000,Dealer,Petrol,Automatic,17.21 kmpl,1197 CC,103.5 bhp,113Nm@ 4000rpm,5.0,615000
Ford Figo,Ford,Figo,5,35000,Dealer,Petrol,Manual,,1196 CC,86.8 bhp,190Nm@ 2000rpm,5.0,595000
Maruti Swift Dzire,Maruti,Swift Dzire,9,120000,individual,Diesel,Manual,19.3 kmpl,1248 CC,73.9 bhp,250Nm@ 1500-2500rpm,5.0,350000
Ford Figo,Ford,Figo,7,93334,Dealer,Petrol,Manual,15.6 kmpl,1196 CC,70.02 bhp,170Nm@ 1800-2400rpm,5.0,446000
Honda City,Honda,City,12,120000,Individual,Petrol,Manual,17.0 kmpl,1497 CC,118.0 bhp,24@ 1900(kgm@ rpm),5.0,350000
Maruti Dzire VXI,Maruti,Dzire VXI,1,8000,  Individual ,Petrol,Manual,23.26 kmpl,1197 CC,88.5 bhp,190Nm@ 2000rpm,5.0,650000
Maruti Swift Dzire,Maruti,Swift Dzire,7,110000,Individual,  Diesel ,Manual,23.4 kmpl,1248 CC,74.0 bhp,24@ 1900(kgm@ rpm),5.0,390000
Maruti Wagon R,Maruti,Wagon R,5,83000,dealer,CNG,Manual,26.6 km/kg,998 CC,58.16 bhp,200Nm@ 1750rpm,5.0,345000
Maruti Swift Dzire,Maruti,Swift Dzire,4,120000,Individual,Petrol,Manual,19.0 kmpl,1197 CC,85.8 bhp,"12.7@ 2,700(kgm@ rpm)",5.0,325000
Toyota Innova,Toyota,Innova,4,87000,dealer,diesel,Manual,13.68 kmpl,2393 CC,147.51 bhp,"12.7@ 2,700(kgm@ rpm)",8.0,1835000
Mahindra Scorpio,Mahindra,Scorpio,11,186000,Individual,Diesel,Manual,12.05 kmpl,2179 CC,120.0 bhp,170Nm@ 1800-2400rpm,8.0,400000
Volkswagen Polo,Volkswagen,Polo,6,50000,  Individual ,Petrol,Manual,16.2 kmpl,1199 CC,,200Nm@ 1750rpm,5.0,600000
Hyundai Grand,Hyundai,Grand,6,35000,Dealer,Petrol,Automatic,18.9 kmpl,1197 CC,82.0 bhp,24@ 1900(kgm@ rpm),,515000
Maruti Wagon R,Maruti,Wagon R,7,21980,individual,Petrol,Manual,20.51 kmpl,998 CC,67.04 bhp,,5.0,290000
BMW 3,BMW,3,7,40000,INDIVIDUAL,Diesel,Automatic,18.88 kmpl,1995 CC,184.0 bhp,113Nm@ 4000rpm,5.0,2250000
Maruti Swift Dzire,Maruti,Swift Dzire,7,101000,Individual,Petrol,Manual,17.5 kmpl,1298 CC,85.8 bhp,24@ 1900(kgm@ rpm),5.0,480000
Maruti Wagon R,Maruti,Wagon R,6,40000,Individual,Petrol,Automatic,20.51 kmpl,998 CC,67.04 bhp,200Nm@ 1750rpm,5.0,450000
Honda City,Honda,City,5,60000,Dealer,PETROL,Automatic,18.0 kmpl,1497 CC,117.3 bhp,250Nm@ 1500-2500rpm,5.0,685000
Maruti Vitara,Maruti,Vitara,3,80000,Individual,Diesel,Manual,24.3 kmpl,1248 CC,,190Nm@ 2000rpm,5.0,830000
Hyundai Grand,Hyundai,Grand,2,13900,Individual,Petrol,Manual,18.9 kmpl,1197 CC,81.86 bhp,170Nm@ 1800-2400rpm,5.0,590000
Hyundai i20,Hyundai,i20,9,53000,Dealer,petrol,Manual,17.0 kmpl,1197 CC,80.0 bhp,250Nm@ 1500-2500rpm,5.0,345000
Toyota Fortuner,Toyota,Fortuner,7,61000,Dealer,Diesel,Automatic,12.55 kmpl,2982 CC,168.5 bhp,190Nm@ 2000rpm,7.0,1690000
Maruti Ciaz,Maruti,Ciaz,5,35000,Dealer,DIESEL,Manual,28.09 kmpl,1248 CC,88.5 bhp,24@ 1900(kgm@ rpm),5.0,610000
Hyundai i10,Hyundai,i10,10,66000,Dealer,  Petrol ,Manual,20.36 kmpl,1197 CC,78.9 bhp,190Nm@ 2000rpm,5.0,285000
Maruti Wagon R,Maruti,Wagon R,9,70000,Individual,Petrol,Manual,18.9 kmpl,998 CC,67.1 bhp,170Nm@ 1800-2400rpm,5.0,210000
Hyundai i20,Hyundai,i20,6,66032,Dealer,  Petrol ,Manual,17.0 kmpl,1197 CC,80.0 bhp,170Nm@ 1800-2400rpm,5.0,550000
Hyundai i20,Hyundai,i20,4,12290,Dealer,Petrol,Manual,18.6 kmpl,1197 CC,81.83 bhp,24@ 1900(kgm@ rpm),5.0,735000
Tata Tiago,Tata,Tiago,3,18000,Dealer,petrol,Automatic,23.84 kmpl,1199 CC,83.83 bhp,200Nm@ 1750rpm,5.0,520000
Maruti Wagon R,Maruti,Wagon R,5,58802,Dealer,Petrol,Manual,18.9 kmpl,998 CC,67.1 bhp,91Nm@ 3500rpm,5.0,425000
Maruti Ignis,Maruti,Ignis,3,25000,Individual,  Petrol ,Manual,20.89 kmpl,1197 CC,81.8 bhp,"12.7@ 2,700(kgm@ rpm)",5.0,492000
Audi A4,Audi,A4,8,65000,Dealer,DIESEL,Automatic,,1968 CC,147.51 bhp,,5.0,1200000
Maruti Alto,Maruti,Alto,13,20000,INDIVIDUAL,petrol,Manual,19.7 kmpl,796 CC,46.3 bhp,24@ 1900(kgm@ rpm),5.0,150000
Toyota Innova,Toyota,Innova,4,43458,Dealer,  Diesel ,Manual,12.99 kmpl,2494 CC,100.0 bhp,,8.0,1670000
Mahindra Scorpio,Mahindra,Scorpio,6,140000,Individual,Diesel,Manual,15.4 kmpl,2179 CC,,190Nm@ 2000rpm,7.0,900000
Maruti Swift,Maruti,Swift,6,82000,dealer,  Diesel ,Manual,28.4 kmpl,1248 CC,74.0 bhp,190Nm@ 2000rpm,5.0,555000
Mercedes-Benz E-Class,Mercedes-Benz,E-Class,6,75000,dealer,  Diesel ,Automatic,13.0 kmpl,2143 CC,201.1 bhp,170Nm@ 1800-2400rpm,5.0,1985000
Maruti Alto,Maruti,Alto,12,68000,INDIVIDUAL,petrol,Manual,19.7 kmpl,796 CC,46.3 bhp,"12.7@ 2,700(kgm@ rpm)",5.0,130000
Ford Figo,Ford,Figo,10,57349,Dealer,Diesel,Manual,20.0 kmpl,,68.0 bhp,,5.0,185000
Ford Ecosport,Ford,Ecosport,6,70000,Individual,  Diesel ,Manual,22.77 kmpl,1498 CC,98.59 bhp,,5.0,740000
Hyundai Grand,Hyundai,Grand,5,91288,Dealer,Diesel,Manual,,1120 CC,70.0 bhp,"12.7@ 2,700(kgm@ rpm)",5.0,583000
Hyundai i20,Hyundai,i20,6,60000,Individual,  Diesel ,Manual,22.54 kmpl,1396 CC,88.73 bhp,200Nm@ 1750rpm,5.0,422000
Maruti Wagon R,Maruti,Wagon R,15,64000,DEALER,petrol,Manual,21.79 kmpl,998 CC,67.05 bhp,24@ 1900(kgm@ rpm),5.0,120000
Honda City,Honda,City,3,31543,Dealer,Petrol,Manual,16.8 kmpl,1497 CC,116.3 bhp,91Nm@ 3500rpm,5.0,875000
Maruti Wagon R,Maruti,Wagon R,11,80875,Dealer,PETROL,Manual,18.9 kmpl,998 CC,67.1 bhp,190Nm@ 2000rpm,5.0,250000
Volkswagen Polo,Volkswagen,Polo,4,55000,  Dealer ,Petrol,Manual,16.2 kmpl,1199 CC,74.0 bhp,113Nm@ 4000rpm,,675000
BMW X1,BMW,X1,5,40000,Individual,DIESEL,Automatic,20.68 kmpl,,188.0 bhp,,5.0,2900000
Hyundai i20,Hyundai,i20,3,25000,Individual,Petrol,Manual,17.19 kmpl,1197 CC,81.86 bhp,24@ 1900(kgm@ rpm),5.0,690000
Maruti Swift,Maruti,Swift,4,95079,Dealer,DIESEL,Manual,25.2 kmpl,1248 CC,74.0 bhp,200Nm@ 1750rpm,5.0,610000
Hyundai i20,Hyundai,i20,6,39000,DEALER,Petrol,Manual,18.6 kmpl,1197 CC,81.83 bhp,24@ 1900(kgm@ rpm),5.0,526000
Audi A6,Audi,A6,8,60000,individual,Diesel,Automatic,17.68 kmpl,1968 CC,,170Nm@ 1800-2400rpm,5.0,1500000
Maruti Swift Dzire,Maruti,Swift Dzire,5,80000,Individual,Diesel,Manual,26.59 kmpl,1248 CC,74.0 bhp,190Nm@ 2000rpm,5.0,450000
Honda WR-V,Honda,WR-V,4,62736,dealer,Diesel,Manual,25.5 kmpl,1498 CC,98.6 bhp,190Nm@ 2000rpm,5.0,785000
Volkswagen Polo,Volkswagen,Polo,6,32000,Dealer,  Petrol ,Manual,16.2 kmpl,1199 CC,74.0 bhp,250Nm@ 1500-2500rpm,5.0,615000
Maruti Wagon R,Maruti,Wagon R,15,65000,DEALER,Petrol,Manual,18.9 kmpl,998 CC,67.1 bhp,24@ 1900(kgm@ rpm),,175000
Tata Tiago,Tata,Tiago,5,60000,INDIVIDUAL,Diesel,Manual,27.28 kmpl,1047 CC,69.0 bhp,24@ 1900(kgm@ rpm),5.0,400000
Maruti Alto,Maruti,Alto,5,67100,Dealer,petrol,Manual,22.74 kmpl,796 CC,47.3 bhp,250Nm@ 1500-2500rpm,5.0,275000
Maruti Swift,Maruti,Swift,8,70400,dealer,PETROL,Manual,22.0 kmpl,1197 CC,81.8 bhp,190Nm@ 2000rpm,5.0,425000
Hyundai i20,Hyundai,i20,3,25000,Individual,Petrol,Manual,18.6 kmpl,1197 CC,81.83 bhp,170Nm@ 1800-2400rpm,5.0,770000
Hyundai i20,Hyundai,i20,6,12000,Dealer,PETROL,Manual,18.6 kmpl,1197 CC,81.83 bhp,113Nm@ 4000rpm,5.0,625000
Hyundai Creta,Hyundai,Creta,2,15000,INDIVIDUAL,Diesel,Manual,22.1 kmpl,1396 CC,88.7 bhp,250Nm@ 1500-2500rpm,5.0,1050000
Hyundai Verna,Hyundai,Verna,8,78000,Dealer,Diesel,Manual,22.32 kmpl,1582 CC,126.3 bhp,"12.7@ 2,700(kgm@ rpm)",,450000
Audi A4,Audi,A4,10,100000,Dealer,DIESEL,Automatic,16.55 kmpl,1968 CC,147.51 bhp,170Nm@ 1800-2400rpm,5.0,1150000
Toyota Innova,Toyota,Innova,10,118000,Dealer,DIESEL,Manual,12.8 kmpl,2494 CC,102.0 bhp,170Nm@ 1800-2400rpm,8.0,721000
Mahindra Bolero,Mahindra,Bolero,7,45000,  Dealer ,DIESEL,Manual,16.5 kmpl,1493 CC,70.0 bhp,200Nm@ 1750rpm,7.0,635000
Volkswagen Polo,Volkswagen,Polo,7,18520,Dealer,Petrol,Manual,,1199 CC,74.0 bhp,113Nm@ 4000rpm,5.0,465000
Mahindra XUV500,Mahindra,XUV500,3,50000,INDIVIDUAL,  Diesel ,Manual,16.0 kmpl,2179 CC,140.0 bhp,24@ 1900(kgm@ rpm),7.0,1050000
Mahindra Scorpio,Mahindra,Scorpio,9,68000,dealer,diesel,Manual,12.05 kmpl,2179 CC,120.0 bhp,200Nm@ 1750rpm,8.0,450000
Maruti Swift,Maruti,Swift,4,95000,Dealer,DIESEL,Manual,28.4 kmpl,1248 CC,74.0 bhp,200Nm@ 1750rpm,5.0,615000
Maruti Swift Dzire,Maruti,Swift Dzire,7,112000,Dealer,diesel,Manual,23.4 kmpl,1248 CC,74.0 bhp,"12.7@ 2,700(kgm@ rpm)",5.0,550000
Honda City,Honda,City,6,56000,INDIVIDUAL,diesel,Manual,25.1 kmpl,1498 CC,98.6 bhp,170Nm@ 1800-2400rpm,5.0,690000
Ford Figo,Ford,Figo,9,43500,Dealer,Diesel,Manual,20.0 kmpl,1399 CC,68.0 bhp,190Nm@ 2000rpm,5.0,310000
Maruti Alto,Maruti,Alto,9,60000,INDIVIDUAL,Petrol,Manual,20.92 kmpl,998 CC,67.1 bhp,190Nm@ 2000rpm,5.0,210000
Mercedes-Benz E-Class,Mercedes-Benz,E-Class,7,54000,dealer,Diesel,Automatic,10.0 kmpl,2148 CC,170.0 bhp,190Nm@ 2000rpm,5.0,1475000
Hyundai Grand,Hyundai,Grand,4,30000,INDIVIDUAL,Petrol,Manual,18.9 kmpl,1197 CC,81.86 bhp,91Nm@ 3500rpm,5.0,480000
Renault KWID,Renault,KWID,5,95518,DEALER,Petrol,Manual,23.01 kmpl,999 CC,67.0 bhp,250Nm@ 1500-2500rpm,,295000
Maruti Ertiga,Maruti,Ertiga,7,48000,Dealer,  Diesel ,Manual,20.77 kmpl,1248 CC,88.76 bhp,24@ 1900(kgm@ rpm),7.0,570000
Toyota Fortuner,Toyota,Fortuner,9,133342,DEALER,diesel,Automatic,11.5 kmpl,2982 CC,169.0 bhp,170Nm@ 1800-2400rpm,7.0,1450000
Maruti Alto,Maruti,Alto,5,71000,Dealer,PETROL,Manual,24.7 kmpl,796 CC,47.3 bhp,170Nm@ 1800-2400rpm,5.0,299000
Tata Tigor,Tata,Tigor,3,65000,Individual,Diesel,Manual,24.7 kmpl,1047 CC,69.0 bhp,190Nm@ 2000rpm,5.0,600000
Ford Ecosport,Ford,Ecosport,4,45400,dealer,PETROL,Manual,18.88 kmpl,999 CC,123.24 bhp,200Nm@ 1750rpm,5.0,700000
Volkswagen Polo,Volkswagen,Polo,6,7000,DEALER,Petrol,Manual,16.2 kmpl,1199 CC,74.0 bhp,200Nm@ 1750rpm,5.0,615000
Maruti Swift Dzire,Maruti,Swift Dzire,3,20000,  Dealer ,Petrol,Automatic,22.0 kmpl,1197 CC,81.8 bhp,200Nm@ 1750rpm,5.0,725000
Ford Ecosport,Ford,Ecosport,3,18000,Dealer,Diesel,Manual,23.0 kmpl,1498 CC,98.96 bhp,113Nm@ 4000rpm,,1050000
Hyundai i20,Hyundai,i20,3,50000,Individual,Petrol,Manual,18.6 kmpl,1197 CC,81.83 bhp,113Nm@ 4000rpm,5.0,660000
Hyundai i20,Hyundai,i20,8,14258,dealer,Petrol,Manual,18.6 kmpl,1197 CC,81.83 bhp,170Nm@ 1800-2400rpm,5.0,445000
Ford Figo,Ford,Figo,8,120000,Individual,Diesel,Manual,20.0 kmpl,,68.1 bhp,,5.0,230000
Ford Ecosport,Ford,Ecosport,3,31668,  Dealer ,  Petrol ,Automatic,14.8 kmpl,1497 CC,121.36 bhp,91Nm@ 3500rpm,5.0,935000
Honda Amaze,Honda,Amaze,3,30000,  Individual ,Petrol,Manual,17.8 kmpl,1198 CC,86.7 bhp,200Nm@ 1750rpm,5.0,500000
Tata Tiago,Tata,Tiago,4,80000,INDIVIDUAL,petrol,Manual,23.84 kmpl,1199 CC,84.0 bhp,"12.7@ 2,700(kgm@ rpm)",5.0,420000
Volkswagen Polo,Volkswagen,Polo,5,63000,Dealer,Diesel,Manual,20.14 kmpl,1498 CC,88.0 bhp,190Nm@ 2000rpm,5.0,510000
Maruti Swift,Maruti,Swift,4,55000,Dealer,Petrol,Manual,20.4 kmpl,1197 CC,83.11 bhp,200Nm@ 1750rpm,5.0,450000
Mahindra Scorpio,Mahindra,Scorpio,4,35373,Dealer,DIESEL,Manual,15.4 kmpl,1997 CC,120.0 bhp,24@ 1900(kgm@ rpm),9.0,975000
Maruti Swift Dzire,Maruti,Swift Dzire,7,43000,DEALER,Petrol,Manual,20.85 kmpl,1197 CC,83.14 bhp,170Nm@ 1800-2400rpm,5.0,395000
Honda Amaze,Honda,Amaze,3,11297,Dealer,Diesel,Manual,24.7 kmpl,1498 CC,98.63 bhp,24@ 1900(kgm@ rpm),5.0,720000
Maruti Baleno,Maruti,Baleno,3,14000,Dealer,diesel,Manual,27.39 kmpl,1248 CC,74.0 bhp,170Nm@ 1800-2400rpm,5.0,730000
Hyundai i20,Hyundai,i20,7,75000,Dealer,Diesel,Manual,23.0 kmpl,1396 CC,90.0 bhp,190Nm@ 2000rpm,5.0,600000
Skoda Rapid,Skoda,Rapid,7,71000,Dealer,  Diesel ,Automatic,21.66 kmpl,1498 CC,103.52 bhp,"12.7@ 2,700(kgm@ rpm)",5.0,550000
Hyundai i20,Hyundai,i20,2,9000,dealer,Petrol,Manual,17.19 kmpl,1197 CC,81.86 bhp,91Nm@ 3500rpm,5.0,675000
Hyundai i10,Hyundai,i10,6,27599,Trustmark Dealer,Petrol,Manual,19.81 kmpl,1086 CC,68.05 bhp,24@ 1900(kgm@ rpm),5.0,350000
Skoda Rapid,Skoda,Rapid,4,18000,Individual,Petrol,Automatic,14.84 kmpl,1598 CC,103.2 bhp,250Nm@ 1500-2500rpm,5.0,850000
Honda Jazz,Honda,Jazz,3,44503,Dealer,Petrol,Manual,18.7 kmpl,1199 CC,88.7 bhp,24@ 1900(kgm@ rpm),5.0,600000
Maruti Wagon R,Maruti,Wagon R,5,30000,Dealer,cng,Manual,26.2 km/kg,998 CC,58.2 bhp,,5.0,375000
Maruti Alto,Maruti,Alto,16,40000,Individual,PETROL,Manual,19.7 kmpl,796 CC,46.3 bhp,91Nm@ 3500rpm,5.0,121000
Toyota Innova,Toyota,Innova,6,56212,Dealer,  Diesel ,Manual,12.99 kmpl,2494 CC,100.0 bhp,170Nm@ 1800-2400rpm,7.0,1200000
Maruti Wagon R,Maruti,Wagon R,5,120000,Individual,petrol,Manual,20.51 kmpl,998 CC,67.04 bhp,"12.7@ 2,700(kgm@ rpm)",5.0,300000
Hyundai Creta,Hyundai,Creta,6,84918,Dealer,Diesel,Automatic,17.01 kmpl,1582 CC,126.2 bhp,250Nm@ 1500-2500rpm,5.0,917000
Skoda Superb,Skoda,Superb,11,55000,Individual,Petrol,Automatic,13.7 kmpl,1798 CC,157.75 bhp,91Nm@ 3500rpm,5.0,345000
Honda City,Honda,City,4,27000,Dealer,  Petrol ,Manual,17.8 kmpl,1497 CC,117.3 bhp,91Nm@ 3500rpm,5.0,875000
Maruti Ciaz,Maruti,Ciaz,6,40000,Individual,Diesel,Manual,26.21 kmpl,1248 CC,88.5 bhp,"12.7@ 2,700(kgm@ rpm)",5.0,549000
Maruti Swift,Maruti,Swift,7,60000,Dealer,Diesel,Manual,28.4 kmpl,1248 CC,74.0 bhp,,,475000
Maruti Swift,Maruti,Swift,4,50000,Individual,Diesel,Manual,28.4 kmpl,1248 CC,74.0 bhp,170Nm@ 1800-2400rpm,5.0,500000
Hyundai Verna,Hyundai,Verna,3,60000,Individual,diesel,Manual,22.0 kmpl,1582 CC,126.2 bhp,"12.7@ 2,700(kgm@ rpm)",5.0,1150000
Volkswagen Vento,Volkswagen,Vento,7,59200,Dealer,Petrol,Automatic,16.93 kmpl,1197 CC,,170Nm@ 1800-2400rpm,5.0,540000
Maruti Swift Dzire,Maruti,Swift Dzire,3,50000,  Individual ,Diesel,Manual,28.4 kmpl,1248 CC,,91Nm@ 3500rpm,5.0,600000
Maruti Swift Dzire,Maruti,Swift Dzire,7,59500,Individual,Diesel,Manual,23.4 kmpl,1248 CC,74.0 bhp,190Nm@ 2000rpm,5.0,560000
Honda City,Honda,City,3,10000,Individual,Petrol,Automatic,18.0 kmpl,1497 CC,117.6 bhp,24@ 1900(kgm@ rpm),5.0,1150000
Hyundai i10,Hyundai,i10,13,73000,Dealer,  Petrol ,Manual,19.81 kmpl,1086 CC,68.05 bhp,24@ 1900(kgm@ rpm),5.0,180000
Maruti Wagon R,Maruti,Wagon R,5,24000,Dealer,Petrol,Manual,21.79 kmpl,998 CC,67.05 bhp,250Nm@ 1500-2500rpm,5.0,450000
Maruti Wagon R,Maruti,Wagon R,13,110000,Individual,Petrol,Manual,18.9 kmpl,1061 CC,67.0 bhp,91Nm@ 3500rpm,5.0,125000
Ford Ecosport,Ford,Ecosport,6,30000,individual,  Petrol ,Manual,15.9 kmpl,1496 CC,120.69 bhp,"12.7@ 2,700(kgm@ rpm)",5.0,670000
Skoda Rapid,Skoda,Rapid,7,52135,Dealer,diesel,Manual,20.5 kmpl,1598 CC,103.5 bhp,24@ 1900(kgm@ rpm),5.0,610000
Hyundai i20,Hyundai,i20,2,31800,DEALER,DIESEL,Manual,22.54 kmpl,1396 CC,88.76 bhp,250Nm@ 1500-2500rpm,5.0,730000
Honda Amaze,Honda,Amaze,6,21000,Dealer,Petrol,Manual,,1198 CC,86.7 bhp,"12.7@ 2,700(kgm@ rpm)",5.0,435000
Porsche Cayenne,Porsche,Cayenne,5,47000,Dealer,Diesel,Automatic,15.15 kmpl,2967 CC,240.0 bhp,170Nm@ 1800-2400rpm,5.0,5975000
Maruti Baleno,Maruti,Baleno,2,15103,Dealer,Petrol,Manual,21.01 kmpl,1197 CC,81.8 bhp,170Nm@ 1800-2400rpm,5.0,620000
Honda Amaze,Honda,Amaze,3,36951,Dealer,Diesel,Manual,24.7 kmpl,1498 CC,98.63 bhp,91Nm@ 3500rpm,5.0,780000
Mercedes-Benz GL-Class,Mercedes-Benz,GL-Class,5,61000,dealer,  Diesel ,Automatic,12.0 kmpl,2987 CC,224.0 bhp,"12.7@ 2,700(kgm@ rpm)",7.0,4660000
Skoda Rapid,Skoda,Rapid,5,39000,Dealer,  Petrol ,Automatic,,1598 CC,103.52 bhp,170Nm@ 1800-2400rpm,5.0,625000
Hyundai i20,Hyundai,i20,8,70000,Dealer,diesel,Manual,21.9 kmpl,1396 CC,88.76 bhp,190Nm@ 2000rpm,5.0,445000
Honda City,Honda,City,5,46000,Dealer,DIESEL,Manual,26.0 kmpl,1498 CC,98.6 bhp,113Nm@ 4000rpm,5.0,650000
Hyundai Grand,Hyundai,Grand,3,20000,Individual,PETROL,Manual,18.9 kmpl,1197 CC,81.86 bhp,113Nm@ 4000rpm,,625000
Maruti Alto,Maruti,Alto,7,10595,Dealer,PETROL,Automatic,23.95 kmpl,998 CC,67.05 bhp,24@ 1900(kgm@ rpm),5.0,325000
Maruti Swift Dzire,Maruti,Swift Dzire,8,47500,Individual,diesel,Manual,23.4 kmpl,1248 CC,74.0 bhp,250Nm@ 1500-2500rpm,5.0,625000
Hyundai Grand,Hyundai,Grand,3,58000,  Individual ,petrol,Automatic,18.9 kmpl,1197 CC,81.86 bhp,170Nm@ 1800-2400rpm,5.0,440000
Honda Civic,Honda,Civic,14,60000,Individual,Petrol,Automatic,12.9 kmpl,1799 CC,130.0 bhp,250Nm@ 1500-2500rpm,5.0,320000
Honda City,Honda,City,6,63000,dealer,Diesel,Manual,26.0 kmpl,1498 CC,98.6 bhp,91Nm@ 3500rpm,5.0,575000
Mercedes-Benz S-Class,Mercedes-Benz,S-Class,11,52000,  Dealer ,PETROL,Automatic,10.13 kmpl,3498 CC,364.9 bhp,170Nm@ 1800-2400rpm,5.0,1750000
Hyundai i20,Hyundai,i20,5,50000,individual,Diesel,Manual,21.19 kmpl,1396 CC,88.73 bhp,200Nm@ 1750rpm,5.0,700000
Maruti Swift Dzire,Maruti,Swift Dzire,12,40000,Individual,Petrol,Manual,,1298 CC,85.8 bhp,91Nm@ 3500rpm,5.0,370000
Maruti Swift,Maruti,Swift,4,56145,Dealer,Diesel,Manual,28.4 kmpl,1248 CC,,"12.7@ 2,700(kgm@ rpm)",5.0,659000
Maruti Ertiga,Maruti,Ertiga,6,51342,Dealer,Petrol,Manual,16.02 kmpl,1373 CC,93.7 bhp,170Nm@ 1800-2400rpm,7.0,550000
Maruti Wagon R,Maruti,Wagon R,6,70000,Individual,Petrol,Manual,20.51 kmpl,998 CC,67.04 bhp,250Nm@ 1500-2500rpm,5.0,380000
Toyota Fortuner,Toyota,Fortuner,10,85000,Dealer,Diesel,Manual,11.5 kmpl,2982 CC,171.0 bhp,190Nm@ 2000rpm,7.0,1100000
Land Rover Rover,Land Rover,Rover,2,18100,Dealer,  Diesel ,Automatic,12.83 kmpl,2179 CC,147.5 bhp,"12.7@ 2,700(kgm@ rpm)",7.0,4500000
Hyundai Venue,Hyundai,Venue,2,10000,individual,Petrol,Manual,18.27 kmpl,998 CC,118.35 bhp,113Nm@ 4000rpm,5.0,950000
Hyundai Creta,Hyundai,Creta,4,40000,INDIVIDUAL,DIESEL,Manual,19.67 kmpl,1582 CC,126.2 bhp,200Nm@ 1750rpm,5.0,1250000
Hyundai i20,Hyundai,i20,11,90000,individual,diesel,Manual,23.0 kmpl,1396 CC,90.0 bhp,200Nm@ 1750rpm,5.0,310000
BMW 3,BMW,3,7,50000,Dealer,Diesel,Automatic,18.88 kmpl,1995 CC,184.0 bhp,170Nm@ 1800-2400rpm,5.0,1700000
Mahindra XUV500,Mahindra,XUV500,8,60000,  Individual ,Diesel,Manual,15.1 kmpl,2179 CC,140.0 bhp,"12.7@ 2,700(kgm@ rpm)",7.0,600000
Maruti Wagon R,Maruti,Wagon R,12,113675,Dealer,petrol,Manual,14.0 kmpl,1061 CC,64.0 bhp,"12.7@ 2,700(kgm@ rpm)",5.0,180000
Maruti Swift Dzire,Maruti,Swift Dzire,10,75220,Dealer,Diesel,Manual,19.3 kmpl,1248 CC,73.9 bhp,24@ 1900(kgm@ rpm),5.0,390000
BMW X5,BMW,X5,2,7000,Dealer,DIESEL,Automatic,13.38 kmpl,2993 CC,265.0 bhp,,5.0,7985000
Mahindra Bolero,Mahindra,Bolero,18,120000,Individual,Diesel,Manual,13.6 kmpl,2523 CC,63.0 bhp,113Nm@ 4000rpm,7.0,100000
Toyota Innova,Toyota,Innova,3,79774,individual,Diesel,Manual,13.68 kmpl,2393 CC,147.8 bhp,200Nm@ 1750rpm,,1280000
Maruti Swift Dzire,Maruti,Swift Dzire,3,61000,Dealer,diesel,Automatic,28.4 kmpl,1248 CC,74.02 bhp,24@ 1900(kgm@ rpm),5.0,745000
Mahindra Bolero,Mahindra,Bolero,6,93648,INDIVIDUAL,Diesel,Manual,,2523 CC,62.1 bhp,"12.7@ 2,700(kgm@ rpm)",7.0,450000
Maruti Swift Dzire,Maruti,Swift Dzire,6,212000,Individual,Petrol,Manual,19.0 kmpl,1197 CC,,200Nm@ 1750rpm,5.0,200000
Maruti Wagon R,Maruti,Wagon R,5,39000,Individual,Petrol,Automatic,20.51 kmpl,998 CC,67.0 bhp,113Nm@ 4000rpm,5.0,395000
Maruti Wagon R,Maruti,Wagon R,13,44000,DEALER,Petrol,Manual,18.9 kmpl,1061 CC,67.0 bhp,24@ 1900(kgm@ rpm),5.0,165000
Maruti Swift Dzire,Maruti,Swift Dzire,6,85000,INDIVIDUAL,DIESEL,Manual,26.59 kmpl,1248 CC,74.0 bhp,91Nm@ 3500rpm,5.0,470000
Hyundai i20,Hyundai,i20,6,35213,DEALER,Diesel,Manual,22.54 kmpl,1396 CC,88.73 bhp,250Nm@ 1500-2500rpm,5.0,535000
Maruti Celerio,Maruti,Celerio,5,39500,Dealer,Diesel,Manual,27.62 kmpl,793 CC,47.0 bhp,91Nm@ 3500rpm,5.0,430000
Toyota Innova,Toyota,Innova,3,20000,Individual,Diesel,Manual,13.68 kmpl,2393 CC,147.8 bhp,91Nm@ 3500rpm,8.0,1600000
Hyundai Grand,Hyundai,Grand,6,65000,  Dealer ,Diesel,Manual,24.0 kmpl,1120 CC,70.0 bhp,91Nm@ 3500rpm,5.0,300000
Honda City,Honda,City,7,117000,DEALER,DIESEL,Manual,25.1 kmpl,1498 CC,98.6 bhp,113Nm@ 4000rpm,5.0,691000
Maruti Swift Dzire,Maruti,Swift Dzire,4,10000,Individual,petrol,Automatic,22.0 kmpl,1197 CC,,190Nm@ 2000rpm,5.0,630000
Maruti Swift,Maruti,Swift,8,30500,dealer,PETROL,Manual,22.0 kmpl,1197 CC,81.8 bhp,250Nm@ 1500-2500rpm,5.0,385000
Maruti Celerio,Maruti,Celerio,5,55000,Individual,petrol,Automatic,23.1 kmpl,998 CC,67.04 bhp,113Nm@ 4000rpm,5.0,480000
Mahindra Scorpio,Mahindra,Scorpio,8,95000,Individual,Diesel,Manual,12.05 kmpl,2179 CC,120.0 bhp,24@ 1900(kgm@ rpm),8.0,550000
Maruti Swift Dzire,Maruti,Swift Dzire,6,110000,Individual,Diesel,Manual,26.59 kmpl,1248 CC,74.0 bhp,190Nm@ 2000rpm,5.0,440000
BMW 5,BMW,5,6,113000,Dealer,Diesel,Automatic,18.48 kmpl,1995 CC,177.0 bhp,200Nm@ 1750rpm,5.0,2500000
Hyundai i10,Hyundai,i10,8,60000,Individual,Petrol,Manual,19.81 kmpl,1086 CC,68.05 bhp,200Nm@ 1750rpm,5.0,230000
Skoda Rapid,Skoda,Rapid,3,55000,Dealer,  Diesel ,Manual,21.14 kmpl,1498 CC,103.52 bhp,170Nm@ 1800-2400rpm,5.0,890000
Maruti Alto,Maruti,Alto,8,38600,Dealer,Petrol,Manual,20.92 kmpl,998 CC,67.1 bhp,24@ 1900(kgm@ rpm),5.0,229000
Audi Q7,Audi,Q7,8,48000,  Dealer ,Diesel,Automatic,,2967 CC,,190Nm@ 2000rpm,7.0,2011000
Maruti Swift,Maruti,Swift,13,34273,Dealer,petrol,Manual,16.1 kmpl,1298 CC,88.2 bhp,91Nm@ 3500rpm,5.0,190000
Mahindra Scorpio,Mahindra,Scorpio,2,90000,  Individual ,DIESEL,Manual,15.4 kmpl,2523 CC,75.0 bhp,170Nm@ 1800-2400rpm,7.0,800000
Tata Hexa,Tata,Hexa,3,57000,Individual,Diesel,Manual,17.6 kmpl,2179 CC,147.94 bhp,"12.7@ 2,700(kgm@ rpm)",7.0,1025000
BMW X3,BMW,X3,2,8620,  Dealer ,  Diesel ,Automatic,18.56 kmpl,1995 CC,,91Nm@ 3500rpm,5.0,6100000
Hyundai Grand,Hyundai,Grand,5,77000,individual,PETROL,Manual,18.9 kmpl,1197 CC,82.0 bhp,190Nm@ 2000rpm,5.0,500000
Hyundai Grand,Hyundai,Grand,7,40000,individual,Petrol,Manual,18.9 kmpl,1197 CC,82.0 bhp,190Nm@ 2000rpm,5.0,500000
Maruti Swift,Maruti,Swift,4,70000,Dealer,Diesel,Manual,25.2 kmpl,1248 CC,,113Nm@ 4000rpm,5.0,630000
Maruti Swift,Maruti,Swift,2,19587,dealer,  Petrol ,Automatic,22.0 kmpl,1197 CC,81.8 bhp,190Nm@ 2000rpm,5.0,800000
Maruti Wagon R,Maruti,Wagon R,6,90000,Individual,Petrol,Manual,20.51 kmpl,998 CC,67.04 bhp,170Nm@ 1800-2400rpm,5.0,300000
Ford Figo,Ford,Figo,8,70000,Individual,diesel,Manual,,1399 CC,68.1 bhp,113Nm@ 4000rpm,5.0,320000
Maruti Ertiga,Maruti,Ertiga,3,25000,Individual,petrol,Manual,17.5 kmpl,1373 CC,91.1 bhp,,7.0,720000
Maruti Alto,Maruti,Alto,11,27000,Dealer,PETROL,Manual,19.7 kmpl,796 CC,46.3 bhp,113Nm@ 4000rpm,5.0,220000
Maruti Celerio,Maruti,Celerio,6,33000,Dealer,Petrol,Manual,23.1 kmpl,998 CC,67.04 bhp,91Nm@ 3500rpm,5.0,370000
Hyundai i20,Hyundai,i20,6,90000,Individual,Diesel,Manual,22.54 kmpl,1396 CC,88.73 bhp,250Nm@ 1500-2500rpm,5.0,650000
Toyota Innova,Toyota,Innova,4,25000,Dealer,PETROL,Automatic,10.75 kmpl,2694 CC,163.7 bhp,200Nm@ 1750rpm,7.0,1750000
Hyundai i10,Hyundai,i10,9,63000,Dealer,petrol,Manual,20.36 kmpl,1197 CC,78.9 bhp,"12.7@ 2,700(kgm@ rpm)",5.0,355000
Volkswagen Polo,Volkswagen,Polo,5,40000,  Dealer ,  Petrol ,Automatic,17.21 kmpl,1197 CC,103.5 bhp,24@ 1900(kgm@ rpm),5.0,565000
Maruti Alto,Maruti,Alto,3,17000,DEALER,Petrol,Manual,22.74 kmpl,796 CC,47.3 bhp,190Nm@ 2000rpm,5.0,315000
Tata Safari,Tata,Safari,12,270000,individual,Diesel,Manual,11.57 kmpl,2179 CC,138.1 bhp,91Nm@ 3500rpm,7.0,120000
Ford Figo,Ford,Figo,5,68000,Dealer,Petrol,Manual,18.16 kmpl,1196 CC,86.8 bhp,113Nm@ 4000rpm,5.0,525000
Honda City,Honda,City,4,70000,Dealer,Petrol,Manual,17.4 kmpl,1497 CC,117.6 bhp,24@ 1900(kgm@ rpm),5.0,835000
Mahindra Scorpio,Mahindra,Scorpio,6,120000,Individual,Diesel,Manual,15.4 kmpl,2179 CC,120.0 bhp,170Nm@ 1800-2400rpm,7.0,900000
Hyundai Creta,Hyundai,Creta,5,64000,Dealer,DIESEL,Manual,19.67 kmpl,1582 CC,126.2 bhp,91Nm@ 3500rpm,5.0,1100000
Volkswagen Vento,Volkswagen,Vento,10,280000,Individual,Diesel,Manual,20.54 kmpl,1598 CC,103.6 bhp,,5.0,300000
Hyundai Grand,Hyundai,Grand,4,25100,Dealer,Petrol,Manual,18.9 kmpl,1197 CC,82.0 bhp,"12.7@ 2,700(kgm@ rpm)",5.0,549000
Maruti Wagon R,Maruti,Wagon R,11,150821,INDIVIDUAL,Petrol,Manual,18.9 kmpl,998 CC,,113Nm@ 4000rpm,5.0,160000
Maruti Swift Dzire,Maruti,Swift Dzire,5,50000,Individual,diesel,Manual,26.59 kmpl,1248 CC,74.0 bhp,91Nm@ 3500rpm,5.0,700000
Hyundai i20,Hyundai,i20,3,41000,Dealer,  Petrol ,Manual,17.19 kmpl,1197 CC,81.86 bhp,,5.0,650000
Ford Figo,Ford,Figo,4,40000,INDIVIDUAL,PETROL,Manual,18.12 kmpl,1196 CC,86.8 bhp,24@ 1900(kgm@ rpm),5.0,500000
Honda City,Honda,City,11,84768,Dealer,Petrol,Manual,17.0 kmpl,1497 CC,118.0 bhp,91Nm@ 3500rpm,5.0,275000
Toyota Fortuner,Toyota,Fortuner,10,87645,Dealer,Diesel,Manual,11.5 kmpl,2982 CC,171.0 bhp,"12.7@ 2,700(kgm@ rpm)",7.0,1050000
Volkswagen Polo,Volkswagen,Polo,6,47700,Dealer,Petrol,Automatic,17.21 kmpl,1197 CC,103.5 bhp,,5.0,695000
Toyota Innova,Toyota,Innova,4,57000,DEALER,DIESEL,Manual,13.68 kmpl,2393 CC,147.8 bhp,113Nm@ 4000rpm,7.0,1390000
Maruti Alto,Maruti,Alto,5,30000,individual,Petrol,Manual,22.74 kmpl,796 CC,47.3 bhp,250Nm@ 1500-2500rpm,5.0,225000
Renault Duster,Renault,Duster,8,110000,individual,Diesel,Manual,19.87 kmpl,1461 CC,83.8 bhp,113Nm@ 4000rpm,5.0,415000
Maruti Wagon R,Maruti,Wagon R,10,12000,Dealer,PETROL,Manual,21.5 kmpl,1197 CC,81.8 bhp,200Nm@ 1750rpm,5.0,290000
Maruti Ciaz,Maruti,Ciaz,2,20000,individual,petrol,Manual,21.56 kmpl,1462 CC,103.25 bhp,200Nm@ 1750rpm,5.0,820000
Datsun RediGO,Datsun,RediGO,4,18900,DEALER,Petrol,Manual,22.7 kmpl,799 CC,53.64 bhp,200Nm@ 1750rpm,5.0,245000
Renault KWID,Renault,KWID,5,64000,DEALER,Petrol,Manual,22.3 kmpl,799 CC,53.26 bhp,24@ 1900(kgm@ rpm),5.0,280000
Ford Ecosport,Ford,Ecosport,2,20000,individual,Petrol,Manual,17.0 kmpl,1497 CC,121.31 bhp,170Nm@ 1800-2400rpm,5.0,905000
Jaguar XF,Jaguar,XF,8,66000,Dealer,Diesel,Automatic,16.36 kmpl,2179 CC,187.7 bhp,250Nm@ 1500-2500rpm,5.0,1750000
Mercedes-Benz E-Class,Mercedes-Benz,E-Class,7,42005,DEALER,Diesel,Automatic,13.0 kmpl,2143 CC,204.0 bhp,113Nm@ 4000rpm,5.0,1575000
Jaguar XF,Jaguar,XF,7,26000,Dealer,Diesel,Automatic,16.36 kmpl,2179 CC,187.7 bhp,91Nm@ 3500rpm,5.0,2550000
Mercedes-Benz C-Class,Mercedes-Benz,C-Class,7,134000,dealer,diesel,Automatic,14.84 kmpl,2143 CC,170.0 bhp,"12.7@ 2,700(kgm@ rpm)",5.0,1200000
Ford Figo,Ford,Figo,9,46573,Dealer,Petrol,Manual,15.6 kmpl,1196 CC,70.0 bhp,113Nm@ 4000rpm,5.0,269000
Hyundai i20,Hyundai,i20,6,70000,individual,Diesel,Manual,22.54 kmpl,1396 CC,88.73 bhp,200Nm@ 1750rpm,5.0,595000
Maruti Alto,Maruti,Alto,5,24779,Dealer,  Petrol ,Automatic,23.95 kmpl,998 CC,67.05 bhp,190Nm@ 2000rpm,5.0,360000
Honda Jazz,Honda,Jazz,5,26000,Individual,Petrol,Manual,18.7 kmpl,1199 CC,88.7 bhp,190Nm@ 2000rpm,5.0,500000
Mahindra Scorpio,Mahindra,Scorpio,6,100000,Individual,  Diesel ,Manual,15.4 kmpl,2179 CC,120.0 bhp,91Nm@ 3500rpm,7.0,850000
BMW 3,BMW,3,9,50000,individual,Diesel,Automatic,18.88 kmpl,1995 CC,184.0 bhp,200Nm@ 1750rpm,5.0,1200000
Land Rover Rover,Land Rover,Rover,6,56000,Dealer,DIESEL,Automatic,12.7 kmpl,2179 CC,187.7 bhp,170Nm@ 1800-2400rpm,5.0,3700000
Hyundai Venue,Hyundai,Venue,2,27000,Dealer,PETROL,Manual,,998 CC,118.35 bhp,"12.7@ 2,700(kgm@ rpm)",5.0,995000
Honda City,Honda,City,6,87828,Dealer,Petrol,Manual,17.4 kmpl,1497 CC,117.3 bhp,113Nm@ 4000rpm,5.0,595000
Maruti Swift,Maruti,Swift,4,25000,Dealer,Petrol,Manual,20.4 kmpl,1197 CC,81.8 bhp,113Nm@ 4000rpm,5.0,625000
Maruti Wagon R,Maruti,Wagon R,5,44000,  Dealer ,CNG,Manual,26.6 km/kg,998 CC,58.16 bhp,"12.7@ 2,700(kgm@ rpm)",5.0,375000
Hyundai Santro,Hyundai,Santro,9,55324,dealer,Petrol,Manual,17.92 kmpl,1086 CC,62.1 bhp,"12.7@ 2,700(kgm@ rpm)",5.0,200000
Volkswagen Polo,Volkswagen,Polo,4,28000,dealer,Petrol,Automatic,17.21 kmpl,1197 CC,103.6 bhp,170Nm@ 1800-2400rpm,5.0,860000
Maruti Alto,Maruti,Alto,16,5000,Individual,PETROL,Manual,19.7 kmpl,796 CC,46.3 bhp,190Nm@ 2000rpm,5.0,95000
Maruti Swift Dzire,Maruti,Swift Dzire,6,57250,  Dealer ,Petrol,Manual,20.85 kmpl,1197 CC,83.14 bhp,91Nm@ 3500rpm,5.0,415000
Maruti Vitara,Maruti,Vitara,5,45417,Dealer,Diesel,Manual,24.3 kmpl,1248 CC,88.5 bhp,250Nm@ 1500-2500rpm,5.0,750000
Honda Amaze,Honda,Amaze,6,59861,Dealer,Petrol,Manual,18.0 kmpl,1198 CC,,190Nm@ 2000rpm,5.0,387000
Maruti Swift,Maruti,Swift,9,85000,Individual,Diesel,Manual,22.9 kmpl,1248 CC,74.0 bhp,24@ 1900(kgm@ rpm),5.0,400000
BMW 3,BMW,3,7,90000,  Dealer ,  Diesel ,Automatic,21.76 kmpl,1995 CC,188.0 bhp,250Nm@ 1500-2500rpm,5.0,2025000
Toyota Fortuner,Toyota,Fortuner,7,48000,dealer,Diesel,Automatic,12.55 kmpl,2982 CC,168.5 bhp,113Nm@ 4000rpm,7.0,1590000
Renault KWID,Renault,KWID,5,25000,individual,PETROL,Manual,23.01 kmpl,999 CC,67.0 bhp,24@ 1900(kgm@ rpm),5.0,300000
Maruti Alto,Maruti,Alto,5,31488,Dealer,  Petrol ,Manual,24.7 kmpl,,47.3 bhp,,5.0,300000
Maruti Ciaz,Maruti,Ciaz,6,35000,individual,Petrol,Manual,20.73 kmpl,1373 CC,91.1 bhp,91Nm@ 3500rpm,5.0,600000
Volkswagen Vento,Volkswagen,Vento,4,49000,Dealer,Diesel,Automatic,22.15 kmpl,1498 CC,108.6 bhp,250Nm@ 1500-2500rpm,5.0,950000
Maruti Baleno,Maruti,Baleno,4,26000,INDIVIDUAL,  Petrol ,Automatic,21.4 kmpl,1197 CC,83.1 bhp,91Nm@ 3500rpm,5.0,850000
Mercedes-Benz GL-Class,Mercedes-Benz,GL-Class,7,89000,Dealer,Diesel,Automatic,11.3 kmpl,2987 CC,254.8 bhp,113Nm@ 4000rpm,7.0,3450000
Tata Tiago,Tata,Tiago,4,57000,dealer,Petrol,Manual,23.84 kmpl,1199 CC,84.0 bhp,113Nm@ 4000rpm,5.0,421000
Volkswagen Polo,Volkswagen,Polo,6,28500,dealer,Diesel,Manual,20.14 kmpl,1498 CC,88.7 bhp,91Nm@ 3500rpm,5.0,435000
Maruti Wagon R,Maruti,Wagon R,13,84915,  Dealer ,lpg,Manual,17.3 km/kg,1061 CC,57.5 bhp,200Nm@ 1750rpm,5.0,175000
Renault KWID,Renault,KWID,3,48353,Dealer,Petrol,Manual,25.17 kmpl,799 CC,53.3 bhp,"12.7@ 2,700(kgm@ rpm)",5.0,247000
Hyundai Grand,Hyundai,Grand,5,8700,Dealer,Petrol,Manual,18.9 kmpl,1197 CC,82.0 bhp,113Nm@ 4000rpm,5.0,450000
MG Hector,MG,Hector,2,8100,DEALER,Petrol,Manual,15.81 kmpl,,141.0 bhp,,5.0,1855000
Toyota Innova,Toyota,Innova,4,80000,  Individual ,Diesel,Manual,13.68 kmpl,2393 CC,147.8 bhp,170Nm@ 1800-2400rpm,8.0,1780000
Maruti Swift,Maruti,Swift,10,225000,Individual,diesel,Manual,22.9 kmpl,1248 CC,74.0 bhp,190Nm@ 2000rpm,5.0,325000
Hyundai Creta,Hyundai,Creta,4,34800,Dealer,Petrol,Manual,13.0 kmpl,1591 CC,121.3 bhp,170Nm@ 1800-2400rpm,5.0,1150000
Hyundai Verna,Hyundai,Verna,12,78666,Dealer,Diesel,Manual,22.32 kmpl,1582 CC,126.32 bhp,24@ 1900(kgm@ rpm),5.0,160000
Hyundai Verna,Hyundai,Verna,3,22000,Dealer,Petrol,Manual,,1591 CC,121.3 bhp,170Nm@ 1800-2400rpm,5.0,910000
Mercedes-Benz E-Class,Mercedes-Benz,E-Class,5,29000,individual,DIESEL,Automatic,13.0 kmpl,2987 CC,265.0 bhp,170Nm@ 1800-2400rpm,5.0,3500000
Mahindra Scorpio,Mahindra,Scorpio,8,67000,Dealer,Diesel,Manual,15.4 kmpl,2179 CC,120.0 bhp,190Nm@ 2000rpm,9.0,550000
Mahindra Bolero,Mahindra,Bolero,4,68000,Dealer,Diesel,Manual,16.5 kmpl,1493 CC,70.0 bhp,170Nm@ 1800-2400rpm,7.0,515000
Maruti Ciaz,Maruti,Ciaz,6,78000,Dealer,DIESEL,Manual,,1248 CC,88.5 bhp,190Nm@ 2000rpm,,575000
Ford Figo,Ford,Figo,6,75001,Dealer,DIESEL,Manual,25.83 kmpl,,99.0 bhp,,5.0,450000
Audi A4,Audi,A4,10,61000,Individual,DIESEL,Automatic,15.2 kmpl,1968 CC,140.8 bhp,"12.7@ 2,700(kgm@ rpm)",5.0,1000000
Honda Amaze,Honda,Amaze,7,27233,Dealer,Diesel,Manual,27.4 kmpl,1498 CC,98.63 bhp,91Nm@ 3500rpm,5.0,465000
Hyundai i20,Hyundai,i20,6,67000,dealer,Diesel,Manual,22.54 kmpl,1396 CC,88.73 bhp,250Nm@ 1500-2500rpm,5.0,500000
BMW X3,BMW,X3,4,49000,Dealer,Diesel,Automatic,16.55 kmpl,2993 CC,258.0 bhp,113Nm@ 4000rpm,5.0,3900000
Maruti Alto,Maruti,Alto,4,15798,  Dealer ,PETROL,Manual,23.95 kmpl,998 CC,67.05 bhp,190Nm@ 2000rpm,5.0,365000
Volkswagen Vento,Volkswagen,Vento,6,52000,Dealer,  Petrol ,Manual,16.09 kmpl,1598 CC,103.2 bhp,,5.0,495000
Honda City,Honda,City,6,51000,  Dealer ,Petrol,Manual,17.4 kmpl,1497 CC,117.6 bhp,"12.7@ 2,700(kgm@ rpm)",5.0,625000
Honda Amaze,Honda,Amaze,5,56348,DEALER,Petrol,Manual,17.8 kmpl,1198 CC,86.7 bhp,113Nm@ 4000rpm,5.0,400000
Maruti Ciaz,Maruti,Ciaz,3,65120,Dealer,Petrol,Manual,,1373 CC,91.1 bhp,250Nm@ 1500-2500rpm,5.0,850000
Datsun RediGO,Datsun,RediGO,5,35000,Individual,  Petrol ,Manual,22.7 kmpl,799 CC,53.64 bhp,170Nm@ 1800-2400rpm,5.0,300000
Ford Ecosport,Ford,Ecosport,8,50000,dealer,  Petrol ,Automatic,16.5 kmpl,1499 CC,110.0 bhp,24@ 1900(kgm@ rpm),5.0,535000
Mahindra Bolero,Mahindra,Bolero,8,120000,individual,DIESEL,Manual,15.96 kmpl,2523 CC,,170Nm@ 1800-2400rpm,7.0,510000
Toyota Innova,Toyota,Innova,7,145000,INDIVIDUAL,Diesel,Manual,12.99 kmpl,2494 CC,100.6 bhp,,7.0,930000
Ford Ecosport,Ford,Ecosport,5,79000,DEALER,Diesel,Manual,,1498 CC,98.96 bhp,170Nm@ 1800-2400rpm,5.0,550000
Maruti Swift Dzire,Maruti,Swift Dzire,5,80000,dealer,Petrol,Manual,20.85 kmpl,1197 CC,83.14 bhp,250Nm@ 1500-2500rpm,5.0,450000
Ford Figo,Ford,Figo,6,120000,individual,Diesel,Manual,20.0 kmpl,1399 CC,68.05 bhp,24@ 1900(kgm@ rpm),5.0,280000
Hyundai i20,Hyundai,i20,5,88098,Dealer,Diesel,Manual,21.9 kmpl,1396 CC,90.0 bhp,113Nm@ 4000rpm,5.0,660000
Ford Figo,Ford,Figo,9,79000,Dealer,diesel,Manual,20.0 kmpl,1399 CC,68.0 bhp,24@ 1900(kgm@ rpm),5.0,365000
Hyundai i20,Hyundai,i20,2,5000,Individual,Petrol,Manual,18.6 kmpl,1197 CC,81.86 bhp,190Nm@ 2000rpm,5.0,624000
Mahindra XUV500,Mahindra,XUV500,9,70000,Dealer,diesel,Manual,15.1 kmpl,2179 CC,140.0 bhp,170Nm@ 1800-2400rpm,7.0,740000
Ford Figo,Ford,Figo,8,51000,Dealer,DIESEL,Manual,,1399 CC,68.0 bhp,250Nm@ 1500-2500rpm,5.0,345000
Hyundai Verna,Hyundai,Verna,7,40000,  Individual ,Diesel,Manual,22.32 kmpl,1582 CC,126.3 bhp,170Nm@ 1800-2400rpm,5.0,525000
Mahindra Scorpio,Mahindra,Scorpio,11,49000,dealer,  Diesel ,Manual,,2179 CC,120.0 bhp,24@ 1900(kgm@ rpm),7.0,399000
Volkswagen Polo,Volkswagen,Polo,7,43000,dealer,Petrol,Manual,16.47 kmpl,1198 CC,73.9 bhp,200Nm@ 1750rpm,5.0,479000
Jaguar XF,Jaguar,XF,9,73000,  Dealer ,  Diesel ,Automatic,14.74 kmpl,2993 CC,270.9 bhp,24@ 1900(kgm@ rpm),5.0,1299000
Maruti Ignis,Maruti,Ignis,4,27726,dealer,PETROL,Automatic,20.89 kmpl,1197 CC,81.8 bhp,250Nm@ 1500-2500rpm,5.0,565000
Honda Amaze,Honda,Amaze,4,55000,Dealer,Petrol,Manual,17.8 kmpl,1198 CC,86.7 bhp,190Nm@ 2000rpm,5.0,479000
Maruti Swift,Maruti,Swift,6,50000,  Individual ,DIESEL,Manual,28.4 kmpl,1248 CC,74.0 bhp,190Nm@ 2000rpm,5.0,475000
Nissan Kicks,Nissan,Kicks,2,6200,Individual,Diesel,Manual,19.39 kmpl,1461 CC,108.0 bhp,170Nm@ 1800-2400rpm,5.0,1450000
Honda City,Honda,City,11,34000,  Dealer ,Petrol,Manual,17.0 kmpl,1497 CC,118.0 bhp,190Nm@ 2000rpm,5.0,325000
Maruti Alto,Maruti,Alto,4,28000,DEALER,Petrol,Manual,24.7 kmpl,796 CC,47.3 bhp,"12.7@ 2,700(kgm@ rpm)",5.0,340000
Tata Nexon,Tata,Nexon,3,31000,Dealer,Diesel,Automatic,21.5 kmpl,1497 CC,108.5 bhp,170Nm@ 1800-2400rpm,5.0,845000
Hyundai Grand,Hyundai,Grand,2,16000,Individual,Petrol,Automatic,18.9 kmpl,1197 CC,81.86 bhp,,5.0,575000
Mahindra Scorpio,Mahindra,Scorpio,10,82000,Dealer,Diesel,Manual,12.05 kmpl,2179 CC,120.0 bhp,91Nm@ 3500rpm,8.0,525000
Renault KWID,Renault,KWID,5,25000,Individual,Petrol,Manual,,799 CC,,190Nm@ 2000rpm,5.0,270000
Volkswagen Polo,Volkswagen,Polo,6,80000,dealer,Diesel,Manual,20.14 kmpl,1498 CC,88.5 bhp,91Nm@ 3500rpm,5.0,499000
Maruti Swift Dzire,Maruti,Swift Dzire,8,70000,  Dealer ,Diesel,Manual,23.4 kmpl,1248 CC,74.0 bhp,113Nm@ 4000rpm,5.0,340000
Ford Ecosport,Ford,Ecosport,7,81360,dealer,Diesel,Manual,22.7 kmpl,1498 CC,89.84 bhp,200Nm@ 1750rpm,5.0,451000
Toyota Innova,Toyota,Innova,6,120000,Dealer,DIESEL,Manual,12.99 kmpl,2494 CC,100.6 bhp,91Nm@ 3500rpm,8.0,1450000
Skoda Rapid,Skoda,Rapid,9,110000,DEALER,DIESEL,Manual,20.5 kmpl,1598 CC,103.5 bhp,190Nm@ 2000rpm,5.0,440000
Ford Ecosport,Ford,Ecosport,2,58000,Dealer,Petrol,Manual,17.0 kmpl,1497 CC,,91Nm@ 3500rpm,5.0,790000
Maruti Eeco,Maruti,Eeco,2,13000,Individual,Petrol,Manual,15.37 kmpl,1196 CC,73.0 bhp,170Nm@ 1800-2400rpm,5.0,340000
BMW X3,BMW,X3,4,40000,Individual,Diesel,Automatic,18.56 kmpl,1995 CC,190.0 bhp,91Nm@ 3500rpm,5.0,3750000
Maruti Alto,Maruti,Alto,6,50000,Individual,CNG,Manual,30.46 km/kg,796 CC,47.3 bhp,250Nm@ 1500-2500rpm,5.0,240000
Tata Tigor,Tata,Tigor,2,60000,Individual,Diesel,Manual,24.7 kmpl,1047 CC,69.0 bhp,250Nm@ 1500-2500rpm,5.0,700000
BMW X1,BMW,X1,9,65000,DEALER,Diesel,Automatic,15.06 kmpl,1995 CC,177.0 bhp,250Nm@ 1500-2500rpm,5.0,850000
BMW 5,BMW,5,7,41000,dealer,Diesel,Automatic,18.12 kmpl,1995 CC,190.0 bhp,113Nm@ 4000rpm,5.0,1890000
Hyundai Grand,Hyundai,Grand,8,91468,DEALER,diesel,Manual,24.0 kmpl,1120 CC,70.0 bhp,170Nm@ 1800-2400rpm,5.0,280000
Maruti Wagon R,Maruti,Wagon R,3,15000,Individual,  Petrol ,Manual,20.51 kmpl,998 CC,67.04 bhp,250Nm@ 1500-2500rpm,5.0,418000
Toyota Innova,Toyota,Innova,6,71000,dealer,DIESEL,Manual,12.99 kmpl,2494 CC,100.6 bhp,190Nm@ 2000rpm,7.0,1275000
MG Hector,MG,Hector,1,1005,Dealer,Diesel,Manual,17.41 kmpl,1956 CC,167.68 bhp,190Nm@ 2000rpm,5.0,1585000
Honda Amaze,Honda,Amaze,7,43000,  Dealer ,  Diesel ,Manual,25.8 kmpl,1498 CC,98.6 bhp,250Nm@ 1500-2500rpm,5.0,345000
Mahindra XUV500,Mahindra,XUV500,3,50000,Individual,diesel,Automatic,,2179 CC,152.87 bhp,113Nm@ 4000rpm,7.0,1300000
Tata Tiago,Tata,Tiago,4,9000,  Individual ,Petrol,Manual,23.84 kmpl,1199 CC,84.0 bhp,24@ 1900(kgm@ rpm),,410000
Tata Nexon,Tata,Nexon,3,18000,  Individual ,Diesel,Automatic,21.5 kmpl,,108.5 bhp,,5.0,1030000
Maruti Vitara,Maruti,Vitara,3,47588,DEALER,Diesel,Manual,24.3 kmpl,1248 CC,88.5 bhp,113Nm@ 4000rpm,5.0,900000
Mahindra Bolero,Mahindra,Bolero,1,2500,Individual,Diesel,Manual,15.96 kmpl,2523 CC,63.0 bhp,170Nm@ 1800-2400rpm,9.0,800000
Maruti Wagon R,Maruti,Wagon R,7,40000,INDIVIDUAL,Petrol,Manual,,998 CC,67.04 bhp,200Nm@ 1750rpm,5.0,300000
Mahindra XUV500,Mahindra,XUV500,4,65000,Dealer,Diesel,Automatic,16.0 kmpl,1997 CC,140.0 bhp,170Nm@ 1800-2400rpm,7.0,1175000
Volkswagen Polo,Volkswagen,Polo,8,46000,Dealer,Petrol,Manual,16.47 kmpl,1198 CC,73.9 bhp,170Nm@ 1800-2400rpm,5.0,365000
Hyundai i20,Hyundai,i20,9,43000,dealer,Diesel,Manual,22.54 kmpl,1396 CC,88.76 bhp,190Nm@ 2000rpm,5.0,400000
Maruti Swift Dzire,Maruti,Swift Dzire,6,79000,Dealer,Diesel,Manual,19.3 kmpl,1248 CC,73.9 bhp,"12.7@ 2,700(kgm@ rpm)",5.0,425000
Maruti Swift,Maruti,Swift,4,21000,Dealer,petrol,Manual,20.4 kmpl,1197 CC,83.11 bhp,24@ 1900(kgm@ rpm),5.0,495000
Hyundai Verna,Hyundai,Verna,10,78333,Dealer,Diesel,Manual,16.2 kmpl,,110.0 bhp,,5.0,450000
Mahindra XUV500,Mahindra,XUV500,4,30000,Dealer,diesel,Manual,16.0 kmpl,2179 CC,140.0 bhp,190Nm@ 2000rpm,,1475000
Honda City,Honda,City,12,65000,DEALER,Petrol,Manual,17.0 kmpl,1497 CC,118.0 bhp,250Nm@ 1500-2500rpm,5.0,272000
Honda Amaze,Honda,Amaze,2,30000,Individual,Diesel,Manual,27.4 kmpl,1498 CC,98.63 bhp,250Nm@ 1500-2500rpm,5.0,700000
Tata Nexon,Tata,Nexon,4,35000,INDIVIDUAL,Diesel,Manual,21.5 kmpl,1497 CC,108.5 bhp,91Nm@ 3500rpm,5.0,900000
Maruti Eeco,Maruti,Eeco,5,29000,  Dealer ,CNG,Manual,15.1 km/kg,1196 CC,73.0 bhp,"12.7@ 2,700(kgm@ rpm)",,295000
Hyundai i20,Hyundai,i20,5,91000,Individual,Diesel,Manual,22.54 kmpl,1396 CC,88.73 bhp,170Nm@ 1800-2400rpm,5.0,560000
Hyundai Grand,Hyundai,Grand,6,30000,Dealer,Petrol,Manual,18.9 kmpl,1197 CC,82.0 bhp,113Nm@ 4000rpm,5.0,495000
Mercedes-Benz GL-Class,Mercedes-Benz,GL-Class,5,40000,Dealer,diesel,Automatic,17.9 kmpl,2143 CC,170.0 bhp,170Nm@ 1800-2400rpm,5.0,3350000
Maruti Wagon R,Maruti,Wagon R,11,50000,Individual,  Petrol ,Manual,18.9 kmpl,998 CC,67.1 bhp,91Nm@ 3500rpm,5.0,260000
Honda City,Honda,City,14,77000,DEALER,Petrol,Manual,16.9 kmpl,1497 CC,100.0 bhp,250Nm@ 1500-2500rpm,5.0,300000
Toyota Innova,Toyota,Innova,4,40004,DEALER,diesel,Manual,,2393 CC,147.8 bhp,170Nm@ 1800-2400rpm,8.0,1775000
Maruti Swift Dzire,Maruti,Swift Dzire,5,61483,TRUSTMARK DEALER,PETROL,Manual,22.0 kmpl,1197 CC,81.8 bhp,91Nm@ 3500rpm,5.0,450000
Honda City,Honda,City,9,51000,Dealer,Petrol,Manual,16.8 kmpl,1497 CC,116.3 bhp,190Nm@ 2000rpm,5.0,440000
Maruti Celerio,Maruti,Celerio,5,36000,Dealer,  Petrol ,Manual,23.1 kmpl,998 CC,67.04 bhp,190Nm@ 2000rpm,5.0,375000
Skoda Rapid,Skoda,Rapid,6,54000,Dealer,Diesel,Automatic,21.66 kmpl,1498 CC,103.52 bhp,190Nm@ 2000rpm,5.0,625000
Honda CR-V,Honda,CR-V,14,155000,Dealer,  Petrol ,Automatic,10.1 kmpl,2354 CC,152.0 bhp,"12.7@ 2,700(kgm@ rpm)",5.0,475000
Maruti Swift Dzire,Maruti,Swift Dzire,8,35000,  Individual ,Diesel,Manual,19.3 kmpl,1248 CC,73.9 bhp,200Nm@ 1750rpm,5.0,400000
Mahindra XUV500,Mahindra,XUV500,8,68192,Dealer,Diesel,Manual,15.1 kmpl,2179 CC,140.0 bhp,200Nm@ 1750rpm,7.0,699000
Toyota Fortuner,Toyota,Fortuner,11,67000,Dealer,Diesel,Manual,11.5 kmpl,2982 CC,171.0 bhp,"12.7@ 2,700(kgm@ rpm)",7.0,825000
Hyundai Santro,Hyundai,Santro,11,60000,INDIVIDUAL,Petrol,Manual,,1086 CC,62.1 bhp,190Nm@ 2000rpm,5.0,175000
Datsun GO,Datsun,GO,6,56000,dealer,  Petrol ,Manual,,1198 CC,67.0 bhp,91Nm@ 3500rpm,7.0,395000
Honda City,Honda,City,11,78000,Dealer,petrol,Automatic,15.6 kmpl,1497 CC,116.3 bhp,170Nm@ 1800-2400rpm,5.0,475000
Hyundai Creta,Hyundai,Creta,5,25451,Trustmark Dealer,Petrol,Automatic,13.0 kmpl,1591 CC,121.3 bhp,113Nm@ 4000rpm,5.0,1039000
Maruti Vitara,Maruti,Vitara,2,120000,Individual,Diesel,Manual,24.3 kmpl,,88.5 bhp,,,950000
Honda City,Honda,City,13,100000,Individual,Petrol,Manual,17.7 kmpl,,78.0 bhp,,5.0,200000
Maruti Swift Dzire,Maruti,Swift Dzire,6,60000,Individual,Diesel,Manual,26.59 kmpl,1248 CC,74.0 bhp,190Nm@ 2000rpm,5.0,615000
Hyundai i20,Hyundai,i20,3,15000,  Individual ,Petrol,Manual,18.6 kmpl,1197 CC,81.83 bhp,190Nm@ 2000rpm,5.0,700000
Maruti Swift Dzire,Maruti,Swift Dzire,6,36908,Dealer,diesel,Manual,28.4 kmpl,1248 CC,74.02 bhp,200Nm@ 1750rpm,5.0,500000
Maruti Swift Dzire,Maruti,Swift Dzire,7,66251,Dealer,PETROL,Manual,19.1 kmpl,1197 CC,85.8 bhp,170Nm@ 1800-2400rpm,5.0,430000
Hyundai Elantra,Hyundai,Elantra,6,65000,Dealer,diesel,Automatic,19.5 kmpl,1582 CC,126.24 bhp,,5.0,795000
Ford Ecosport,Ford,Ecosport,2,42000,dealer,Diesel,Manual,23.0 kmpl,1498 CC,98.96 bhp,24@ 1900(kgm@ rpm),5.0,1021000
Tata Hexa,Tata,Hexa,4,110000,INDIVIDUAL,Diesel,Manual,17.6 kmpl,2179 CC,147.94 bhp,113Nm@ 4000rpm,7.0,950000
Mahindra Scorpio,Mahindra,Scorpio,2,30000,Individual,Diesel,Manual,16.36 kmpl,2179 CC,140.0 bhp,170Nm@ 1800-2400rpm,7.0,1270000
Maruti Swift Dzire,Maruti,Swift Dzire,4,63452,  Dealer ,Diesel,Automatic,28.4 kmpl,1248 CC,74.02 bhp,91Nm@ 3500rpm,5.0,695000
Mahindra XUV500,Mahindra,XUV500,8,63000,Dealer,Diesel,Manual,15.1 kmpl,2179 CC,140.0 bhp,200Nm@ 1750rpm,7.0,580000
Maruti Wagon R,Maruti,Wagon R,3,10983,DEALER,  Petrol ,Manual,21.5 kmpl,1197 CC,81.8 bhp,170Nm@ 1800-2400rpm,5.0,425000
Renault KWID,Renault,KWID,4,19200,dealer,  Petrol ,Automatic,24.04 kmpl,999 CC,67.0 bhp,24@ 1900(kgm@ rpm),5.0,349000
Volvo XC90,Volvo,XC90,2,25500,DEALER,Diesel,Automatic,17.2 kmpl,1969 CC,235.0 bhp,"12.7@ 2,700(kgm@ rpm)",7.0,6975000
Skoda Octavia,Skoda,Octavia,2,4000,dealer,PETROL,Automatic,15.1 kmpl,1798 CC,178.0 bhp,"12.7@ 2,700(kgm@ rpm)",5.0,2375000
Mercedes-Benz S-Class,Mercedes-Benz,S-Class,6,20000,  Dealer ,Diesel,Automatic,13.5 kmpl,2987 CC,254.79 bhp,170Nm@ 1800-2400rpm,5.0,5675000
Honda City,Honda,City,7,53000,Dealer,PETROL,Manual,17.8 kmpl,,117.3 bhp,,5.0,625000
Audi A6,Audi,A6,10,110000,  Individual ,  Diesel ,Automatic,17.68 kmpl,1968 CC,174.33 bhp,190Nm@ 2000rpm,5.0,1100000
Honda Amaze,Honda,Amaze,6,62000,individual,DIESEL,Manual,25.8 kmpl,1498 CC,98.6 bhp,24@ 1900(kgm@ rpm),5.0,320000
Mahindra XUV500,Mahindra,XUV500,6,70000,individual,DIESEL,Manual,15.1 kmpl,2179 CC,140.0 bhp,91Nm@ 3500rpm,7.0,800000
Honda City,Honda,City,10,65962,Dealer,Petrol,Manual,16.8 kmpl,1497 CC,116.4 bhp,91Nm@ 3500rpm,5.0,301000
Renault KWID,Renault,KWID,4,15335,Dealer,Petrol,Manual,,999 CC,67.0 bhp,91Nm@ 3500rpm,5.0,380000
Tata Safari,Tata,Safari,7,75875,Dealer,DIESEL,Manual,14.0 kmpl,2179 CC,,91Nm@ 3500rpm,7.0,525000
Hyundai Verna,Hyundai,Verna,10,110000,Individual,diesel,Manual,,,126.3 bhp,,5.0,530000
Honda Jazz,Honda,Jazz,6,15000,Dealer,Petrol,Manual,,1199 CC,88.7 bhp,"12.7@ 2,700(kgm@ rpm)",5.0,561000
Maruti Alto,Maruti,Alto,3,23493,Dealer,Petrol,Manual,24.7 kmpl,796 CC,47.3 bhp,"12.7@ 2,700(kgm@ rpm)",5.0,319000
Maruti Ertiga,Maruti,Ertiga,5,36700,  Dealer ,Diesel,Manual,24.52 kmpl,1248 CC,88.5 bhp,170Nm@ 1800-2400rpm,7.0,895000
Honda City,Honda,City,5,88102,Dealer,Diesel,Manual,,1498 CC,98.6 bhp,91Nm@ 3500rpm,5.0,685000
Mercedes-Benz E-Class,Mercedes-Benz,E-Class,4,1198,DEALER,PETROL,Automatic,12.0 kmpl,1991 CC,184.0 bhp,91Nm@ 3500rpm,5.0,5743000
Toyota Innova,Toyota,Innova,5,72000,Dealer,Diesel,Manual,13.68 kmpl,,147.51 bhp,,7.0,1765000
Maruti Eeco,Maruti,Eeco,4,40000,Dealer,Petrol,Manual,15.37 kmpl,1196 CC,73.0 bhp,190Nm@ 2000rpm,7.0,325000
Maruti Alto,Maruti,Alto,6,30000,INDIVIDUAL,petrol,Manual,22.74 kmpl,796 CC,47.3 bhp,190Nm@ 2000rpm,5.0,255000
Ford Figo,Ford,Figo,9,115000,DEALER,diesel,Manual,20.0 kmpl,1399 CC,,250Nm@ 1500-2500rpm,5.0,350000
Maruti Swift Dzire,Maruti,Swift Dzire,6,94000,Dealer,diesel,Manual,,1248 CC,73.9 bhp,,5.0,650000
Renault KWID,Renault,KWID,5,45000,Individual,Petrol,Manual,25.17 kmpl,799 CC,53.3 bhp,91Nm@ 3500rpm,5.0,225000
Renault Duster,Renault,Duster,3,32440,Dealer,Diesel,Manual,,1461 CC,83.8 bhp,200Nm@ 1750rpm,5.0,850000
Maruti Swift Dzire,Maruti,Swift Dzire,4,25000,DEALER,Petrol,Automatic,22.0 kmpl,1197 CC,81.8 bhp,200Nm@ 1750rpm,5.0,610000
Hyundai Venue,Hyundai,Venue,2,27000,Dealer,PETROL,Manual,,998 CC,118.35 bhp,"12.7@ 2,700(kgm@ rpm)",5.0,995000
Honda City,Honda,City,7,110000,Individual,Diesel,Manual,25.1 kmpl,1498 CC,98.6 bhp,113Nm@ 4000rpm,5.0,550000
Mercedes-Benz C-Class,Mercedes-Benz,C-Class,8,51000,Dealer,Diesel,Automatic,19.27 kmpl,2143 CC,167.62 bhp,91Nm@ 3500rpm,5.0,1290000
Toyota Fortuner,Toyota,Fortuner,10,252000,individual,Diesel,Manual,11.5 kmpl,2982 CC,171.0 bhp,170Nm@ 1800-2400rpm,7.0,800000
Toyota Fortuner,Toyota,Fortuner,10,185000,Dealer,diesel,Manual,11.5 kmpl,2982 CC,171.0 bhp,113Nm@ 4000rpm,7.0,875000
Maruti Wagon R,Maruti,Wagon R,14,89000,dealer,Petrol,Manual,18.9 kmpl,,67.1 bhp,,5.0,195000
Hyundai Verna,Hyundai,Verna,10,40000,Individual,Petrol,Manual,16.2 kmpl,1599 CC,103.2 bhp,190Nm@ 2000rpm,5.0,350000
Hyundai i20,Hyundai,i20,3,16285,DEALER,petrol,Manual,18.6 kmpl,1197 CC,81.83 bhp,"12.7@ 2,700(kgm@ rpm)",5.0,675000
Hyundai i10,Hyundai,i10,7,17800,individual,Petrol,Manual,19.81 kmpl,1086 CC,68.05 bhp,250Nm@ 1500-2500rpm,5.0,325000
Mahindra Bolero,Mahindra,Bolero,11,199900,individual,diesel,Manual,13.6 kmpl,2523 CC,63.0 bhp,170Nm@ 1800-2400rpm,7.0,350000
Mercedes-Benz S-Class,Mercedes-Benz,S-Class,4,6500,Dealer,Diesel,Automatic,13.5 kmpl,2987 CC,254.79 bhp,"12.7@ 2,700(kgm@ rpm)",5.0,8150000
Honda City,Honda,City,1,4500,dealer,Petrol,Automatic,18.4 kmpl,1498 CC,119.35 bhp,"12.7@ 2,700(kgm@ rpm)",5.0,1570000
Honda City,Honda,City,8,35000,DEALER,Petrol,Manual,17.0 kmpl,1497 CC,118.0 bhp,170Nm@ 1800-2400rpm,5.0,495000
Tata Nexon,Tata,Nexon,3,21000,Individual,DIESEL,Manual,21.5 kmpl,1497 CC,108.5 bhp,250Nm@ 1500-2500rpm,5.0,900000
Toyota Innova,Toyota,Innova,4,65434,DEALER,Diesel,Manual,13.68 kmpl,2393 CC,147.8 bhp,190Nm@ 2000rpm,7.0,1575000
Maruti Swift,Maruti,Swift,4,55000,individual,Diesel,Manual,25.2 kmpl,1248 CC,74.0 bhp,,5.0,545000
Hyundai Verna,Hyundai,Verna,3,20100,individual,Diesel,Manual,22.0 kmpl,1582 CC,126.2 bhp,200Nm@ 1750rpm,5.0,850000
Toyota Innova,Toyota,Innova,4,68000,dealer,Diesel,Automatic,11.36 kmpl,2755 CC,171.5 bhp,200Nm@ 1750rpm,7.0,1450000
Tata Tiago,Tata,Tiago,3,9000,Dealer,petrol,Automatic,23.84 kmpl,1199 CC,84.0 bhp,190Nm@ 2000rpm,5.0,550000
Maruti Wagon R,Maruti,Wagon R,3,38000,Dealer,CNG,Manual,26.6 km/kg,998 CC,58.16 bhp,91Nm@ 3500rpm,5.0,415000
Maruti Swift,Maruti,Swift,4,25000,Dealer,Petrol,Manual,20.4 kmpl,1197 CC,81.8 bhp,250Nm@ 1500-2500rpm,5.0,415000
Maruti Baleno,Maruti,Baleno,3,30000,Individual,Petrol,Manual,21.4 kmpl,1197 CC,83.1 bhp,,5.0,490000
Renault KWID,Renault,KWID,3,40000,  Individual ,Petrol,Automatic,24.04 kmpl,999 CC,67.0 bhp,24@ 1900(kgm@ rpm),5.0,350000
Maruti Alto,Maruti,Alto,7,44000,Individual,Petrol,Manual,22.74 kmpl,796 CC,47.3 bhp,"12.7@ 2,700(kgm@ rpm)",5.0,225000
Maruti Baleno,Maruti,Baleno,3,10001,Dealer,Petrol,Automatic,21.4 kmpl,1197 CC,83.1 bhp,250Nm@ 1500-2500rpm,5.0,759000
Maruti Ertiga,Maruti,Ertiga,9,57000,  Individual ,Petrol,Manual,16.02 kmpl,1373 CC,93.7 bhp,200Nm@ 1750rpm,7.0,439000
Honda Amaze,Honda,Amaze,5,56964,DEALER,diesel,Manual,25.8 kmpl,1498 CC,98.6 bhp,250Nm@ 1500-2500rpm,5.0,525000
Maruti Eeco,Maruti,Eeco,6,60200,Dealer,CNG,Manual,21.94 km/kg,1196 CC,61.7 bhp,250Nm@ 1500-2500rpm,5.0,385000
Maruti Alto,Maruti,Alto,3,80000,Dealer,Petrol,Manual,22.74 kmpl,796 CC,47.3 bhp,113Nm@ 4000rpm,5.0,290000
Maruti Baleno,Maruti,Baleno,5,50000,Individual,Diesel,Manual,,1248 CC,74.0 bhp,170Nm@ 1800-2400rpm,5.0,725000
Honda City,Honda,City,15,89000,  Dealer ,Petrol,Manual,17.7 kmpl,1497 CC,78.0 bhp,91Nm@ 3500rpm,5.0,135000
Hyundai Verna,Hyundai,Verna,3,26000,DEALER,  Diesel ,Automatic,19.08 kmpl,1582 CC,126.2 bhp,24@ 1900(kgm@ rpm),5.0,1245000
BMW 3,BMW,3,10,41000,dealer,Diesel,Automatic,16.07 kmpl,1995 CC,181.0 bhp,170Nm@ 1800-2400rpm,5.0,1700000
Hyundai i20,Hyundai,i20,3,38000,Individual,Diesel,Manual,22.54 kmpl,1396 CC,88.73 bhp,24@ 1900(kgm@ rpm),5.0,750000
Mahindra XUV500,Mahindra,XUV500,5,40000,  Individual ,Diesel,Manual,16.0 kmpl,2179 CC,140.0 bhp,190Nm@ 2000rpm,7.0,1150000
Maruti Wagon R,Maruti,Wagon R,6,90000,Individual,petrol,Manual,20.51 kmpl,998 CC,67.04 bhp,91Nm@ 3500rpm,5.0,400000
Skoda Superb,Skoda,Superb,3,23247,Dealer,DIESEL,Automatic,18.19 kmpl,1968 CC,174.5 bhp,200Nm@ 1750rpm,5.0,2800000
Ford Figo,Ford,Figo,10,110000,Individual,  Diesel ,Manual,,1399 CC,68.0 bhp,200Nm@ 1750rpm,5.0,220000
Toyota Innova,Toyota,Innova,6,125000,  Dealer ,DIESEL,Manual,12.8 kmpl,2494 CC,102.0 bhp,113Nm@ 4000rpm,7.0,895000
Hyundai i20,Hyundai,i20,8,50000,Individual,Petrol,Manual,18.5 kmpl,1197 CC,82.85 bhp,190Nm@ 2000rpm,5.0,425000
Hyundai i20,Hyundai,i20,4,20000,  Individual ,Petrol,Manual,18.6 kmpl,1197 CC,81.83 bhp,91Nm@ 3500rpm,5.0,740000
Hyundai i20,Hyundai,i20,10,38225,Dealer,Petrol,Manual,18.5 kmpl,1197 CC,80.0 bhp,,5.0,240000
Honda City,Honda,City,7,46000,Individual,Diesel,Manual,26.0 kmpl,1498 CC,98.6 bhp,190Nm@ 2000rpm,5.0,501000
Tata Safari,Tata,Safari,6,50000,individual,Diesel,Manual,14.0 kmpl,2179 CC,138.1 bhp,250Nm@ 1500-2500rpm,7.0,625000
Maruti Alto,Maruti,Alto,15,74650,dealer,petrol,Manual,19.7 kmpl,796 CC,46.3 bhp,24@ 1900(kgm@ rpm),5.0,140000
Mahindra Scorpio,Mahindra,Scorpio,4,120000,Individual,Diesel,Manual,15.4 kmpl,1997 CC,120.0 bhp,250Nm@ 1500-2500rpm,7.0,850000
Maruti Wagon R,Maruti,Wagon R,4,15000,dealer,Petrol,Manual,17.3 kmpl,1061 CC,64.0 bhp,190Nm@ 2000rpm,5.0,385000
Maruti Vitara,Maruti,Vitara,3,32000,Dealer,diesel,Manual,24.3 kmpl,1248 CC,88.5 bhp,"12.7@ 2,700(kgm@ rpm)",5.0,920000
Audi A4,Audi,A4,6,84000,Dealer,  Diesel ,Automatic,18.25 kmpl,1968 CC,187.74 bhp,170Nm@ 1800-2400rpm,5.0,1950000
Toyota Fortuner,Toyota,Fortuner,9,100000,DEALER,diesel,Automatic,12.55 kmpl,2982 CC,168.5 bhp,113Nm@ 4000rpm,7.0,1175000
Mahindra Thar,Mahindra,Thar,3,25000,Individual,Diesel,Manual,16.55 kmpl,2498 CC,105.0 bhp,24@ 1900(kgm@ rpm),,870000
Maruti Baleno,Maruti,Baleno,1,30000,individual,  Petrol ,Automatic,,1197 CC,81.8 bhp,91Nm@ 3500rpm,5.0,890000
Maruti Alto,Maruti,Alto,3,20000,Individual,  Petrol ,Manual,24.7 kmpl,796 CC,47.3 bhp,250Nm@ 1500-2500rpm,5.0,322000
Renault Duster,Renault,Duster,8,62000,Dealer,Diesel,Manual,19.87 kmpl,1461 CC,83.8 bhp,"12.7@ 2,700(kgm@ rpm)",5.0,395000
Maruti Swift,Maruti,Swift,6,127000,Dealer,Diesel,Manual,28.4 kmpl,1248 CC,74.0 bhp,24@ 1900(kgm@ rpm),,585000
Volkswagen Vento,Volkswagen,Vento,6,50000,  Dealer ,Diesel,Manual,22.27 kmpl,1498 CC,108.6 bhp,113Nm@ 4000rpm,5.0,550000
Toyota Innova,Toyota,Innova,13,132838,Individual,DIESEL,Manual,12.8 kmpl,2494 CC,102.0 bhp,250Nm@ 1500-2500rpm,8.0,400000
Hyundai i20,Hyundai,i20,11,85000,dealer,Petrol,Manual,17.0 kmpl,1197 CC,80.0 bhp,91Nm@ 3500rpm,5.0,250000
Maruti Swift Dzire,Maruti,Swift Dzire,3,20000,Individual,diesel,Manual,,1248 CC,74.02 bhp,91Nm@ 3500rpm,5.0,720000
Ford Aspire,Ford,Aspire,5,80000,Individual,  Diesel ,Manual,26.1 kmpl,1498 CC,99.23 bhp,91Nm@ 3500rpm,5.0,600000
Hyundai Verna,Hyundai,Verna,8,70000,Dealer,Diesel,Manual,22.32 kmpl,1582 CC,126.3 bhp,170Nm@ 1800-2400rpm,5.0,365000
Volkswagen Polo,Volkswagen,Polo,3,22003,  Dealer ,Petrol,Manual,16.47 kmpl,1198 CC,74.0 bhp,250Nm@ 1500-2500rpm,5.0,650000
Hyundai Verna,Hyundai,Verna,4,46000,dealer,Diesel,Manual,24.8 kmpl,1396 CC,88.7 bhp,,5.0,765000
Hyundai Verna,Hyundai,Verna,8,60000,Individual,Diesel,Manual,,1582 CC,126.3 bhp,91Nm@ 3500rpm,5.0,475000
Honda Jazz,Honda,Jazz,3,17843,DEALER,Petrol,Automatic,17.1 kmpl,1199 CC,88.51 bhp,250Nm@ 1500-2500rpm,5.0,925000
BMW 3,BMW,3,8,83000,Dealer,Diesel,Automatic,18.88 kmpl,1995 CC,184.0 bhp,190Nm@ 2000rpm,,1170000
Toyota Innova,Toyota,Innova,8,120000,INDIVIDUAL,Diesel,Manual,,2494 CC,100.6 bhp,113Nm@ 4000rpm,8.0,955000
Maruti Ertiga,Maruti,Ertiga,5,25000,Dealer,diesel,Manual,24.52 kmpl,1248 CC,88.5 bhp,"12.7@ 2,700(kgm@ rpm)",7.0,750000
Honda City,Honda,City,11,93000,  Individual ,  Petrol ,Manual,17.0 kmpl,1497 CC,118.0 bhp,200Nm@ 1750rpm,5.0,276000
Mahindra XUV300,Mahindra,XUV300,2,25000,Individual,Petrol,Manual,17.0 kmpl,1197 CC,110.0 bhp,,5.0,1140000
Maruti Swift Dzire,Maruti,Swift Dzire,5,64000,Dealer,  Petrol ,Manual,22.0 kmpl,1197 CC,81.8 bhp,190Nm@ 2000rpm,5.0,450000
Hyundai Elantra,Hyundai,Elantra,8,90000,Individual,Diesel,Manual,22.7 kmpl,1582 CC,126.24 bhp,"12.7@ 2,700(kgm@ rpm)",,615000
Volkswagen Polo,Volkswagen,Polo,10,65894,Dealer,  Petrol ,Manual,16.47 kmpl,1198 CC,73.9 bhp,170Nm@ 1800-2400rpm,5.0,375000
Datsun RediGO,Datsun,RediGO,4,16000,dealer,petrol,Manual,22.7 kmpl,799 CC,,113Nm@ 4000rpm,5.0,225000
Maruti Celerio,Maruti,Celerio,5,14286,  Dealer ,petrol,Manual,23.1 kmpl,998 CC,67.04 bhp,24@ 1900(kgm@ rpm),5.0,395000
Hyundai Grand,Hyundai,Grand,3,18000,Individual,Petrol,Manual,18.9 kmpl,1197 CC,81.86 bhp,250Nm@ 1500-2500rpm,5.0,515000
Maruti Ciaz,Maruti,Ciaz,3,31000,Dealer,PETROL,Manual,20.65 kmpl,1462 CC,103.25 bhp,91Nm@ 3500rpm,5.0,799000
Maruti Alto,Maruti,Alto,10,120000,individual,PETROL,Manual,20.92 kmpl,,67.1 bhp,,5.0,270000
Toyota Fortuner,Toyota,Fortuner,4,19000,  Individual ,diesel,Manual,14.24 kmpl,2755 CC,174.5 bhp,113Nm@ 4000rpm,7.0,2950000
Ford Ecosport,Ford,Ecosport,7,65238,Dealer,Diesel,Manual,22.7 kmpl,1498 CC,89.84 bhp,250Nm@ 1500-2500rpm,5.0,600000
Audi A6,Audi,A6,10,85000,individual,DIESEL,Automatic,17.68 kmpl,1968 CC,174.33 bhp,200Nm@ 1750rpm,5.0,1550000
Hyundai Verna,Hyundai,Verna,9,46500,DEALER,diesel,Manual,22.32 kmpl,1582 CC,126.32 bhp,113Nm@ 4000rpm,5.0,650000
Maruti Swift,Maruti,Swift,2,30000,Dealer,Diesel,Automatic,28.4 kmpl,1248 CC,74.0 bhp,24@ 1900(kgm@ rpm),5.0,825000
Maruti Wagon R,Maruti,Wagon R,12,23710,Dealer,Petrol,Manual,18.9 kmpl,998 CC,67.1 bhp,"12.7@ 2,700(kgm@ rpm)",5.0,190000
Maruti Celerio,Maruti,Celerio,5,69000,DEALER,CNG,Manual,31.79 km/kg,998 CC,58.2 bhp,24@ 1900(kgm@ rpm),5.0,375000
Hyundai Verna,Hyundai,Verna,3,15000,Individual,DIESEL,Manual,22.0 kmpl,1582 CC,126.2 bhp,170Nm@ 1800-2400rpm,5.0,930000
Maruti Ertiga,Maruti,Ertiga,8,76000,  Dealer ,petrol,Manual,16.02 kmpl,1373 CC,93.7 bhp,200Nm@ 1750rpm,7.0,590000
Maruti Alto,Maruti,Alto,7,75001,Dealer,  Petrol ,Manual,19.7 kmpl,796 CC,46.3 bhp,113Nm@ 4000rpm,5.0,175000
Maruti Ciaz,Maruti,Ciaz,2,10000,individual,petrol,Manual,21.56 kmpl,1462 CC,103.25 bhp,,5.0,995000
Hyundai Creta,Hyundai,Creta,3,50000,Individual,  Diesel ,Manual,19.67 kmpl,1582 CC,,250Nm@ 1500-2500rpm,5.0,1200000
Maruti Ciaz,Maruti,Ciaz,4,28297,Dealer,diesel,Manual,28.09 kmpl,1248 CC,88.5 bhp,200Nm@ 1750rpm,,775000
Maruti Ciaz,Maruti,Ciaz,6,62000,Dealer,DIESEL,Manual,28.09 kmpl,1248 CC,88.5 bhp,190Nm@ 2000rpm,5.0,537000
Volkswagen Polo,Volkswagen,Polo,6,23000,Dealer,DIESEL,Manual,20.14 kmpl,1498 CC,88.8 bhp,"12.7@ 2,700(kgm@ rpm)",5.0,545000
Honda City,Honda,City,5,62000,  Dealer ,DIESEL,Manual,26.0 kmpl,1498 CC,,200Nm@ 1750rpm,5.0,615000
Maruti Baleno,Maruti,Baleno,3,20332,DEALER,Petrol,Automatic,21.4 kmpl,1197 CC,83.1 bhp,24@ 1900(kgm@ rpm),5.0,660000
Maruti Swift Dzire,Maruti,Swift Dzire,10,86000,Individual,Diesel,Manual,19.3 kmpl,1248 CC,73.9 bhp,113Nm@ 4000rpm,5.0,275000
Hyundai i20,Hyundai,i20,8,30000,Individual,Petrol,Manual,18.5 kmpl,1197 CC,82.85 bhp,91Nm@ 3500rpm,5.0,430000
Maruti Swift Dzire,Maruti,Swift Dzire,9,66000,Dealer,Petrol,Manual,17.5 kmpl,1298 CC,85.8 bhp,24@ 1900(kgm@ rpm),5.0,425000
Hyundai Grand,Hyundai,Grand,5,44000,dealer,Petrol,Manual,18.9 kmpl,1197 CC,82.0 bhp,250Nm@ 1500-2500rpm,5.0,410000
Toyota Innova,Toyota,Innova,2,15000,individual,  Diesel ,Manual,13.68 kmpl,2393 CC,147.8 bhp,"12.7@ 2,700(kgm@ rpm)",8.0,2050000
Maruti Alto,Maruti,Alto,9,25000,Individual,Petrol,Manual,20.92 kmpl,998 CC,67.1 bhp,91Nm@ 3500rpm,5.0,270000
Maruti Swift Dzire,Maruti,Swift Dzire,9,14000,Dealer,diesel,Manual,28.4 kmpl,1248 CC,74.02 bhp,91Nm@ 3500rpm,5.0,450000
Maruti Baleno,Maruti,Baleno,1,30000,individual,  Petrol ,Automatic,,1197 CC,81.8 bhp,91Nm@ 3500rpm,5.0,890000
Ford Figo,Ford,Figo,9,40000,Dealer,Diesel,Manual,20.0 kmpl,1399 CC,68.0 bhp,250Nm@ 1500-2500rpm,5.0,395000
Ford Figo,Ford,Figo,6,62752,dealer,  Diesel ,Manual,20.0 kmpl,1399 CC,68.05 bhp,24@ 1900(kgm@ rpm),5.0,323000
Maruti Swift Dzire,Maruti,Swift Dzire,6,60000,Individual,  Diesel ,Manual,26.59 kmpl,1248 CC,74.0 bhp,"12.7@ 2,700(kgm@ rpm)",5.0,495000
Honda WR-V,Honda,WR-V,4,58000,Dealer,  Diesel ,Manual,25.5 kmpl,1498 CC,98.6 bhp,,5.0,885000
Skoda Octavia,Skoda,Octavia,3,17000,Dealer,petrol,Automatic,,1798 CC,178.0 bhp,170Nm@ 1800-2400rpm,5.0,1949000
Hyundai Grand,Hyundai,Grand,6,64000,DEALER,PETROL,Manual,18.9 kmpl,1197 CC,82.0 bhp,113Nm@ 4000rpm,5.0,390000
Audi A8,Audi,A8,8,131473,Dealer,DIESEL,Automatic,,2967 CC,246.7 bhp,113Nm@ 4000rpm,5.0,2900000
Tata Tiago,Tata,Tiago,3,30000,INDIVIDUAL,PETROL,Manual,23.84 kmpl,1199 CC,84.0 bhp,91Nm@ 3500rpm,5.0,400000
Maruti Swift,Maruti,Swift,7,87140,  Dealer ,Diesel,Manual,25.2 kmpl,,74.0 bhp,,5.0,410000
Maruti Ertiga,Maruti,Ertiga,3,25000,DEALER,cng,Manual,17.5 km/kg,1373 CC,80.46 bhp,,7.0,795000
Datsun redi-GO,Datsun,redi-GO,5,47000,Dealer,Petrol,Manual,,799 CC,53.64 bhp,91Nm@ 3500rpm,5.0,299000
Hyundai Creta,Hyundai,Creta,6,66500,Dealer,DIESEL,Manual,19.67 kmpl,1582 CC,126.2 bhp,91Nm@ 3500rpm,5.0,750000
Hyundai i20,Hyundai,i20,9,108000,Individual,Diesel,Manual,21.9 kmpl,1396 CC,90.0 bhp,170Nm@ 1800-2400rpm,5.0,220000
Maruti Wagon R,Maruti,Wagon R,8,40200,DEALER,petrol,Manual,18.9 kmpl,998 CC,67.1 bhp,24@ 1900(kgm@ rpm),5.0,325000
Maruti Swift,Maruti,Swift,5,67000,Dealer,  Petrol ,Manual,16.1 kmpl,1197 CC,85.0 bhp,"12.7@ 2,700(kgm@ rpm)",5.0,470000
Maruti Ertiga,Maruti,Ertiga,6,72000,Individual,  Diesel ,Manual,20.77 kmpl,1248 CC,88.8 bhp,250Nm@ 1500-2500rpm,7.0,786000
Hyundai i20,Hyundai,i20,6,94532,Dealer,Diesel,Manual,22.54 kmpl,1396 CC,88.73 bhp,"12.7@ 2,700(kgm@ rpm)",5.0,685000
Audi A4,Audi,A4,9,79000,dealer,DIESEL,Automatic,15.2 kmpl,1968 CC,140.8 bhp,190Nm@ 2000rpm,5.0,1250000
Hyundai Verna,Hyundai,Verna,2,4000,Dealer,Petrol,Automatic,,1591 CC,121.3 bhp,113Nm@ 4000rpm,5.0,1250000
Maruti Alto,Maruti,Alto,3,12000,INDIVIDUAL,Petrol,Manual,24.7 kmpl,796 CC,47.3 bhp,170Nm@ 1800-2400rpm,5.0,300000
Renault Duster,Renault,Duster,8,61000,Individual,Diesel,Manual,20.46 kmpl,1461 CC,83.8 bhp,91Nm@ 3500rpm,5.0,675000
Hyundai Verna,Hyundai,Verna,8,80000,INDIVIDUAL,Diesel,Manual,22.32 kmpl,1582 CC,126.3 bhp,113Nm@ 4000rpm,5.0,540000
Honda Amaze,Honda,Amaze,8,28000,Individual,Petrol,Manual,18.0 kmpl,1198 CC,,250Nm@ 1500-2500rpm,5.0,350000
Tata Nexon,Tata,Nexon,3,60000,Individual,petrol,Manual,17.0 kmpl,1198 CC,108.5 bhp,170Nm@ 1800-2400rpm,5.0,700000
Hyundai Grand,Hyundai,Grand,4,5238,Dealer,petrol,Manual,18.9 kmpl,1197 CC,81.86 bhp,170Nm@ 1800-2400rpm,5.0,595000
Skoda Superb,Skoda,Superb,5,80260,DEALER,Petrol,Automatic,14.67 kmpl,1798 CC,177.46 bhp,190Nm@ 2000rpm,5.0,1675000
Maruti Vitara,Maruti,Vitara,4,45000,Dealer,Diesel,Manual,24.3 kmpl,1248 CC,88.5 bhp,24@ 1900(kgm@ rpm),5.0,790000
Ford Aspire,Ford,Aspire,2,5837,Dealer,Diesel,Manual,25.83 kmpl,1498 CC,99.0 bhp,250Nm@ 1500-2500rpm,5.0,845000
Hyundai Creta,Hyundai,Creta,1,15000,Individual,DIESEL,Manual,22.1 kmpl,1396 CC,88.7 bhp,91Nm@ 3500rpm,5.0,1350000
Maruti Dzire VXI,Maruti,Dzire VXI,1,10000,Individual,Petrol,Manual,23.26 kmpl,1197 CC,88.5 bhp,91Nm@ 3500rpm,5.0,550000
Datsun RediGO,Datsun,RediGO,4,9500,INDIVIDUAL,Petrol,Manual,22.7 kmpl,799 CC,53.0 bhp,170Nm@ 1800-2400rpm,5.0,300000
Maruti Swift Dzire,Maruti,Swift Dzire,9,87800,individual,DIESEL,Manual,19.3 kmpl,1248 CC,73.9 bhp,91Nm@ 3500rpm,5.0,290000
Honda City,Honda,City,7,56954,Dealer,  Diesel ,Manual,26.0 kmpl,1498 CC,,"12.7@ 2,700(kgm@ rpm)",5.0,599000
Renault Duster,Renault,Duster,6,100000,  Individual ,diesel,Manual,19.01 kmpl,1461 CC,108.45 bhp,"12.7@ 2,700(kgm@ rpm)",5.0,470000
Mahindra Bolero,Mahindra,Bolero,3,43214,  Dealer ,  Diesel ,Manual,15.96 kmpl,2523 CC,62.1 bhp,113Nm@ 4000rpm,7.0,755000
Toyota Fortuner,Toyota,Fortuner,5,50000,Dealer,Petrol,Automatic,10.26 kmpl,2694 CC,163.7 bhp,170Nm@ 1800-2400rpm,7.0,2600000
Maruti S-Presso,Maruti,S-Presso,1,1000,Individual,petrol,Manual,21.7 kmpl,998 CC,67.0 bhp,,5.0,490000
Honda Civic,Honda,Civic,14,20000,INDIVIDUAL,petrol,Manual,13.5 kmpl,1799 CC,130.0 bhp,250Nm@ 1500-2500rpm,5.0,265000
Honda Amaze,Honda,Amaze,7,67000,Dealer,DIESEL,Manual,25.8 kmpl,1498 CC,98.6 bhp,200Nm@ 1750rpm,5.0,475000
Tata Tiago,Tata,Tiago,4,52532,  Dealer ,Petrol,Manual,23.84 kmpl,1199 CC,84.0 bhp,250Nm@ 1500-2500rpm,5.0,450000
Audi A6,Audi,A6,5,27000,Dealer,Petrol,Automatic,,1798 CC,187.74 bhp,200Nm@ 1750rpm,5.0,3000000
Hyundai i20,Hyundai,i20,9,53000,DEALER,DIESEL,Manual,21.9 kmpl,1396 CC,88.8 bhp,91Nm@ 3500rpm,5.0,299000
Mahindra XUV500,Mahindra,XUV500,2,10000,Individual,DIESEL,Manual,15.1 kmpl,2179 CC,152.87 bhp,170Nm@ 1800-2400rpm,7.0,1700000
Mahindra Bolero,Mahindra,Bolero,10,120000,individual,Diesel,Manual,13.6 kmpl,2523 CC,63.0 bhp,190Nm@ 2000rpm,7.0,380000
Maruti Ciaz,Maruti,Ciaz,2,12000,individual,Petrol,Manual,21.56 kmpl,1462 CC,103.25 bhp,"12.7@ 2,700(kgm@ rpm)",5.0,990000
Hyundai Verna,Hyundai,Verna,7,67500,  Dealer ,Diesel,Manual,22.32 kmpl,1582 CC,126.32 bhp,,5.0,685000
Maruti Alto,Maruti,Alto,10,70000,Individual,Petrol,Manual,20.92 kmpl,998 CC,67.1 bhp,24@ 1900(kgm@ rpm),5.0,165000
Renault Duster,Renault,Duster,5,130000,INDIVIDUAL,Diesel,Manual,19.87 kmpl,1461 CC,83.8 bhp,190Nm@ 2000rpm,5.0,595000
Mahindra Bolero,Mahindra,Bolero,3,45000,Individual,Diesel,Manual,16.5 kmpl,1493 CC,70.0 bhp,200Nm@ 1750rpm,7.0,620000
Hyundai i20,Hyundai,i20,3,33000,  Dealer ,PETROL,Manual,,1197 CC,81.86 bhp,24@ 1900(kgm@ rpm),5.0,790000
Maruti Ciaz,Maruti,Ciaz,7,73000,Individual,Diesel,Manual,26.21 kmpl,1248 CC,88.5 bhp,250Nm@ 1500-2500rpm,5.0,545000
Toyota Fortuner,Toyota,Fortuner,2,15500,Dealer,Diesel,Manual,14.24 kmpl,2755 CC,174.5 bhp,"12.7@ 2,700(kgm@ rpm)",7.0,3090000
Maruti Swift,Maruti,Swift,2,38000,Dealer,Petrol,Manual,20.4 kmpl,1197 CC,81.8 bhp,,,632000
Toyota Fortuner,Toyota,Fortuner,7,85000,INDIVIDUAL,Diesel,Manual,13.0 kmpl,2982 CC,168.5 bhp,24@ 1900(kgm@ rpm),7.0,1600000
Honda City,Honda,City,5,75000,DEALER,Petrol,Manual,17.8 kmpl,1497 CC,117.3 bhp,200Nm@ 1750rpm,5.0,685000
Maruti Eeco,Maruti,Eeco,3,12572,Dealer,CNG,Manual,21.94 km/kg,1196 CC,63.0 bhp,"12.7@ 2,700(kgm@ rpm)",5.0,343000
Hyundai i20,Hyundai,i20,4,39000,Dealer,petrol,Manual,18.6 kmpl,1197 CC,81.86 bhp,"12.7@ 2,700(kgm@ rpm)",5.0,590000
Maruti Swift,Maruti,Swift,8,50000,Individual,DIESEL,Manual,22.9 kmpl,1248 CC,74.0 bhp,"12.7@ 2,700(kgm@ rpm)",5.0,420000
Renault Triber,Renault,Triber,1,5600,Individual,Petrol,Manual,20.0 kmpl,999 CC,71.0 bhp,113Nm@ 4000rpm,7.0,800000
Jaguar XF,Jaguar,XF,10,70000,  Dealer ,  Diesel ,Automatic,,2993 CC,270.9 bhp,91Nm@ 3500rpm,5.0,1550000
Hyundai i20,Hyundai,i20,6,64000,DEALER,Diesel,Manual,22.54 kmpl,1396 CC,88.73 bhp,200Nm@ 1750rpm,5.0,660000
Toyota Innova,Toyota,Innova,3,45000,Dealer,Diesel,Automatic,11.36 kmpl,2755 CC,171.5 bhp,91Nm@ 3500rpm,7.0,1995000
Ford Ecosport,Ford,Ecosport,5,50000,dealer,Diesel,Manual,21.7 kmpl,1498 CC,98.96 bhp,200Nm@ 1750rpm,5.0,650000
Hyundai Grand,Hyundai,Grand,7,12000,  Dealer ,Petrol,Manual,18.9 kmpl,1197 CC,82.0 bhp,91Nm@ 3500rpm,5.0,465000
Maruti Swift Dzire,Maruti,Swift Dzire,3,40000,INDIVIDUAL,  Diesel ,Manual,,1248 CC,74.02 bhp,113Nm@ 4000rpm,5.0,740000
Maruti Baleno,Maruti,Baleno,3,15000,Dealer,PETROL,Manual,21.4 kmpl,1197 CC,83.1 bhp,170Nm@ 1800-2400rpm,5.0,585000
Maruti Alto,Maruti,Alto,6,42000,  Dealer ,Petrol,Manual,23.95 kmpl,998 CC,67.05 bhp,200Nm@ 1750rpm,5.0,285000
Renault Triber,Renault,Triber,2,11000,Dealer,Petrol,Manual,,999 CC,72.0 bhp,"12.7@ 2,700(kgm@ rpm)",7.0,725000
Honda City,Honda,City,4,53000,Dealer,Petrol,Automatic,18.0 kmpl,1497 CC,,250Nm@ 1500-2500rpm,5.0,1095000
Maruti Eeco,Maruti,Eeco,5,55000,  Dealer ,Petrol,Manual,15.37 kmpl,1196 CC,73.0 bhp,91Nm@ 3500rpm,5.0,355000
Honda WR-V,Honda,WR-V,2,23000,INDIVIDUAL,diesel,Manual,25.5 kmpl,1498 CC,98.6 bhp,190Nm@ 2000rpm,5.0,1000000
Maruti Swift Dzire,Maruti,Swift Dzire,5,15000,Individual,Petrol,Manual,20.85 kmpl,1197 CC,83.14 bhp,113Nm@ 4000rpm,5.0,540000
Maruti Baleno,Maruti,Baleno,5,20000,Individual,Petrol,Manual,21.4 kmpl,1197 CC,,113Nm@ 4000rpm,5.0,599000
Volkswagen Polo,Volkswagen,Polo,6,40346,Dealer,Petrol,Manual,16.47 kmpl,1198 CC,74.0 bhp,200Nm@ 1750rpm,5.0,400000
Maruti Swift,Maruti,Swift,5,20000,Individual,diesel,Manual,25.2 kmpl,1248 CC,74.0 bhp,170Nm@ 1800-2400rpm,5.0,627000
BMW 7,BMW,7,5,37000,dealer,Diesel,Automatic,17.66 kmpl,2993 CC,261.49 bhp,190Nm@ 2000rpm,4.0,6400000
Mahindra KUV100,Mahindra,KUV100,2,17000,  Individual ,Petrol,Manual,18.15 kmpl,1198 CC,82.0 bhp,190Nm@ 2000rpm,6.0,480000
Audi A4,Audi,A4,8,52000,DEALER,Petrol,Automatic,15.64 kmpl,1798 CC,167.62 bhp,,5.0,1400000
Toyota Innova,Toyota,Innova,6,143000,Dealer,Diesel,Manual,12.99 kmpl,2494 CC,100.0 bhp,250Nm@ 1500-2500rpm,7.0,780000
Mahindra Bolero,Mahindra,Bolero,4,70000,  Individual ,Diesel,Manual,16.5 kmpl,1493 CC,70.0 bhp,24@ 1900(kgm@ rpm),7.0,650000
Hyundai Verna,Hyundai,Verna,11,72000,dealer,Diesel,Manual,16.2 kmpl,1493 CC,110.0 bhp,24@ 1900(kgm@ rpm),5.0,410000
Maruti Alto,Maruti,Alto,6,25000,Individual,Petrol,Manual,23.95 kmpl,998 CC,67.05 bhp,113Nm@ 4000rpm,5.0,360000
Hyundai i20,Hyundai,i20,7,44000,DEALER,Petrol,Manual,18.5 kmpl,1197 CC,82.85 bhp,"12.7@ 2,700(kgm@ rpm)",5.0,380000
Hyundai i10,Hyundai,i10,12,52000,DEALER,Petrol,Manual,19.81 kmpl,1086 CC,68.05 bhp,170Nm@ 1800-2400rpm,5.0,175000
Skoda Rapid,Skoda,Rapid,8,30000,DEALER,Petrol,Manual,15.0 kmpl,1598 CC,103.52 bhp,250Nm@ 1500-2500rpm,5.0,395000
Maruti Wagon R,Maruti,Wagon R,13,80000,Individual,Petrol,Manual,,1061 CC,67.0 bhp,24@ 1900(kgm@ rpm),5.0,95000
Hyundai i20,Hyundai,i20,4,35601,Trustmark Dealer,PETROL,Manual,18.6 kmpl,1197 CC,81.83 bhp,91Nm@ 3500rpm,5.0,565000
Maruti Alto,Maruti,Alto,7,60000,dealer,petrol,Manual,,796 CC,47.3 bhp,190Nm@ 2000rpm,5.0,265000
Toyota Fortuner,Toyota,Fortuner,11,182432,  Dealer ,  Diesel ,Manual,11.5 kmpl,2982 CC,171.0 bhp,,7.0,1225000
Maruti Alto,Maruti,Alto,4,40000,Individual,  Petrol ,Manual,23.95 kmpl,998 CC,67.05 bhp,24@ 1900(kgm@ rpm),5.0,310000
Honda City,Honda,City,2,9600,DEALER,Petrol,Automatic,17.4 kmpl,1497 CC,117.6 bhp,200Nm@ 1750rpm,5.0,1160000
Hyundai i20,Hyundai,i20,3,25000,Individual,Diesel,Manual,21.19 kmpl,1396 CC,88.73 bhp,24@ 1900(kgm@ rpm),5.0,850000
Maruti Swift,Maruti,Swift,5,38765,  Dealer ,Petrol,Manual,22.0 kmpl,,81.8 bhp,,5.0,525000
Maruti Swift,Maruti,Swift,7,62000,Individual,Diesel,Manual,25.2 kmpl,1248 CC,74.0 bhp,113Nm@ 4000rpm,5.0,400000
Honda City,Honda,City,12,70000,Individual,PETROL,Automatic,16.8 kmpl,1497 CC,118.0 bhp,"12.7@ 2,700(kgm@ rpm)",5.0,280000
Volkswagen Polo,Volkswagen,Polo,8,73000,Dealer,Diesel,Manual,22.07 kmpl,1199 CC,73.9 bhp,24@ 1900(kgm@ rpm),,420000
Maruti Dzire VXI,Maruti,Dzire VXI,3,28000,  Dealer ,PETROL,Manual,23.26 kmpl,1197 CC,88.5 bhp,250Nm@ 1500-2500rpm,5.0,625000
Jeep Wrangler,Jeep,Wrangler,2,32000,Dealer,  Petrol ,Automatic,9.5 kmpl,3604 CC,280.0 bhp,200Nm@ 1750rpm,5.0,5600000
Hyundai Verna,Hyundai,Verna,7,225000,Individual,Diesel,Manual,22.32 kmpl,1582 CC,126.32 bhp,170Nm@ 1800-2400rpm,5.0,495000
BMW 3,BMW,3,13,94603,dealer,Petrol,Automatic,10.9 kmpl,2497 CC,215.0 bhp,190Nm@ 2000rpm,5.0,650000
Maruti Alto,Maruti,Alto,9,22215,Dealer,PETROL,Manual,19.7 kmpl,796 CC,,190Nm@ 2000rpm,5.0,170000
Maruti Celerio,Maruti,Celerio,6,17000,individual,  Petrol ,Automatic,23.1 kmpl,,67.04 bhp,,5.0,425000
Maruti Alto,Maruti,Alto,5,40000,Individual,Petrol,Manual,23.95 kmpl,998 CC,67.05 bhp,200Nm@ 1750rpm,5.0,300000
Hyundai Grand,Hyundai,Grand,6,29751,Dealer,Petrol,Manual,18.9 kmpl,1197 CC,82.0 bhp,91Nm@ 3500rpm,5.0,512000
Maruti Baleno,Maruti,Baleno,4,8245,INDIVIDUAL,petrol,Manual,21.4 kmpl,1197 CC,83.1 bhp,91Nm@ 3500rpm,5.0,690000
Hyundai Grand,Hyundai,Grand,6,37000,Individual,Petrol,Manual,18.9 kmpl,1197 CC,82.0 bhp,113Nm@ 4000rpm,,425000
Hyundai Verna,Hyundai,Verna,8,80000,Individual,DIESEL,Manual,22.32 kmpl,1582 CC,126.32 bhp,113Nm@ 4000rpm,5.0,800000
Honda Amaze,Honda,Amaze,8,45000,Dealer,Petrol,Manual,18.0 kmpl,1198 CC,86.7 bhp,"12.7@ 2,700(kgm@ rpm)",5.0,350000
Toyota Innova,Toyota,Innova,10,70000,individual,Diesel,Manual,12.8 kmpl,,102.0 bhp,,7.0,550000
Maruti Swift,Maruti,Swift,8,73536,DEALER,Diesel,Manual,22.9 kmpl,1248 CC,74.0 bhp,91Nm@ 3500rpm,5.0,353000
Renault KWID,Renault,KWID,5,46260,Dealer,Petrol,Manual,,799 CC,53.26 bhp,91Nm@ 3500rpm,5.0,365000
Maruti Wagon R,Maruti,Wagon R,5,25000,INDIVIDUAL,Petrol,Manual,20.51 kmpl,998 CC,67.04 bhp,24@ 1900(kgm@ rpm),5.0,380000
Hyundai i20,Hyundai,i20,10,58000,Dealer,Petrol,Manual,17.0 kmpl,1197 CC,80.0 bhp,91Nm@ 3500rpm,5.0,280000
Hyundai Venue,Hyundai,Venue,2,26000,Dealer,Petrol,Automatic,18.15 kmpl,998 CC,118.35 bhp,170Nm@ 1800-2400rpm,5.0,1095000
Maruti Alto,Maruti,Alto,5,31000,DEALER,PETROL,Automatic,23.95 kmpl,998 CC,67.05 bhp,,5.0,360000
Skoda Rapid,Skoda,Rapid,7,65598,DEALER,Diesel,Manual,21.14 kmpl,1498 CC,103.6 bhp,113Nm@ 4000rpm,5.0,465000
Renault KWID,Renault,KWID,2,4269,  Dealer ,PETROL,Automatic,24.04 kmpl,999 CC,67.0 bhp,200Nm@ 1750rpm,5.0,415000
Hyundai i20,Hyundai,i20,3,90000,INDIVIDUAL,Diesel,Manual,21.19 kmpl,1396 CC,88.73 bhp,250Nm@ 1500-2500rpm,5.0,640000
Maruti Swift Dzire,Maruti,Swift Dzire,6,79806,trustmark dealer,Petrol,Manual,20.85 kmpl,1197 CC,83.14 bhp,"12.7@ 2,700(kgm@ rpm)",5.0,430000
Maruti Swift Dzire,Maruti,Swift Dzire,6,80000,Individual,DIESEL,Manual,26.59 kmpl,1248 CC,74.0 bhp,91Nm@ 3500rpm,5.0,575000
Hyundai Verna,Hyundai,Verna,3,40000,Dealer,Petrol,Automatic,17.0 kmpl,1591 CC,,190Nm@ 2000rpm,5.0,1075000
Maruti Ciaz,Maruti,Ciaz,4,62320,DEALER,Diesel,Manual,28.09 kmpl,1248 CC,88.5 bhp,"12.7@ 2,700(kgm@ rpm)",5.0,675000
Mercedes-Benz GL-Class,Mercedes-Benz,GL-Class,4,11500,  Dealer ,Petrol,Automatic,11.5 kmpl,2996 CC,362.0 bhp,200Nm@ 1750rpm,5.0,7595000
Maruti Wagon R,Maruti,Wagon R,7,87500,dealer,CNG,Manual,26.2 km/kg,998 CC,58.2 bhp,190Nm@ 2000rpm,5.0,340000
BMW X5,BMW,X5,6,47500,  Dealer ,  Diesel ,Automatic,15.97 kmpl,2993 CC,258.0 bhp,24@ 1900(kgm@ rpm),5.0,3700000
Maruti Wagon R,Maruti,Wagon R,12,63000,DEALER,petrol,Manual,20.51 kmpl,998 CC,67.04 bhp,200Nm@ 1750rpm,5.0,129000
Maruti Swift Dzire,Maruti,Swift Dzire,3,70000,individual,Petrol,Manual,22.0 kmpl,1197 CC,81.8 bhp,91Nm@ 3500rpm,5.0,550000
Mahindra KUV,Mahindra,KUV,3,50000,INDIVIDUAL,cng,Manual,18.15 km/kg,1198 CC,82.0 bhp,190Nm@ 2000rpm,6.0,400000
Ford Ecosport,Ford,Ecosport,7,78000,  Dealer ,Diesel,Manual,22.7 kmpl,1498 CC,89.84 bhp,113Nm@ 4000rpm,5.0,425000
Toyota Camry,Toyota,Camry,6,60000,Dealer,Petrol,Automatic,19.16 kmpl,2487 CC,214.5 bhp,200Nm@ 1750rpm,5.0,2350000
Renault Duster,Renault,Duster,8,56000,DEALER,Diesel,Manual,19.01 kmpl,1461 CC,108.45 bhp,170Nm@ 1800-2400rpm,,450000
Maruti Wagon R,Maruti,Wagon R,12,55000,dealer,Petrol,Manual,18.9 kmpl,998 CC,67.1 bhp,250Nm@ 1500-2500rpm,5.0,160000
Ford Figo,Ford,Figo,10,68000,Individual,Diesel,Manual,20.0 kmpl,1399 CC,68.0 bhp,190Nm@ 2000rpm,5.0,230000
Volkswagen Polo,Volkswagen,Polo,8,58000,dealer,Diesel,Manual,22.07 kmpl,1199 CC,73.9 bhp,113Nm@ 4000rpm,5.0,460000
Hyundai i10,Hyundai,i10,10,74953,Dealer,Petrol,Manual,20.36 kmpl,1197 CC,78.9 bhp,190Nm@ 2000rpm,5.0,145000
Hyundai Verna,Hyundai,Verna,2,20000,INDIVIDUAL,Petrol,Manual,17.0 kmpl,1591 CC,121.3 bhp,190Nm@ 2000rpm,5.0,990000
Toyota Fortuner,Toyota,Fortuner,6,96000,dealer,diesel,Manual,13.0 kmpl,2982 CC,168.5 bhp,190Nm@ 2000rpm,7.0,1475000
Maruti Wagon R,Maruti,Wagon R,8,57000,Dealer,Petrol,Manual,21.79 kmpl,998 CC,67.05 bhp,113Nm@ 4000rpm,5.0,235000
Maruti Swift,Maruti,Swift,4,19000,DEALER,petrol,Manual,20.4 kmpl,1197 CC,81.8 bhp,200Nm@ 1750rpm,5.0,625000
Honda Amaze,Honda,Amaze,8,97000,Individual,DIESEL,Manual,25.8 kmpl,1498 CC,98.6 bhp,"12.7@ 2,700(kgm@ rpm)",5.0,365000
Datsun RediGO,Datsun,RediGO,3,30000,Individual,Petrol,Manual,22.5 kmpl,999 CC,67.0 bhp,,5.0,300000
Hyundai i10,Hyundai,i10,9,70000,individual,PETROL,Manual,19.81 kmpl,1086 CC,68.05 bhp,170Nm@ 1800-2400rpm,5.0,290000
Mahindra XUV500,Mahindra,XUV500,4,51524,DEALER,  Diesel ,Manual,16.0 kmpl,1997 CC,140.0 bhp,113Nm@ 4000rpm,7.0,1285000
Renault KWID,Renault,KWID,5,27000,Dealer,Petrol,Manual,25.17 kmpl,799 CC,53.3 bhp,91Nm@ 3500rpm,,265000
Mahindra Scorpio,Mahindra,Scorpio,10,87563,dealer,  Diesel ,Manual,12.05 kmpl,2179 CC,120.0 bhp,113Nm@ 4000rpm,8.0,540000
Maruti Swift,Maruti,Swift,4,28000,Dealer,Petrol,Manual,20.4 kmpl,1197 CC,81.8 bhp,24@ 1900(kgm@ rpm),5.0,629000
Maruti Ertiga,Maruti,Ertiga,9,120000,Individual,diesel,Manual,20.77 kmpl,1248 CC,88.76 bhp,113Nm@ 4000rpm,7.0,360000
Hyundai i10,Hyundai,i10,11,70000,  Individual ,petrol,Manual,19.81 kmpl,1086 CC,68.05 bhp,190Nm@ 2000rpm,5.0,150000
Maruti Swift,Maruti,Swift,3,54000,INDIVIDUAL,DIESEL,Manual,28.4 kmpl,1248 CC,74.0 bhp,190Nm@ 2000rpm,5.0,685000
Jaguar XF,Jaguar,XF,6,23000,DEALER,Diesel,Automatic,16.36 kmpl,2179 CC,187.7 bhp,190Nm@ 2000rpm,5.0,2100000
Hyundai Grand,Hyundai,Grand,5,70000,Individual,Petrol,Manual,18.9 kmpl,1197 CC,82.0 bhp,170Nm@ 1800-2400rpm,5.0,410000
Volkswagen Polo,Volkswagen,Polo,7,40266,Dealer,diesel,Manual,22.07 kmpl,1199 CC,,24@ 1900(kgm@ rpm),5.0,475000
Hyundai i10,Hyundai,i10,10,94000,  Dealer ,Petrol,Automatic,16.95 kmpl,1197 CC,78.9 bhp,"12.7@ 2,700(kgm@ rpm)",5.0,355000
Honda Amaze,Honda,Amaze,1,3000,Dealer,Petrol,Manual,19.5 kmpl,1199 CC,88.76 bhp,24@ 1900(kgm@ rpm),5.0,715000
Hyundai Creta,Hyundai,Creta,5,22000,dealer,Petrol,Automatic,13.0 kmpl,1591 CC,121.3 bhp,250Nm@ 1500-2500rpm,5.0,1075000
Maruti Alto,Maruti,Alto,8,71239,Dealer,petrol,Manual,22.74 kmpl,796 CC,47.3 bhp,190Nm@ 2000rpm,5.0,260000
Mercedes-Benz E-Class,Mercedes-Benz,E-Class,8,30000,Dealer,Petrol,Manual,12.3 kmpl,1796 CC,185.0 bhp,170Nm@ 1800-2400rpm,5.0,1350000
Hyundai Grand,Hyundai,Grand,6,50000,individual,Diesel,Manual,24.0 kmpl,1120 CC,70.0 bhp,24@ 1900(kgm@ rpm),5.0,470000
Maruti Wagon R,Maruti,Wagon R,3,25000,  Individual ,Petrol,Manual,20.51 kmpl,998 CC,67.04 bhp,113Nm@ 4000rpm,,380000
Volkswagen Polo,Volkswagen,Polo,4,41000,DEALER,Diesel,Manual,20.14 kmpl,1498 CC,88.7 bhp,91Nm@ 3500rpm,5.0,630000
Volkswagen Polo,Volkswagen,Polo,6,72477,dealer,PETROL,Manual,16.47 kmpl,1198 CC,74.0 bhp,190Nm@ 2000rpm,5.0,465000
Maruti Eeco,Maruti,Eeco,9,65000,Dealer,PETROL,Manual,,1196 CC,73.0 bhp,113Nm@ 4000rpm,5.0,175000
Volkswagen Vento,Volkswagen,Vento,10,42722,Dealer,Diesel,Manual,20.54 kmpl,1598 CC,103.6 bhp,190Nm@ 2000rpm,5.0,525000
Maruti Baleno,Maruti,Baleno,3,43875,Dealer,Petrol,Automatic,21.4 kmpl,1197 CC,83.1 bhp,250Nm@ 1500-2500rpm,5.0,580000
Ford Figo,Ford,Figo,9,76000,DEALER,Diesel,Manual,20.0 kmpl,1399 CC,68.0 bhp,91Nm@ 3500rpm,5.0,250000
Maruti Swift Dzire,Maruti,Swift Dzire,3,32000,Dealer,Diesel,Manual,19.3 kmpl,1248 CC,73.9 bhp,91Nm@ 3500rpm,5.0,675000
Maruti Ciaz,Maruti,Ciaz,3,65120,Dealer,Petrol,Manual,,1373 CC,91.1 bhp,250Nm@ 1500-2500rpm,5.0,850000
BMW 3,BMW,3,9,50000,  Individual ,Diesel,Automatic,16.07 kmpl,1995 CC,181.0 bhp,200Nm@ 1750rpm,4.0,1100000
Honda WR-V,Honda,WR-V,4,86300,Dealer,Diesel,Manual,,1498 CC,98.6 bhp,24@ 1900(kgm@ rpm),5.0,800000
Maruti Wagon R,Maruti,Wagon R,9,63000,DEALER,cng,Manual,26.2 km/kg,998 CC,,170Nm@ 1800-2400rpm,5.0,295000
Skoda Octavia,Skoda,Octavia,5,68387,Dealer,Diesel,Automatic,19.3 kmpl,1968 CC,141.0 bhp,113Nm@ 4000rpm,5.0,950000
Maruti Wagon R,Maruti,Wagon R,12,98780,Dealer,Petrol,Manual,18.9 kmpl,998 CC,67.1 bhp,250Nm@ 1500-2500rpm,5.0,155000
Renault Duster,Renault,Duster,3,32440,Dealer,Diesel,Manual,,1461 CC,83.8 bhp,200Nm@ 1750rpm,5.0,850000
Maruti Alto,Maruti,Alto,6,15200,Dealer,PETROL,Manual,22.74 kmpl,796 CC,47.3 bhp,170Nm@ 1800-2400rpm,5.0,260000
Maruti Swift Dzire,Maruti,Swift Dzire,1,76165,dealer,Diesel,Manual,19.3 kmpl,1248 CC,73.9 bhp,24@ 1900(kgm@ rpm),5.0,350000
Maruti Swift Dzire,Maruti,Swift Dzire,9,100000,Individual,Petrol,Manual,19.1 kmpl,1197 CC,85.8 bhp,250Nm@ 1500-2500rpm,5.0,300000
Renault KWID,Renault,KWID,4,60000,individual,Petrol,Automatic,24.04 kmpl,999 CC,67.0 bhp,91Nm@ 3500rpm,5.0,380000
Hyundai Grand,Hyundai,Grand,7,55000,Dealer,Diesel,Manual,24.0 kmpl,1120 CC,70.0 bhp,"12.7@ 2,700(kgm@ rpm)",5.0,325000
Hyundai i10,Hyundai,i10,8,80000,Dealer,PETROL,Manual,20.36 kmpl,1197 CC,78.9 bhp,91Nm@ 3500rpm,5.0,255000
Hyundai i10,Hyundai,i10,9,73500,dealer,Petrol,Manual,19.81 kmpl,1086 CC,68.05 bhp,91Nm@ 3500rpm,5.0,235000
Renault KWID,Renault,KWID,2,5000,individual,Petrol,Manual,25.17 kmpl,799 CC,53.3 bhp,91Nm@ 3500rpm,5.0,350000
Datsun RediGO,Datsun,RediGO,5,11995,Dealer,Petrol,Manual,22.7 kmpl,,53.64 bhp,,5.0,330000
Mercedes-Benz C-Class,Mercedes-Benz,C-Class,11,78000,DEALER,PETROL,Automatic,11.74 kmpl,1796 CC,186.0 bhp,200Nm@ 1750rpm,5.0,899000
Ford Ecosport,Ford,Ecosport,6,50000,Dealer,Diesel,Manual,22.7 kmpl,1498 CC,89.84 bhp,"12.7@ 2,700(kgm@ rpm)",,590000
Tata Tiago,Tata,Tiago,2,35000,Individual,Diesel,Manual,27.28 kmpl,1047 CC,69.0 bhp,91Nm@ 3500rpm,5.0,550000
Toyota Innova,Toyota,Innova,14,79000,Dealer,  Diesel ,Manual,12.99 kmpl,2494 CC,100.6 bhp,24@ 1900(kgm@ rpm),7.0,265000
Mercedes-Benz E-Class,Mercedes-Benz,E-Class,10,46001,DEALER,Diesel,Automatic,14.21 kmpl,2143 CC,203.0 bhp,200Nm@ 1750rpm,5.0,1650000
Mahindra XUV500,Mahindra,XUV500,6,100000,individual,diesel,Manual,15.1 kmpl,2179 CC,140.0 bhp,113Nm@ 4000rpm,7.0,655000
Ford Figo,Ford,Figo,8,80000,individual,Diesel,Manual,20.0 kmpl,1399 CC,68.1 bhp,"12.7@ 2,700(kgm@ rpm)",,200000
Hyundai i20,Hyundai,i20,3,12000,individual,PETROL,Manual,17.19 kmpl,1197 CC,81.86 bhp,190Nm@ 2000rpm,5.0,600000
Mahindra XUV500,Mahindra,XUV500,9,82164,Dealer,Diesel,Manual,15.1 kmpl,2179 CC,140.0 bhp,,7.0,780000
Maruti Alto,Maruti,Alto,4,27000,Dealer,Petrol,Manual,24.7 kmpl,796 CC,47.3 bhp,"12.7@ 2,700(kgm@ rpm)",5.0,290000
Hyundai i20,Hyundai,i20,7,67000,Dealer,  Diesel ,Manual,21.9 kmpl,1396 CC,90.0 bhp,190Nm@ 2000rpm,5.0,355000
Hyundai Creta,Hyundai,Creta,6,45000,Dealer,Petrol,Manual,15.29 kmpl,1591 CC,,200Nm@ 1750rpm,5.0,875000
Maruti Wagon R,Maruti,Wagon R,6,120000,individual,Petrol,Manual,20.51 kmpl,998 CC,67.04 bhp,91Nm@ 3500rpm,5.0,300000
Maruti Baleno,Maruti,Baleno,4,35092,Dealer,Petrol,Manual,21.01 kmpl,1197 CC,81.8 bhp,170Nm@ 1800-2400rpm,5.0,545000
Maruti Alto,Maruti,Alto,4,30000,Individual,Petrol,Manual,24.7 kmpl,796 CC,47.3 bhp,"12.7@ 2,700(kgm@ rpm)",5.0,250000
Maruti Alto,Maruti,Alto,10,80000,Individual,petrol,Manual,20.92 kmpl,998 CC,67.1 bhp,24@ 1900(kgm@ rpm),5.0,250000
Maruti Baleno,Maruti,Baleno,3,4000,Dealer,Petrol,Automatic,21.4 kmpl,1197 CC,83.1 bhp,,5.0,650000
Hyundai Creta,Hyundai,Creta,4,49000,dealer,PETROL,Automatic,13.0 kmpl,1591 CC,121.3 bhp,170Nm@ 1800-2400rpm,5.0,1095000
Hyundai Creta,Hyundai,Creta,6,110000,Individual,Diesel,Manual,19.67 kmpl,1582 CC,126.2 bhp,24@ 1900(kgm@ rpm),5.0,1100000
Volkswagen Polo,Volkswagen,Polo,10,63000,Dealer,PETROL,Manual,16.47 kmpl,1198 CC,73.9 bhp,24@ 1900(kgm@ rpm),5.0,245000
Renault Duster,Renault,Duster,9,66000,  Individual ,Diesel,Manual,19.01 kmpl,1461 CC,108.45 bhp,"12.7@ 2,700(kgm@ rpm)",5.0,428000
Maruti Vitara,Maruti,Vitara,3,34000,Dealer,Diesel,Manual,24.3 kmpl,,88.5 bhp,,5.0,795000
Hyundai Creta,Hyundai,Creta,6,52000,Dealer,Diesel,Manual,21.38 kmpl,1396 CC,88.7 bhp,113Nm@ 4000rpm,5.0,925000
Maruti Swift Dzire,Maruti,Swift Dzire,3,18000,DEALER,PETROL,Manual,20.85 kmpl,1197 CC,83.14 bhp,250Nm@ 1500-2500rpm,5.0,650000
Maruti Vitara,Maruti,Vitara,2,22000,Dealer,Diesel,Automatic,24.3 kmpl,1248 CC,88.5 bhp,113Nm@ 4000rpm,5.0,870000
Tata Nexon,Tata,Nexon,3,25000,  Dealer ,PETROL,Automatic,17.0 kmpl,1198 CC,108.5 bhp,"12.7@ 2,700(kgm@ rpm)",5.0,875000
Hyundai i10,Hyundai,i10,9,47000,dealer,Petrol,Automatic,16.95 kmpl,1197 CC,78.9 bhp,190Nm@ 2000rpm,5.0,300000
Mahindra XUV500,Mahindra,XUV500,8,49100,Individual,Diesel,Manual,15.1 kmpl,2179 CC,140.0 bhp,24@ 1900(kgm@ rpm),7.0,800000
Hyundai Verna,Hyundai,Verna,3,22000,Dealer,Petrol,Manual,,1591 CC,121.3 bhp,170Nm@ 1800-2400rpm,5.0,910000
Hyundai i20,Hyundai,i20,9,66259,Dealer,Diesel,Manual,21.9 kmpl,1396 CC,90.0 bhp,24@ 1900(kgm@ rpm),5.0,435000
Mahindra Thar,Mahindra,Thar,3,25000,individual,DIESEL,Manual,16.55 kmpl,2498 CC,105.0 bhp,200Nm@ 1750rpm,6.0,850000
Maruti Swift Dzire,Maruti,Swift Dzire,6,58000,Dealer,DIESEL,Manual,19.3 kmpl,1248 CC,73.9 bhp,190Nm@ 2000rpm,5.0,550000
Ford Figo,Ford,Figo,8,30000,Individual,Diesel,Manual,20.0 kmpl,1399 CC,68.05 bhp,24@ 1900(kgm@ rpm),5.0,250000
Volkswagen Polo,Volkswagen,Polo,7,72000,Individual,Petrol,Manual,16.47 kmpl,1198 CC,74.0 bhp,,5.0,390000
Honda City,Honda,City,13,71441,  Dealer ,  Petrol ,Manual,17.7 kmpl,1497 CC,78.0 bhp,113Nm@ 4000rpm,5.0,327000
Hyundai Grand,Hyundai,Grand,5,30000,individual,  Petrol ,Manual,18.9 kmpl,1197 CC,82.0 bhp,170Nm@ 1800-2400rpm,5.0,420000
Maruti Baleno,Maruti,Baleno,4,25000,dealer,petrol,Manual,21.01 kmpl,1197 CC,81.8 bhp,24@ 1900(kgm@ rpm),5.0,625000
Renault KWID,Renault,KWID,4,35914,Dealer,  Petrol ,Manual,,999 CC,67.0 bhp,190Nm@ 2000rpm,,380000
Honda City,Honda,City,13,70000,DEALER,Petrol,Manual,17.7 kmpl,1497 CC,78.0 bhp,"12.7@ 2,700(kgm@ rpm)",5.0,235000
Maruti Swift Dzire,Maruti,Swift Dzire,9,35000,Individual,petrol,Manual,17.5 kmpl,1197 CC,85.8 bhp,113Nm@ 4000rpm,,350000
Honda Jazz,Honda,Jazz,3,32000,Dealer,Petrol,Automatic,19.0 kmpl,1199 CC,,200Nm@ 1750rpm,5.0,750000
Ford Ecosport,Ford,Ecosport,4,93456,Dealer,DIESEL,Manual,22.77 kmpl,1498 CC,98.59 bhp,190Nm@ 2000rpm,5.0,825000
Hyundai i10,Hyundai,i10,10,75000,DEALER,Petrol,Manual,20.36 kmpl,1197 CC,78.9 bhp,200Nm@ 1750rpm,5.0,345000
Ford Ecosport,Ford,Ecosport,7,74300,Dealer,PETROL,Automatic,16.5 kmpl,1499 CC,110.0 bhp,91Nm@ 3500rpm,5.0,649000
Mahindra XUV500,Mahindra,XUV500,6,90000,Individual,Diesel,Manual,15.1 kmpl,2179 CC,140.0 bhp,200Nm@ 1750rpm,7.0,800000
Hyundai i10,Hyundai,i10,9,36000,Individual,Petrol,Manual,19.81 kmpl,1086 CC,68.05 bhp,190Nm@ 2000rpm,5.0,215000
Audi A4,Audi,A4,7,49000,Individual,  Diesel ,Automatic,17.11 kmpl,1968 CC,174.33 bhp,250Nm@ 1500-2500rpm,5.0,1850000
Maruti Baleno,Maruti,Baleno,6,38819,  Dealer ,Petrol,Manual,21.4 kmpl,1197 CC,83.1 bhp,"12.7@ 2,700(kgm@ rpm)",5.0,510000
Hyundai i20,Hyundai,i20,7,42000,DEALER,PETROL,Manual,18.6 kmpl,1197 CC,81.83 bhp,250Nm@ 1500-2500rpm,5.0,485000
Volkswagen Vento,Volkswagen,Vento,8,47000,Dealer,  Petrol ,Manual,16.09 kmpl,1598 CC,103.2 bhp,91Nm@ 3500rpm,5.0,425000
Toyota Innova,Toyota,Innova,5,100000,Individual,Diesel,Manual,13.68 kmpl,2393 CC,147.8 bhp,113Nm@ 4000rpm,8.0,1600000
Ford Figo,Ford,Figo,9,60000,Dealer,Diesel,Manual,20.0 kmpl,1399 CC,68.0 bhp,91Nm@ 3500rpm,5.0,220000
Mahindra XUV500,Mahindra,XUV500,8,81000,dealer,Diesel,Manual,15.1 kmpl,2179 CC,140.0 bhp,91Nm@ 3500rpm,7.0,715000
Hyundai Verna,Hyundai,Verna,3,5557,Trustmark Dealer,petrol,Manual,17.0 kmpl,1591 CC,121.3 bhp,190Nm@ 2000rpm,5.0,1045000
Maruti Baleno,Maruti,Baleno,2,5000,  Individual ,Petrol,Automatic,21.4 kmpl,1197 CC,83.1 bhp,"12.7@ 2,700(kgm@ rpm)",5.0,686000
Tata Harrier,Tata,Harrier,2,22000,Individual,diesel,Manual,17.0 kmpl,,138.1 bhp,,5.0,1500000
Maruti Swift,Maruti,Swift,5,46000,individual,Diesel,Manual,25.2 kmpl,1248 CC,74.0 bhp,91Nm@ 3500rpm,,450000
BMW X5,BMW,X5,5,32143,Dealer,Diesel,Automatic,15.97 kmpl,2993 CC,258.0 bhp,200Nm@ 1750rpm,5.0,4599000
Honda City,Honda,City,5,51300,  Dealer ,Diesel,Manual,26.0 kmpl,1498 CC,98.6 bhp,200Nm@ 1750rpm,5.0,880000
Kia Seltos,Kia,Seltos,2,7100,Dealer,  Diesel ,Automatic,17.8 kmpl,1493 CC,113.4 bhp,113Nm@ 4000rpm,5.0,1950000
Maruti Alto,Maruti,Alto,11,70000,Individual,Petrol,Manual,19.7 kmpl,796 CC,46.3 bhp,113Nm@ 4000rpm,5.0,150000
Volvo XC90,Volvo,XC90,6,80000,Individual,Diesel,Automatic,17.2 kmpl,1969 CC,235.0 bhp,"12.7@ 2,700(kgm@ rpm)",7.0,4350000
Mahindra Scorpio,Mahindra,Scorpio,13,97000,Dealer,Diesel,Manual,12.05 kmpl,2179 CC,120.0 bhp,,8.0,355000
Hyundai Grand,Hyundai,Grand,3,60000,individual,Diesel,Manual,24.0 kmpl,1186 CC,73.97 bhp,250Nm@ 1500-2500rpm,5.0,536000
Mahindra Scorpio,Mahindra,Scorpio,5,112000,Dealer,Diesel,Manual,15.4 kmpl,2179 CC,120.0 bhp,113Nm@ 4000rpm,7.0,900000
Toyota Innova,Toyota,Innova,4,25000,Individual,diesel,Manual,13.68 kmpl,2393 CC,147.8 bhp,113Nm@ 4000rpm,8.0,1850000
Mahindra Bolero,Mahindra,Bolero,6,72658,  Dealer ,DIESEL,Manual,15.96 kmpl,2523 CC,63.0 bhp,24@ 1900(kgm@ rpm),,480000
Ford Aspire,Ford,Aspire,5,55000,Individual,petrol,Manual,18.16 kmpl,1196 CC,86.8 bhp,91Nm@ 3500rpm,5.0,460000
Mahindra XUV500,Mahindra,XUV500,1,10000,INDIVIDUAL,diesel,Manual,15.1 kmpl,2179 CC,,200Nm@ 1750rpm,7.0,1800000
Mahindra Bolero,Mahindra,Bolero,12,120000,  Individual ,diesel,Manual,13.6 kmpl,2523 CC,63.0 bhp,190Nm@ 2000rpm,7.0,300000
Honda CR-V,Honda,CR-V,4,34000,Dealer,PETROL,Automatic,12.0 kmpl,2354 CC,187.4 bhp,200Nm@ 1750rpm,5.0,1775000
Maruti Swift,Maruti,Swift,5,61000,  Dealer ,Diesel,Manual,28.4 kmpl,1248 CC,,"12.7@ 2,700(kgm@ rpm)",5.0,590000
Hyundai Grand,Hyundai,Grand,3,50000,DEALER,Diesel,Manual,24.0 kmpl,1186 CC,73.97 bhp,24@ 1900(kgm@ rpm),5.0,450000
Hyundai Verna,Hyundai,Verna,8,38000,INDIVIDUAL,petrol,Manual,17.01 kmpl,,121.3 bhp,,5.0,450000
Maruti Vitara,Maruti,Vitara,3,39000,DEALER,Diesel,Manual,24.3 kmpl,1248 CC,88.5 bhp,91Nm@ 3500rpm,5.0,775000
Honda Amaze,Honda,Amaze,8,34294,Individual,Diesel,Manual,25.8 kmpl,1498 CC,98.6 bhp,250Nm@ 1500-2500rpm,5.0,425000
Mercedes-Benz C-Class,Mercedes-Benz,C-Class,10,80000,Dealer,Diesel,Automatic,19.71 kmpl,2143 CC,201.15 bhp,"12.7@ 2,700(kgm@ rpm)",5.0,1090000
Hyundai Santro,Hyundai,Santro,8,150624,Dealer,lpg,Manual,13.45 km/kg,1086 CC,62.1 bhp,200Nm@ 1750rpm,,270000
Hyundai i20,Hyundai,i20,4,27240,Dealer,Petrol,Manual,17.19 kmpl,1197 CC,81.86 bhp,200Nm@ 1750rpm,5.0,642000
Hyundai Venue,Hyundai,Venue,2,27000,Dealer,Petrol,Manual,18.27 kmpl,998 CC,118.35 bhp,"12.7@ 2,700(kgm@ rpm)",5.0,995000
Hyundai i20,Hyundai,i20,11,64000,  Dealer ,PETROL,Manual,18.5 kmpl,1197 CC,80.0 bhp,"12.7@ 2,700(kgm@ rpm)",5.0,375000
Hyundai i20,Hyundai,i20,4,50740,Trustmark Dealer,petrol,Manual,18.6 kmpl,1197 CC,81.83 bhp,24@ 1900(kgm@ rpm),5.0,600000
Mahindra Scorpio,Mahindra,Scorpio,8,209000,Individual,diesel,Manual,12.05 kmpl,2179 CC,120.0 bhp,"12.7@ 2,700(kgm@ rpm)",8.0,700000
Datsun RediGO,Datsun,RediGO,3,16500,Individual,Petrol,Manual,,799 CC,53.64 bhp,250Nm@ 1500-2500rpm,5.0,290000
Honda CR-V,Honda,CR-V,8,82000,Dealer,petrol,Automatic,13.1 kmpl,1997 CC,141.1 bhp,91Nm@ 3500rpm,5.0,890000
Maruti Ignis,Maruti,Ignis,4,60000,Individual,Petrol,Manual,20.89 kmpl,1197 CC,81.8 bhp,170Nm@ 1800-2400rpm,5.0,530000
Ford Ecosport,Ford,Ecosport,4,17908,DEALER,Diesel,Manual,21.7 kmpl,1498 CC,98.96 bhp,250Nm@ 1500-2500rpm,5.0,730000
Maruti Swift Dzire,Maruti,Swift Dzire,8,78619,Dealer,petrol,Manual,19.1 kmpl,1197 CC,85.8 bhp,200Nm@ 1750rpm,5.0,385000
Toyota Innova,Toyota,Innova,12,250000,Individual,diesel,Manual,12.8 kmpl,2494 CC,102.0 bhp,170Nm@ 1800-2400rpm,,600000
Honda Jazz,Honda,Jazz,5,42000,dealer,  Petrol ,Automatic,17.1 kmpl,1199 CC,88.51 bhp,170Nm@ 1800-2400rpm,5.0,660000
Maruti Wagon R,Maruti,Wagon R,6,25000,Individual,Petrol,Manual,,998 CC,67.04 bhp,91Nm@ 3500rpm,5.0,400000
Hyundai i10,Hyundai,i10,11,45415,  Individual ,petrol,Manual,19.81 kmpl,1086 CC,68.05 bhp,"12.7@ 2,700(kgm@ rpm)",5.0,195000
Honda Amaze,Honda,Amaze,7,27233,  Dealer ,Diesel,Manual,25.8 kmpl,1498 CC,,"12.7@ 2,700(kgm@ rpm)",5.0,445000
Toyota Innova,Toyota,Innova,12,160000,Individual,DIESEL,Manual,12.8 kmpl,2494 CC,102.0 bhp,200Nm@ 1750rpm,8.0,450000
Toyota Innova,Toyota,Innova,12,180000,individual,Diesel,Manual,,2494 CC,102.0 bhp,24@ 1900(kgm@ rpm),7.0,430000
Ford Figo,Ford,Figo,10,55500,Dealer,Diesel,Manual,20.0 kmpl,1399 CC,68.05 bhp,24@ 1900(kgm@ rpm),5.0,275000
Datsun RediGO,Datsun,RediGO,5,11169,Dealer,PETROL,Manual,22.7 kmpl,799 CC,53.64 bhp,113Nm@ 4000rpm,5.0,250000
Hyundai i10,Hyundai,i10,11,60000,INDIVIDUAL,petrol,Manual,19.81 kmpl,1086 CC,68.05 bhp,"12.7@ 2,700(kgm@ rpm)",5.0,150000
Hyundai i20,Hyundai,i20,7,74000,Dealer,Petrol,Manual,17.0 kmpl,1197 CC,80.0 bhp,170Nm@ 1800-2400rpm,5.0,575000
BMW 5,BMW,5,6,68000,DEALER,  Diesel ,Automatic,18.12 kmpl,1995 CC,190.0 bhp,200Nm@ 1750rpm,5.0,2550000
BMW 7,BMW,7,11,64000,Dealer,  Petrol ,Automatic,8.77 kmpl,4395 CC,402.0 bhp,200Nm@ 1750rpm,5.0,1499000
Maruti Swift Dzire,Maruti,Swift Dzire,4,120000,  Individual ,Diesel,Manual,28.4 kmpl,1248 CC,74.02 bhp,200Nm@ 1750rpm,5.0,560000
Volkswagen Vento,Volkswagen,Vento,8,49361,Dealer,petrol,Manual,16.09 kmpl,1598 CC,103.2 bhp,170Nm@ 1800-2400rpm,5.0,500000
Hyundai Grand,Hyundai,Grand,6,30000,Individual,Diesel,Manual,24.0 kmpl,1120 CC,70.0 bhp,113Nm@ 4000rpm,5.0,335000
Renault KWID,Renault,KWID,3,21000,Dealer,  Petrol ,Automatic,,999 CC,67.0 bhp,"12.7@ 2,700(kgm@ rpm)",5.0,450000
Maruti Swift Dzire,Maruti,Swift Dzire,8,80000,Individual,  Diesel ,Manual,23.4 kmpl,1248 CC,74.0 bhp,190Nm@ 2000rpm,,390000
Maruti Swift,Maruti,Swift,5,47350,Individual,Diesel,Manual,25.2 kmpl,1248 CC,74.0 bhp,24@ 1900(kgm@ rpm),5.0,640000
Toyota Innova,Toyota,Innova,12,150000,dealer,diesel,Manual,12.8 kmpl,2494 CC,102.0 bhp,190Nm@ 2000rpm,8.0,505000
Maruti Swift Dzire,Maruti,Swift Dzire,6,40000,INDIVIDUAL,petrol,Manual,20.85 kmpl,1197 CC,83.14 bhp,113Nm@ 4000rpm,5.0,400000
Toyota Innova,Toyota,Innova,7,98000,Dealer,diesel,Manual,12.8 kmpl,2494 CC,102.0 bhp,"12.7@ 2,700(kgm@ rpm)",7.0,750000
Maruti Swift,Maruti,Swift,5,29123,Dealer,DIESEL,Manual,25.2 kmpl,1248 CC,74.0 bhp,190Nm@ 2000rpm,5.0,570000
Toyota Innova,Toyota,Innova,2,31999,Dealer,DIESEL,Automatic,11.36 kmpl,2755 CC,171.5 bhp,170Nm@ 1800-2400rpm,7.0,1825000
Hyundai i20,Hyundai,i20,6,42000,Individual,Petrol,Manual,18.6 kmpl,1197 CC,81.83 bhp,113Nm@ 4000rpm,5.0,430000
Land Rover Rover,Land Rover,Rover,10,65000,dealer,Diesel,Automatic,10.2 kmpl,3628 CC,308.0 bhp,91Nm@ 3500rpm,7.0,2899000
Maruti Swift,Maruti,Swift,3,50000,Individual,diesel,Manual,28.4 kmpl,1248 CC,74.0 bhp,91Nm@ 3500rpm,5.0,750000
Honda City,Honda,City,4,15000,Dealer,petrol,Manual,16.8 kmpl,1497 CC,116.3 bhp,170Nm@ 1800-2400rpm,5.0,835000
Mahindra Bolero,Mahindra,Bolero,15,120000,Individual,DIESEL,Manual,13.6 kmpl,2523 CC,63.0 bhp,170Nm@ 1800-2400rpm,,300000
Volkswagen Polo,Volkswagen,Polo,9,62000,Dealer,Diesel,Manual,22.07 kmpl,1199 CC,73.9 bhp,24@ 1900(kgm@ rpm),5.0,225000
Maruti Baleno,Maruti,Baleno,4,53701,Dealer,Diesel,Manual,27.39 kmpl,1248 CC,74.0 bhp,"12.7@ 2,700(kgm@ rpm)",5.0,670000
Mahindra XUV500,Mahindra,XUV500,5,3800000,  Dealer ,  Diesel ,Manual,16.0 kmpl,2179 CC,,190Nm@ 2000rpm,7.0,1225000
Honda City,Honda,City,11,65000,Dealer,Petrol,Manual,17.0 kmpl,1497 CC,118.0 bhp,113Nm@ 4000rpm,5.0,330000
Toyota Fortuner,Toyota,Fortuner,8,52000,Individual,DIESEL,Manual,12.55 kmpl,2982 CC,168.5 bhp,200Nm@ 1750rpm,7.0,1400000
Ford Aspire,Ford,Aspire,6,42000,INDIVIDUAL,Diesel,Manual,25.83 kmpl,1498 CC,99.0 bhp,200Nm@ 1750rpm,5.0,390000
Maruti Wagon R,Maruti,Wagon R,12,120000,Individual,LPG,Manual,17.3 km/kg,1061 CC,57.5 bhp,"12.7@ 2,700(kgm@ rpm)",5.0,110000
Hyundai Verna,Hyundai,Verna,9,60795,  Dealer ,Diesel,Manual,22.32 kmpl,1582 CC,126.3 bhp,,5.0,635000
Hyundai Creta,Hyundai,Creta,3,10000,Individual,petrol,Manual,,1591 CC,121.3 bhp,200Nm@ 1750rpm,5.0,995000
Toyota Innova,Toyota,Innova,5,70000,  Dealer ,Diesel,Manual,12.99 kmpl,2494 CC,100.6 bhp,190Nm@ 2000rpm,7.0,945000
Honda City,Honda,City,12,65000,dealer,  Petrol ,Manual,17.0 kmpl,1497 CC,118.0 bhp,250Nm@ 1500-2500rpm,5.0,270000
Maruti Vitara,Maruti,Vitara,3,93550,DEALER,Diesel,Automatic,24.3 kmpl,1248 CC,88.5 bhp,170Nm@ 1800-2400rpm,5.0,875000
Lexus NX,Lexus,NX,3,44000,dealer,Petrol,Automatic,,2499 CC,194.3 bhp,91Nm@ 3500rpm,5.0,4500000
Maruti Swift Dzire,Maruti,Swift Dzire,6,120000,Individual,Petrol,Manual,20.85 kmpl,1197 CC,83.14 bhp,24@ 1900(kgm@ rpm),5.0,385000
Maruti Alto,Maruti,Alto,5,24000,  Dealer ,Petrol,Manual,22.74 kmpl,796 CC,47.3 bhp,91Nm@ 3500rpm,5.0,275000
Hyundai Creta,Hyundai,Creta,3,67806,Dealer,Diesel,Manual,19.67 kmpl,1582 CC,126.2 bhp,91Nm@ 3500rpm,5.0,1295000
Honda Jazz,Honda,Jazz,6,70100,DEALER,Diesel,Manual,27.3 kmpl,1498 CC,98.6 bhp,200Nm@ 1750rpm,5.0,595000
Maruti Vitara,Maruti,Vitara,4,55000,Dealer,Diesel,Manual,,1248 CC,88.5 bhp,"12.7@ 2,700(kgm@ rpm)",,925000
BMW 3,BMW,3,11,51000,Dealer,Diesel,Automatic,16.07 kmpl,1995 CC,181.0 bhp,24@ 1900(kgm@ rpm),5.0,925000
Renault KWID,Renault,KWID,4,30000,Individual,Petrol,Manual,25.17 kmpl,799 CC,53.3 bhp,24@ 1900(kgm@ rpm),5.0,300000
Maruti Swift Dzire,Maruti,Swift Dzire,10,44070,Dealer,Petrol,Manual,17.5 kmpl,1197 CC,,190Nm@ 2000rpm,5.0,345000
Renault KWID,Renault,KWID,5,51000,Dealer,  Petrol ,Manual,21.74 kmpl,999 CC,67.0 bhp,170Nm@ 1800-2400rpm,5.0,315000
Volkswagen Vento,Volkswagen,Vento,7,74832,Dealer,  Diesel ,Automatic,21.21 kmpl,1498 CC,103.2 bhp,"12.7@ 2,700(kgm@ rpm)",5.0,373000
Maruti Wagon R,Maruti,Wagon R,7,34000,Dealer,Petrol,Manual,20.51 kmpl,998 CC,67.04 bhp,91Nm@ 3500rpm,5.0,325000
BMW 6,BMW,6,2,9000,dealer,Diesel,Automatic,17.09 kmpl,2993 CC,261.4 bhp,91Nm@ 3500rpm,4.0,6500000
Volkswagen Vento,Volkswagen,Vento,3,31900,dealer,Diesel,Manual,22.27 kmpl,1498 CC,108.6 bhp,250Nm@ 1500-2500rpm,5.0,1025000
Maruti Wagon R,Maruti,Wagon R,3,55000,Dealer,  CNG ,Manual,33.54 km/kg,998 CC,67.04 bhp,250Nm@ 1500-2500rpm,5.0,380000
Maruti Celerio,Maruti,Celerio,2,18000,dealer,Petrol,Manual,23.1 kmpl,998 CC,67.04 bhp,91Nm@ 3500rpm,5.0,445000
MG Hector,MG,Hector,2,8500,Dealer,Petrol,Automatic,13.96 kmpl,1451 CC,141.0 bhp,24@ 1900(kgm@ rpm),5.0,1855000
Renault KWID,Renault,KWID,3,20000,  Individual ,PETROL,Manual,23.01 kmpl,999 CC,67.0 bhp,91Nm@ 3500rpm,5.0,340000
Honda Amaze,Honda,Amaze,6,61058,dealer,Diesel,Manual,25.8 kmpl,1498 CC,98.6 bhp,170Nm@ 1800-2400rpm,5.0,475000
Maruti Swift Dzire,Maruti,Swift Dzire,6,50000,Individual,Diesel,Manual,26.59 kmpl,1248 CC,74.0 bhp,200Nm@ 1750rpm,5.0,475000
Mercedes-Benz E-Class,Mercedes-Benz,E-Class,4,26000,DEALER,  Petrol ,Automatic,12.0 kmpl,1991 CC,184.0 bhp,190Nm@ 2000rpm,5.0,4150000
Mahindra XUV500,Mahindra,XUV500,7,110000,Individual,Diesel,Manual,15.1 kmpl,2179 CC,140.0 bhp,24@ 1900(kgm@ rpm),7.0,750000
Hyundai i10,Hyundai,i10,9,57001,DEALER,Petrol,Automatic,16.95 kmpl,1197 CC,78.9 bhp,113Nm@ 4000rpm,5.0,404000
Ford Endeavour,Ford,Endeavour,4,62876,Dealer,DIESEL,Automatic,10.91 kmpl,3198 CC,197.0 bhp,200Nm@ 1750rpm,7.0,2875000
Hyundai Grand,Hyundai,Grand,5,27735,Dealer,Petrol,Manual,,1197 CC,81.86 bhp,190Nm@ 2000rpm,5.0,500000
Volkswagen Polo,Volkswagen,Polo,9,57000,DEALER,Diesel,Manual,22.07 kmpl,1199 CC,73.9 bhp,24@ 1900(kgm@ rpm),5.0,335000
Audi A4,Audi,A4,8,65000,Dealer,DIESEL,Automatic,,1968 CC,147.51 bhp,,5.0,1200000
Maruti Swift,Maruti,Swift,2,40000,Individual,Petrol,Manual,21.21 kmpl,1197 CC,,24@ 1900(kgm@ rpm),5.0,525000
Honda City,Honda,City,7,110000,Individual,Diesel,Manual,26.0 kmpl,1498 CC,98.6 bhp,250Nm@ 1500-2500rpm,5.0,490000
Maruti Wagon R,Maruti,Wagon R,11,73000,DEALER,cng,Manual,26.6 km/kg,998 CC,58.16 bhp,"12.7@ 2,700(kgm@ rpm)",5.0,210000
Maruti Ciaz,Maruti,Ciaz,5,33582,Dealer,Petrol,Automatic,19.12 kmpl,1373 CC,91.1 bhp,250Nm@ 1500-2500rpm,5.0,740000
Maruti Alto,Maruti,Alto,5,35000,Individual,Petrol,Manual,23.95 kmpl,998 CC,67.05 bhp,24@ 1900(kgm@ rpm),5.0,280000
Hyundai Grand,Hyundai,Grand,5,34000,Individual,PETROL,Manual,18.9 kmpl,,82.0 bhp,,5.0,550000
BMW 5,BMW,5,10,63000,DEALER,Diesel,Automatic,18.48 kmpl,1995 CC,177.0 bhp,170Nm@ 1800-2400rpm,5.0,1590000
Maruti Wagon R,Maruti,Wagon R,14,70000,Individual,  Petrol ,Manual,18.9 kmpl,1061 CC,67.0 bhp,"12.7@ 2,700(kgm@ rpm)",,125000
Volkswagen Polo,Volkswagen,Polo,5,63000,Dealer,  Diesel ,Manual,20.14 kmpl,1498 CC,88.0 bhp,113Nm@ 4000rpm,5.0,645000
Honda WR-V,Honda,WR-V,4,40011,Dealer,DIESEL,Manual,25.5 kmpl,1498 CC,98.6 bhp,91Nm@ 3500rpm,5.0,799000
Honda Jazz,Honda,Jazz,6,64000,individual,Petrol,Automatic,19.0 kmpl,1199 CC,88.7 bhp,24@ 1900(kgm@ rpm),5.0,551000
Maruti Wagon R,Maruti,Wagon R,7,83521,Dealer,CNG,Manual,32.52 km/kg,998 CC,58.33 bhp,24@ 1900(kgm@ rpm),5.0,335000
Mahindra XUV500,Mahindra,XUV500,9,100000,Dealer,Diesel,Manual,15.1 kmpl,2179 CC,140.0 bhp,170Nm@ 1800-2400rpm,7.0,775000
Honda City,Honda,City,3,18000,Dealer,Diesel,Manual,26.0 kmpl,1498 CC,98.6 bhp,190Nm@ 2000rpm,5.0,1150000
Hyundai i10,Hyundai,i10,10,63000,  Dealer ,petrol,Manual,20.36 kmpl,1197 CC,78.9 bhp,"12.7@ 2,700(kgm@ rpm)",5.0,320000
Renault Duster,Renault,Duster,6,70000,Individual,DIESEL,Manual,19.01 kmpl,1461 CC,108.45 bhp,200Nm@ 1750rpm,5.0,690000
Maruti Wagon R,Maruti,Wagon R,5,51000,Dealer,cng,Manual,26.6 km/kg,998 CC,58.16 bhp,91Nm@ 3500rpm,5.0,375000
Hyundai Creta,Hyundai,Creta,3,98000,Individual,  Diesel ,Manual,22.1 kmpl,1396 CC,88.7 bhp,24@ 1900(kgm@ rpm),5.0,950000
Skoda Rapid,Skoda,Rapid,7,66000,Dealer,Diesel,Automatic,21.66 kmpl,1498 CC,,,5.0,580000
Maruti Alto,Maruti,Alto,8,51203,  Dealer ,PETROL,Manual,20.92 kmpl,998 CC,67.1 bhp,200Nm@ 1750rpm,5.0,280000
Renault KWID,Renault,KWID,2,13000,Individual,Petrol,Manual,25.17 kmpl,799 CC,53.3 bhp,91Nm@ 3500rpm,5.0,370000
Ford Ecosport,Ford,Ecosport,4,14000,Dealer,Petrol,Manual,15.85 kmpl,1499 CC,110.4 bhp,190Nm@ 2000rpm,5.0,650000
Ford Ecosport,Ford,Ecosport,8,60000,DEALER,Diesel,Manual,22.7 kmpl,1498 CC,89.84 bhp,200Nm@ 1750rpm,5.0,585000
Ford Figo,Ford,Figo,9,80000,Individual,DIESEL,Manual,20.0 kmpl,1399 CC,68.0 bhp,24@ 1900(kgm@ rpm),5.0,325000
Maruti Ertiga,Maruti,Ertiga,5,170000,Individual,CNG,Manual,17.5 km/kg,1373 CC,80.46 bhp,"12.7@ 2,700(kgm@ rpm)",7.0,600000
Toyota Innova,Toyota,Innova,5,125000,Dealer,diesel,Manual,13.68 kmpl,2393 CC,147.51 bhp,250Nm@ 1500-2500rpm,,1625000
Mahindra XUV500,Mahindra,XUV500,2,5000,  Individual ,Diesel,Manual,15.1 kmpl,2179 CC,152.87 bhp,170Nm@ 1800-2400rpm,7.0,1588000
Mahindra Thar,Mahindra,Thar,8,60000,Individual,Diesel,Manual,16.55 kmpl,2498 CC,105.0 bhp,"12.7@ 2,700(kgm@ rpm)",7.0,500000
Mahindra KUV,Mahindra,KUV,5,21000,individual,Petrol,Manual,18.15 kmpl,1198 CC,82.0 bhp,200Nm@ 1750rpm,6.0,400000
Maruti Wagon R,Maruti,Wagon R,5,120000,individual,Petrol,Manual,20.51 kmpl,998 CC,67.04 bhp,190Nm@ 2000rpm,5.0,250000
Hyundai Creta,Hyundai,Creta,6,70000,  Dealer ,Diesel,Manual,19.67 kmpl,1582 CC,126.2 bhp,200Nm@ 1750rpm,5.0,775000
Hyundai i20,Hyundai,i20,6,35000,  Individual ,PETROL,Manual,18.6 kmpl,1197 CC,81.83 bhp,"12.7@ 2,700(kgm@ rpm)",5.0,550000
Maruti Swift Dzire,Maruti,Swift Dzire,3,30000,Individual,  Petrol ,Manual,21.21 kmpl,1197 CC,81.8 bhp,190Nm@ 2000rpm,5.0,575000
Maruti Swift,Maruti,Swift,6,41000,Dealer,Petrol,Manual,22.0 kmpl,1197 CC,,24@ 1900(kgm@ rpm),5.0,515000
Ford Ecosport,Ford,Ecosport,4,39601,Dealer,  Petrol ,Manual,15.9 kmpl,1496 CC,120.69 bhp,170Nm@ 1800-2400rpm,5.0,650000
Maruti Swift,Maruti,Swift,7,67800,Dealer,Diesel,Manual,28.4 kmpl,1248 CC,74.0 bhp,"12.7@ 2,700(kgm@ rpm)",5.0,495000
Volkswagen Polo,Volkswagen,Polo,5,60000,Individual,Petrol,Manual,16.2 kmpl,1199 CC,74.0 bhp,200Nm@ 1750rpm,5.0,485000
Maruti Wagon R,Maruti,Wagon R,7,50000,Individual,Petrol,Manual,20.51 kmpl,998 CC,,250Nm@ 1500-2500rpm,5.0,295000
Audi A4,Audi,A4,10,64690,Dealer,Diesel,Automatic,16.55 kmpl,1968 CC,140.0 bhp,200Nm@ 1750rpm,5.0,890000
Land Rover Rover,Land Rover,Rover,5,128000,DEALER,diesel,Automatic,12.63 kmpl,2179 CC,147.5 bhp,113Nm@ 4000rpm,5.0,2675000
Hyundai Grand,Hyundai,Grand,2,9000,Individual,Diesel,Manual,24.0 kmpl,1186 CC,73.97 bhp,200Nm@ 1750rpm,,650000
Hyundai Creta,Hyundai,Creta,6,90000,Dealer,Diesel,Manual,19.67 kmpl,,126.2 bhp,,5.0,850000
Maruti Alto,Maruti,Alto,7,45075,dealer,Petrol,Manual,22.74 kmpl,796 CC,47.3 bhp,200Nm@ 1750rpm,5.0,255000
Maruti Alto,Maruti,Alto,4,10000,INDIVIDUAL,Petrol,Manual,24.7 kmpl,796 CC,47.3 bhp,113Nm@ 4000rpm,5.0,321000
Maruti Wagon R,Maruti,Wagon R,9,51000,  Individual ,Petrol,Manual,18.9 kmpl,998 CC,67.1 bhp,"12.7@ 2,700(kgm@ rpm)",5.0,200000
BMW 7,BMW,7,13,68000,Dealer,Petrol,Automatic,8.45 kmpl,2979 CC,321.0 bhp,190Nm@ 2000rpm,5.0,750000
Hyundai i20,Hyundai,i20,3,39000,dealer,Diesel,Manual,22.54 kmpl,1396 CC,88.73 bhp,200Nm@ 1750rpm,5.0,625000
Hyundai i10,Hyundai,i10,13,45000,Dealer,Petrol,Manual,19.81 kmpl,1086 CC,68.05 bhp,190Nm@ 2000rpm,5.0,210000
Mahindra Scorpio,Mahindra,Scorpio,11,102272,  Dealer ,Diesel,Manual,12.05 kmpl,2179 CC,120.0 bhp,190Nm@ 2000rpm,8.0,520000
Maruti Swift Dzire,Maruti,Swift Dzire,3,54400,Dealer,DIESEL,Manual,19.3 kmpl,1248 CC,73.9 bhp,"12.7@ 2,700(kgm@ rpm)",5.0,580000
Toyota Fortuner,Toyota,Fortuner,8,82000,Dealer,diesel,Automatic,12.55 kmpl,2982 CC,,91Nm@ 3500rpm,7.0,1249000
Maruti Swift,Maruti,Swift,4,5743,Trustmark Dealer,Petrol,Manual,20.4 kmpl,1197 CC,83.11 bhp,"12.7@ 2,700(kgm@ rpm)",5.0,500000
Skoda Rapid,Skoda,Rapid,6,57493,Dealer,Diesel,Automatic,21.66 kmpl,1498 CC,103.52 bhp,91Nm@ 3500rpm,5.0,595000
Jaguar XF,Jaguar,XF,8,44000,DEALER,DIESEL,Automatic,19.33 kmpl,1999 CC,177.0 bhp,190Nm@ 2000rpm,5.0,1675000
Maruti Wagon R,Maruti,Wagon R,4,25396,Dealer,Petrol,Automatic,20.51 kmpl,998 CC,67.0 bhp,113Nm@ 4000rpm,5.0,410000
Honda Amaze,Honda,Amaze,8,57000,dealer,PETROL,Automatic,18.1 kmpl,1199 CC,88.7 bhp,24@ 1900(kgm@ rpm),5.0,425000
Maruti Alto,Maruti,Alto,5,60000,individual,PETROL,Manual,23.95 kmpl,998 CC,,91Nm@ 3500rpm,,270000
Maruti Swift Dzire,Maruti,Swift Dzire,6,43937,dealer,Petrol,Manual,19.1 kmpl,1197 CC,85.8 bhp,200Nm@ 1750rpm,5.0,570000
Honda Jazz,Honda,Jazz,4,70000,Dealer,diesel,Manual,27.3 kmpl,1498 CC,98.6 bhp,190Nm@ 2000rpm,5.0,625000
Hyundai Verna,Hyundai,Verna,2,10000,Individual,Petrol,Manual,,1591 CC,121.3 bhp,170Nm@ 1800-2400rpm,5.0,999000
Hyundai Grand,Hyundai,Grand,3,35000,Individual,petrol,Manual,18.9 kmpl,1197 CC,81.86 bhp,190Nm@ 2000rpm,5.0,500000
Maruti Wagon R,Maruti,Wagon R,3,52000,individual,petrol,Manual,21.79 kmpl,998 CC,67.05 bhp,91Nm@ 3500rpm,5.0,380000
Honda City,Honda,City,6,53000,Dealer,petrol,Manual,17.4 kmpl,1497 CC,117.3 bhp,91Nm@ 3500rpm,5.0,610000
Toyota Innova,Toyota,Innova,4,85000,individual,Diesel,Manual,13.68 kmpl,2393 CC,147.8 bhp,"12.7@ 2,700(kgm@ rpm)",8.0,1546000
Honda WR-V,Honda,WR-V,2,50000,Individual,Diesel,Manual,25.5 kmpl,1498 CC,98.6 bhp,"12.7@ 2,700(kgm@ rpm)",5.0,950000
Mercedes-Benz GL-Class,Mercedes-Benz,GL-Class,5,60696,Dealer,Diesel,Automatic,11.3 kmpl,2987 CC,254.8 bhp,200Nm@ 1750rpm,7.0,4500000
Ford Ecosport,Ford,Ecosport,7,62091,dealer,  Diesel ,Manual,22.7 kmpl,1498 CC,89.84 bhp,91Nm@ 3500rpm,5.0,465000
Honda City,Honda,City,2,21000,dealer,Petrol,Manual,17.8 kmpl,1497 CC,117.3 bhp,190Nm@ 2000rpm,5.0,1025000
Ford Figo,Ford,Figo,9,98398,  Dealer ,diesel,Manual,20.0 kmpl,1399 CC,68.0 bhp,113Nm@ 4000rpm,5.0,200000
Maruti Baleno,Maruti,Baleno,1,2400,Individual,PETROL,Manual,,1197 CC,81.8 bhp,24@ 1900(kgm@ rpm),5.0,700000
Maruti Swift Dzire,Maruti,Swift Dzire,6,30000,Individual,Petrol,Manual,20.85 kmpl,1197 CC,83.14 bhp,113Nm@ 4000rpm,5.0,450000
Mahindra Bolero,Mahindra,Bolero,3,22000,Individual,Diesel,Manual,15.96 kmpl,2523 CC,62.1 bhp,250Nm@ 1500-2500rpm,7.0,780000
Maruti Wagon R,Maruti,Wagon R,10,90000,Individual,CNG,Manual,26.2 km/kg,998 CC,58.2 bhp,113Nm@ 4000rpm,5.0,280000
Hyundai Santro,Hyundai,Santro,10,74000,Dealer,LPG,Manual,13.45 km/kg,1086 CC,62.1 bhp,"12.7@ 2,700(kgm@ rpm)",5.0,250000
Ford Aspire,Ford,Aspire,5,55000,dealer,diesel,Manual,25.83 kmpl,1498 CC,99.0 bhp,91Nm@ 3500rpm,5.0,435000
Hyundai Creta,Hyundai,Creta,5,43031,dealer,DIESEL,Manual,21.38 kmpl,1396 CC,88.7 bhp,"12.7@ 2,700(kgm@ rpm)",5.0,1050000
Hyundai Santro,Hyundai,Santro,11,40000,Dealer,  Petrol ,Manual,17.92 kmpl,1086 CC,62.1 bhp,91Nm@ 3500rpm,5.0,210000
Hyundai Creta,Hyundai,Creta,5,70000,Individual,Petrol,Manual,15.29 kmpl,1591 CC,121.3 bhp,190Nm@ 2000rpm,5.0,815000
Maruti Ertiga,Maruti,Ertiga,7,53247,DEALER,CNG,Manual,22.8 km/kg,1373 CC,80.9 bhp,200Nm@ 1750rpm,7.0,599000
Maruti Swift,Maruti,Swift,9,90000,INDIVIDUAL,PETROL,Manual,18.6 kmpl,1197 CC,85.8 bhp,170Nm@ 1800-2400rpm,5.0,280000
Maruti Swift Dzire,Maruti,Swift Dzire,11,35966,dealer,petrol,Manual,17.5 kmpl,1298 CC,85.8 bhp,91Nm@ 3500rpm,5.0,260000
Renault Duster,Renault,Duster,5,43811,Dealer,diesel,Manual,19.87 kmpl,1461 CC,83.8 bhp,250Nm@ 1500-2500rpm,5.0,890000
Maruti Baleno,Maruti,Baleno,2,3500,Individual,DIESEL,Manual,27.39 kmpl,1248 CC,74.0 bhp,170Nm@ 1800-2400rpm,5.0,700000
Ford Aspire,Ford,Aspire,5,57500,Individual,DIESEL,Manual,25.83 kmpl,1498 CC,99.0 bhp,200Nm@ 1750rpm,5.0,536000
Maruti Celerio,Maruti,Celerio,4,10000,Individual,PETROL,Manual,23.1 kmpl,998 CC,67.04 bhp,170Nm@ 1800-2400rpm,5.0,450000
Maruti Swift Dzire,Maruti,Swift Dzire,3,33000,Dealer,Petrol,Manual,22.0 kmpl,1197 CC,81.8 bhp,170Nm@ 1800-2400rpm,5.0,650000
Hyundai Grand,Hyundai,Grand,5,22000,Dealer,Diesel,Manual,24.0 kmpl,1120 CC,70.0 bhp,113Nm@ 4000rpm,5.0,625000
Maruti Baleno,Maruti,Baleno,3,13422,dealer,Petrol,Automatic,21.4 kmpl,1197 CC,83.1 bhp,190Nm@ 2000rpm,5.0,793000
Maruti Baleno,Maruti,Baleno,4,40000,Individual,DIESEL,Manual,27.39 kmpl,1248 CC,74.0 bhp,"12.7@ 2,700(kgm@ rpm)",5.0,750000
Maruti Swift,Maruti,Swift,3,13000,  Individual ,Petrol,Manual,22.0 kmpl,1197 CC,81.8 bhp,170Nm@ 1800-2400rpm,5.0,585000
Honda City,Honda,City,15,31000,Dealer,petrol,Manual,17.7 kmpl,1497 CC,78.0 bhp,113Nm@ 4000rpm,5.0,180000
Maruti Vitara,Maruti,Vitara,3,34533,DEALER,Diesel,Automatic,24.3 kmpl,1248 CC,88.5 bhp,190Nm@ 2000rpm,5.0,950000
Hyundai Grand,Hyundai,Grand,6,10000,  Individual ,Petrol,Manual,18.9 kmpl,1197 CC,,91Nm@ 3500rpm,5.0,350000
Maruti Wagon R,Maruti,Wagon R,11,45000,Dealer,Petrol,Manual,18.9 kmpl,1061 CC,67.0 bhp,"12.7@ 2,700(kgm@ rpm)",5.0,190000
Honda WR-V,Honda,WR-V,3,29307,Dealer,diesel,Manual,,1498 CC,98.6 bhp,24@ 1900(kgm@ rpm),5.0,875000
Honda City,Honda,City,7,82911,Dealer,  Diesel ,Manual,,1498 CC,98.6 bhp,113Nm@ 4000rpm,5.0,580000
Volkswagen Vento,Volkswagen,Vento,10,72565,Dealer,Diesel,Manual,22.27 kmpl,1498 CC,108.6 bhp,170Nm@ 1800-2400rpm,5.0,370000
Hyundai i20,Hyundai,i20,3,23000,Dealer,Petrol,Manual,18.6 kmpl,1197 CC,81.83 bhp,91Nm@ 3500rpm,5.0,695000
Hyundai i10,Hyundai,i10,10,45854,Dealer,Petrol,Automatic,16.95 kmpl,1197 CC,78.9 bhp,91Nm@ 3500rpm,5.0,330000
Skoda Superb,Skoda,Superb,12,61205,Dealer,Petrol,Automatic,13.7 kmpl,1798 CC,157.75 bhp,200Nm@ 1750rpm,,449000
Hyundai Verna,Hyundai,Verna,8,76300,Individual,  Diesel ,Manual,22.32 kmpl,1582 CC,126.32 bhp,170Nm@ 1800-2400rpm,5.0,480000
Honda WR-V,Honda,WR-V,4,33000,dealer,Diesel,Manual,25.5 kmpl,1498 CC,98.6 bhp,170Nm@ 1800-2400rpm,5.0,699000
Tata Safari,Tata,Safari,10,80000,Individual,Diesel,Manual,13.93 kmpl,2179 CC,138.0 bhp,200Nm@ 1750rpm,7.0,300000
Hyundai Creta,Hyundai,Creta,5,96000,Individual,Diesel,Manual,19.67 kmpl,1582 CC,126.2 bhp,91Nm@ 3500rpm,5.0,1100000
Mahindra XUV500,Mahindra,XUV500,7,47240,Dealer,DIESEL,Manual,15.1 kmpl,2179 CC,140.0 bhp,24@ 1900(kgm@ rpm),7.0,800000
Maruti Swift,Maruti,Swift,8,63589,DEALER,Diesel,Manual,,1248 CC,74.0 bhp,24@ 1900(kgm@ rpm),5.0,425000
Maruti Baleno,Maruti,Baleno,4,25000,  Dealer ,Petrol,Manual,21.4 kmpl,1197 CC,83.1 bhp,190Nm@ 2000rpm,5.0,590000
Toyota Fortuner,Toyota,Fortuner,6,80000,Individual,Diesel,Manual,12.55 kmpl,2982 CC,168.5 bhp,91Nm@ 3500rpm,7.0,1755000
Volkswagen Vento,Volkswagen,Vento,6,64576,Dealer,Diesel,Automatic,21.5 kmpl,1498 CC,,190Nm@ 2000rpm,5.0,575000
Ford Ecosport,Ford,Ecosport,4,120000,Individual,Diesel,Manual,22.77 kmpl,1498 CC,98.59 bhp,200Nm@ 1750rpm,5.0,680000
Honda Jazz,Honda,Jazz,4,52377,DEALER,petrol,Automatic,19.0 kmpl,1199 CC,88.7 bhp,24@ 1900(kgm@ rpm),5.0,785000
Maruti Vitara,Maruti,Vitara,3,62000,Dealer,Diesel,Manual,24.3 kmpl,1248 CC,88.5 bhp,113Nm@ 4000rpm,5.0,900000
BMW X1,BMW,X1,3,22000,DEALER,DIESEL,Automatic,17.05 kmpl,1995 CC,184.0 bhp,170Nm@ 1800-2400rpm,5.0,3000000
Ford Ecosport,Ford,Ecosport,8,120000,Individual,diesel,Manual,22.77 kmpl,1498 CC,98.59 bhp,24@ 1900(kgm@ rpm),5.0,675000
Volkswagen Vento,Volkswagen,Vento,8,67000,dealer,petrol,Manual,15.04 kmpl,1598 CC,103.6 bhp,113Nm@ 4000rpm,5.0,360000
Maruti Alto,Maruti,Alto,11,70000,INDIVIDUAL,petrol,Manual,19.7 kmpl,796 CC,46.3 bhp,24@ 1900(kgm@ rpm),5.0,135000
Maruti Ciaz,Maruti,Ciaz,6,102000,Individual,Petrol,Manual,20.73 kmpl,1373 CC,91.1 bhp,24@ 1900(kgm@ rpm),5.0,551000
Honda City,Honda,City,12,75000,dealer,Petrol,Manual,16.9 kmpl,1497 CC,100.0 bhp,170Nm@ 1800-2400rpm,5.0,340000
Maruti Swift Dzire,Maruti,Swift Dzire,9,80000,Dealer,Diesel,Manual,19.3 kmpl,1248 CC,73.9 bhp,190Nm@ 2000rpm,5.0,384000
Maruti Alto,Maruti,Alto,13,40000,individual,petrol,Manual,19.7 kmpl,796 CC,46.3 bhp,170Nm@ 1800-2400rpm,5.0,140000
Maruti Ertiga,Maruti,Ertiga,8,90000,Individual,diesel,Manual,20.77 kmpl,1248 CC,,250Nm@ 1500-2500rpm,7.0,450000
Honda City,Honda,City,5,78123,Dealer,Petrol,Manual,17.8 kmpl,1497 CC,117.3 bhp,,5.0,651000
Volkswagen Polo,Volkswagen,Polo,7,40000,Individual,Diesel,Manual,20.14 kmpl,1498 CC,88.8 bhp,24@ 1900(kgm@ rpm),5.0,600000
Mahindra XUV500,Mahindra,XUV500,8,55000,Individual,Diesel,Manual,15.1 kmpl,2179 CC,140.0 bhp,24@ 1900(kgm@ rpm),7.0,749000
Ford Figo,Ford,Figo,9,35000,Dealer,Petrol,Manual,15.6 kmpl,1196 CC,70.0 bhp,170Nm@ 1800-2400rpm,5.0,245000
Honda City,Honda,City,6,87000,Dealer,Diesel,Manual,26.0 kmpl,1498 CC,98.6 bhp,24@ 1900(kgm@ rpm),5.0,525000
Hyundai Creta,Hyundai,Creta,6,47000,Dealer,PETROL,Manual,15.8 kmpl,1591 CC,121.3 bhp,200Nm@ 1750rpm,5.0,840000
Hyundai i20,Hyundai,i20,11,49000,Dealer,Petrol,Manual,18.5 kmpl,1197 CC,80.0 bhp,190Nm@ 2000rpm,5.0,260000
Hyundai i20,Hyundai,i20,7,90000,individual,Petrol,Manual,18.5 kmpl,1197 CC,82.85 bhp,91Nm@ 3500rpm,5.0,535000
Maruti Baleno,Maruti,Baleno,4,26000,DEALER,Petrol,Manual,21.01 kmpl,1197 CC,81.8 bhp,91Nm@ 3500rpm,5.0,749000
Skoda Rapid,Skoda,Rapid,7,87232,Dealer,diesel,Manual,20.5 kmpl,1598 CC,103.5 bhp,190Nm@ 2000rpm,,260000
Maruti Ciaz,Maruti,Ciaz,5,63000,DEALER,Diesel,Manual,28.09 kmpl,1248 CC,88.5 bhp,190Nm@ 2000rpm,5.0,630000
Audi A6,Audi,A6,8,59654,Dealer,Diesel,Automatic,,1968 CC,174.33 bhp,200Nm@ 1750rpm,5.0,1449000
Honda WR-V,Honda,WR-V,4,110000,Individual,diesel,Manual,25.5 kmpl,1498 CC,,200Nm@ 1750rpm,5.0,775000
Volkswagen Polo,Volkswagen,Polo,5,110000,INDIVIDUAL,diesel,Manual,20.14 kmpl,1498 CC,88.7 bhp,113Nm@ 4000rpm,5.0,550000
Hyundai Creta,Hyundai,Creta,5,10000,INDIVIDUAL,Petrol,Manual,15.29 kmpl,1591 CC,121.3 bhp,190Nm@ 2000rpm,5.0,1000000
Hyundai Grand,Hyundai,Grand,4,15000,Dealer,Petrol,Automatic,18.9 kmpl,1197 CC,82.0 bhp,,5.0,550000
BMW 6,BMW,6,12,65000,Dealer,Petrol,Automatic,7.94 kmpl,,,,4.0,1500000
Honda Jazz,Honda,Jazz,4,41000,Dealer,Petrol,Automatic,18.2 kmpl,1199 CC,88.7 bhp,"12.7@ 2,700(kgm@ rpm)",5.0,725000
Hyundai Creta,Hyundai,Creta,3,40000,INDIVIDUAL,Diesel,Automatic,17.01 kmpl,1582 CC,126.2 bhp,113Nm@ 4000rpm,5.0,1250000
Maruti Alto,Maruti,Alto,3,40000,Individual,Petrol,Manual,24.7 kmpl,796 CC,47.3 bhp,250Nm@ 1500-2500rpm,5.0,350000
Hyundai Venue,Hyundai,Venue,1,2600,Individual,Petrol,Manual,18.27 kmpl,998 CC,118.35 bhp,170Nm@ 1800-2400rpm,5.0,950000
Maruti Swift Dzire,Maruti,Swift Dzire,6,55000,dealer,  Diesel ,Manual,28.4 kmpl,1248 CC,74.02 bhp,250Nm@ 1500-2500rpm,5.0,500000
Maruti Alto,Maruti,Alto,3,23150,Dealer,Petrol,Automatic,23.95 kmpl,998 CC,67.1 bhp,91Nm@ 3500rpm,5.0,394000
Mercedes-Benz C-Class,Mercedes-Benz,C-Class,10,22800,dealer,Petrol,Automatic,11.74 kmpl,1796 CC,186.0 bhp,250Nm@ 1500-2500rpm,5.0,1350000
Honda Jazz,Honda,Jazz,9,57000,Dealer,petrol,Manual,16.7 kmpl,1198 CC,88.8 bhp,250Nm@ 1500-2500rpm,5.0,325000
Maruti Ciaz,Maruti,Ciaz,4,45000,Dealer,diesel,Manual,28.09 kmpl,1248 CC,88.5 bhp,"12.7@ 2,700(kgm@ rpm)",5.0,631000
Mercedes-Benz E-Class,Mercedes-Benz,E-Class,6,26952,Dealer,Diesel,Automatic,13.0 kmpl,2143 CC,201.1 bhp,91Nm@ 3500rpm,5.0,2600000
Mercedes-Benz E-Class,Mercedes-Benz,E-Class,4,52000,Dealer,diesel,Automatic,13.0 kmpl,2143 CC,,"12.7@ 2,700(kgm@ rpm)",5.0,2950000
Maruti Wagon R,Maruti,Wagon R,13,80000,Individual,Petrol,Manual,18.9 kmpl,998 CC,67.1 bhp,250Nm@ 1500-2500rpm,5.0,150000
Maruti Swift Dzire,Maruti,Swift Dzire,9,120000,Individual,DIESEL,Manual,19.3 kmpl,1248 CC,73.9 bhp,200Nm@ 1750rpm,5.0,450000
Maruti Swift,Maruti,Swift,5,60000,Dealer,Diesel,Manual,28.4 kmpl,1248 CC,74.0 bhp,91Nm@ 3500rpm,5.0,590000
Volkswagen Polo,Volkswagen,Polo,5,53000,Dealer,Petrol,Automatic,17.21 kmpl,,,,5.0,690000
Tata Tiago,Tata,Tiago,2,10000,Individual,petrol,Manual,23.84 kmpl,1199 CC,84.0 bhp,250Nm@ 1500-2500rpm,5.0,550000
Maruti Swift Dzire,Maruti,Swift Dzire,5,50000,DEALER,Petrol,Manual,20.85 kmpl,1197 CC,83.14 bhp,"12.7@ 2,700(kgm@ rpm)",5.0,550000
Ford Ecosport,Ford,Ecosport,7,62000,Dealer,DIESEL,Manual,,1498 CC,89.84 bhp,250Nm@ 1500-2500rpm,5.0,545000
Hyundai i20,Hyundai,i20,2,20000,individual,petrol,Manual,18.6 kmpl,1197 CC,81.86 bhp,170Nm@ 1800-2400rpm,5.0,630000
Maruti Swift Dzire,Maruti,Swift Dzire,5,52000,Dealer,Diesel,Manual,19.3 kmpl,1248 CC,73.9 bhp,190Nm@ 2000rpm,5.0,680000
Mahindra Bolero,Mahindra,Bolero,3,70000,Individual,Diesel,Manual,16.5 kmpl,1493 CC,70.0 bhp,170Nm@ 1800-2400rpm,7.0,670000
Ford Figo,Ford,Figo,4,80000,Individual,Diesel,Manual,25.83 kmpl,,99.0 bhp,,5.0,520000
Maruti Vitara,Maruti,Vitara,5,67000,Dealer,Diesel,Manual,24.3 kmpl,1248 CC,88.5 bhp,113Nm@ 4000rpm,5.0,780000
Maruti Alto,Maruti,Alto,5,52361,Dealer,petrol,Manual,23.95 kmpl,998 CC,67.05 bhp,113Nm@ 4000rpm,5.0,350000
Hyundai i20,Hyundai,i20,4,57000,DEALER,Petrol,Manual,18.6 kmpl,1197 CC,81.86 bhp,113Nm@ 4000rpm,5.0,690000
Maruti Baleno,Maruti,Baleno,4,100000,INDIVIDUAL,petrol,Manual,21.4 kmpl,1197 CC,83.1 bhp,200Nm@ 1750rpm,5.0,600000
Hyundai i20,Hyundai,i20,4,52896,Trustmark Dealer,Petrol,Manual,18.6 kmpl,1197 CC,81.83 bhp,190Nm@ 2000rpm,,555000
Maruti S-Presso,Maruti,S-Presso,2,8400,Individual,Petrol,Manual,21.7 kmpl,998 CC,67.0 bhp,170Nm@ 1800-2400rpm,5.0,420000
Maruti Swift,Maruti,Swift,8,80000,Individual,Diesel,Manual,22.9 kmpl,1248 CC,74.0 bhp,200Nm@ 1750rpm,5.0,350000
Hyundai i20,Hyundai,i20,10,100000,  Individual ,Diesel,Manual,23.0 kmpl,1396 CC,90.0 bhp,24@ 1900(kgm@ rpm),5.0,320000
Mahindra Scorpio,Mahindra,Scorpio,4,42000,dealer,  Diesel ,Manual,15.4 kmpl,2523 CC,75.0 bhp,113Nm@ 4000rpm,7.0,935000
Maruti Wagon R,Maruti,Wagon R,6,50000,Individual,CNG,Manual,26.6 km/kg,,58.16 bhp,,5.0,450000
Maruti Baleno,Maruti,Baleno,3,9600,Dealer,PETROL,Automatic,19.56 kmpl,,81.8 bhp,,5.0,825000
Maruti Swift,Maruti,Swift,10,22813,DEALER,Diesel,Manual,22.9 kmpl,1248 CC,74.0 bhp,190Nm@ 2000rpm,5.0,450000
Maruti Celerio,Maruti,Celerio,5,30000,Individual,PETROL,Automatic,23.1 kmpl,998 CC,67.04 bhp,170Nm@ 1800-2400rpm,5.0,450000
MG Hector,MG,Hector,2,13000,Dealer,Petrol,Automatic,13.96 kmpl,1451 CC,141.0 bhp,250Nm@ 1500-2500rpm,5.0,1725000
Maruti Swift Dzire,Maruti,Swift Dzire,3,100000,INDIVIDUAL,Petrol,Manual,19.0 kmpl,1197 CC,85.8 bhp,24@ 1900(kgm@ rpm),5.0,375000
Hyundai i10,Hyundai,i10,14,97000,DEALER,Petrol,Manual,20.36 kmpl,1197 CC,78.9 bhp,,5.0,245000
Maruti Ertiga,Maruti,Ertiga,8,138000,dealer,Diesel,Manual,25.47 kmpl,1248 CC,88.5 bhp,170Nm@ 1800-2400rpm,7.0,690000
Volkswagen Vento,Volkswagen,Vento,5,56205,  Dealer ,petrol,Automatic,18.19 kmpl,1197 CC,103.2 bhp,24@ 1900(kgm@ rpm),5.0,650000
Datsun GO,Datsun,GO,5,120000,Individual,Petrol,Manual,20.62 kmpl,1198 CC,67.0 bhp,170Nm@ 1800-2400rpm,7.0,200000
BMW 3,BMW,3,9,60000,dealer,Diesel,Automatic,16.07 kmpl,1995 CC,181.0 bhp,24@ 1900(kgm@ rpm),4.0,1250000
Mercedes-Benz E-Class,Mercedes-Benz,E-Class,4,48000,Dealer,DIESEL,Automatic,16.1 kmpl,1950 CC,191.7 bhp,"12.7@ 2,700(kgm@ rpm)",5.0,3750000
BMW 5,BMW,5,5,75000,dealer,Diesel,Automatic,22.48 kmpl,1995 CC,187.74 bhp,113Nm@ 4000rpm,5.0,2600000
Renault KWID,Renault,KWID,3,7300,Individual,Petrol,Manual,25.17 kmpl,799 CC,,113Nm@ 4000rpm,5.0,330000
Maruti Celerio,Maruti,Celerio,6,50000,Individual,Petrol,Automatic,23.1 kmpl,998 CC,67.04 bhp,24@ 1900(kgm@ rpm),5.0,400000
MG Hector,MG,Hector,2,4100,Dealer,Petrol,Automatic,13.96 kmpl,1451 CC,141.0 bhp,190Nm@ 2000rpm,5.0,1865000
Ford Ecosport,Ford,Ecosport,3,36000,dealer,Diesel,Manual,23.0 kmpl,1498 CC,98.96 bhp,250Nm@ 1500-2500rpm,5.0,825000
Mahindra XUV500,Mahindra,XUV500,3,31324,  Dealer ,Diesel,Manual,16.0 kmpl,2179 CC,140.0 bhp,200Nm@ 1750rpm,7.0,1685000
Maruti Swift Dzire,Maruti,Swift Dzire,6,72000,Dealer,  Diesel ,Manual,26.59 kmpl,1248 CC,74.0 bhp,250Nm@ 1500-2500rpm,5.0,695000
Hyundai Verna,Hyundai,Verna,10,110000,Individual,diesel,Manual,,,126.3 bhp,,5.0,530000
Maruti Swift Dzire,Maruti,Swift Dzire,10,180000,Individual,Diesel,Manual,19.3 kmpl,1248 CC,73.9 bhp,"12.7@ 2,700(kgm@ rpm)",5.0,380000
Hyundai Grand,Hyundai,Grand,4,76000,Dealer,Petrol,Automatic,18.9 kmpl,1197 CC,82.0 bhp,113Nm@ 4000rpm,5.0,515000
BMW 5,BMW,5,6,52000,Dealer,Diesel,Automatic,18.12 kmpl,1995 CC,190.0 bhp,24@ 1900(kgm@ rpm),5.0,1850000
Ford Figo,Ford,Figo,6,85000,Individual,DIESEL,Manual,25.83 kmpl,,99.0 bhp,,5.0,250000
Mahindra Alturas,Mahindra,Alturas,2,36000,dealer,Diesel,Automatic,12.05 kmpl,2157 CC,178.49 bhp,91Nm@ 3500rpm,7.0,2950000
Hyundai Verna,Hyundai,Verna,7,68000,Dealer,Diesel,Manual,22.32 kmpl,1582 CC,126.32 bhp,200Nm@ 1750rpm,5.0,475000
Maruti Swift,Maruti,Swift,6,30000,Individual,Petrol,Manual,20.4 kmpl,1197 CC,81.8 bhp,250Nm@ 1500-2500rpm,5.0,370000
Hyundai Creta,Hyundai,Creta,4,33000,dealer,Diesel,Manual,19.67 kmpl,1582 CC,126.2 bhp,"12.7@ 2,700(kgm@ rpm)",5.0,1070000
Maruti Alto,Maruti,Alto,7,56332,dealer,Petrol,Manual,23.95 kmpl,998 CC,,200Nm@ 1750rpm,5.0,285000
Maruti Swift,Maruti,Swift,4,14838,Individual,Petrol,Manual,22.0 kmpl,1197 CC,81.8 bhp,200Nm@ 1750rpm,5.0,525000
Mahindra Thar,Mahindra,Thar,5,49000,Dealer,Diesel,Manual,16.55 kmpl,2498 CC,,91Nm@ 3500rpm,7.0,750000
Maruti Alto,Maruti,Alto,7,20068,Dealer,petrol,Manual,23.95 kmpl,998 CC,67.05 bhp,170Nm@ 1800-2400rpm,5.0,286000
BMW 3,BMW,3,6,45000,DEALER,Diesel,Automatic,22.69 kmpl,1995 CC,190.0 bhp,250Nm@ 1500-2500rpm,5.0,1890000
Maruti Wagon R,Maruti,Wagon R,11,49000,dealer,Petrol,Manual,18.9 kmpl,998 CC,67.1 bhp,,5.0,220000
Hyundai i20,Hyundai,i20,10,60000,  Dealer ,Petrol,Manual,17.0 kmpl,1197 CC,80.0 bhp,91Nm@ 3500rpm,5.0,245000
Hyundai i20,Hyundai,i20,8,28000,Dealer,PETROL,Manual,18.5 kmpl,1197 CC,82.85 bhp,91Nm@ 3500rpm,5.0,425000
BMW 5,BMW,5,2,18000,DEALER,Diesel,Automatic,22.48 kmpl,1995 CC,187.74 bhp,113Nm@ 4000rpm,5.0,4500000
Maruti Swift,Maruti,Swift,3,54100,DEALER,Diesel,Manual,22.9 kmpl,1248 CC,74.0 bhp,24@ 1900(kgm@ rpm),5.0,650000
Maruti Alto,Maruti,Alto,7,25000,Dealer,Petrol,Manual,22.74 kmpl,796 CC,47.3 bhp,200Nm@ 1750rpm,5.0,265000
Maruti Alto,Maruti,Alto,5,40000,Individual,  Petrol ,Manual,22.74 kmpl,796 CC,47.3 bhp,190Nm@ 2000rpm,5.0,280000
Renault Duster,Renault,Duster,9,70000,Individual,Diesel,Manual,19.01 kmpl,1461 CC,108.45 bhp,91Nm@ 3500rpm,5.0,400000
Maruti Ciaz,Maruti,Ciaz,3,15700,Dealer,Petrol,Automatic,20.28 kmpl,1462 CC,103.25 bhp,113Nm@ 4000rpm,5.0,920000
Hyundai Grand,Hyundai,Grand,7,35000,INDIVIDUAL,petrol,Manual,18.9 kmpl,1197 CC,82.0 bhp,190Nm@ 2000rpm,5.0,425000
Hyundai Grand,Hyundai,Grand,3,10000,individual,petrol,Manual,18.9 kmpl,,81.86 bhp,,5.0,450000
Maruti Swift Dzire,Maruti,Swift Dzire,7,91000,Dealer,DIESEL,Manual,23.4 kmpl,1248 CC,74.0 bhp,"12.7@ 2,700(kgm@ rpm)",5.0,550000
Maruti Alto,Maruti,Alto,10,64100,dealer,  Petrol ,Manual,20.92 kmpl,998 CC,67.1 bhp,24@ 1900(kgm@ rpm),5.0,210000
Renault KWID,Renault,KWID,4,33000,Dealer,PETROL,Manual,23.01 kmpl,999 CC,67.0 bhp,"12.7@ 2,700(kgm@ rpm)",5.0,360000
Maruti Alto,Maruti,Alto,1,5000,Individual,  Petrol ,Manual,22.05 kmpl,796 CC,47.3 bhp,170Nm@ 1800-2400rpm,5.0,373000
Hyundai i20,Hyundai,i20,3,20000,Dealer,Petrol,Automatic,17.4 kmpl,1197 CC,81.86 bhp,200Nm@ 1750rpm,5.0,795000
Maruti Wagon R,Maruti,Wagon R,6,28207,Dealer,  Petrol ,Manual,21.79 kmpl,998 CC,67.05 bhp,24@ 1900(kgm@ rpm),5.0,320000
Hyundai i20,Hyundai,i20,6,48000,individual,Diesel,Manual,22.54 kmpl,1396 CC,88.73 bhp,113Nm@ 4000rpm,5.0,635000
Maruti Ertiga,Maruti,Ertiga,4,50000,Dealer,diesel,Manual,24.2 kmpl,1498 CC,93.87 bhp,170Nm@ 1800-2400rpm,7.0,740000
Mahindra Bolero,Mahindra,Bolero,7,60000,INDIVIDUAL,  Diesel ,Manual,15.96 kmpl,2523 CC,63.0 bhp,170Nm@ 1800-2400rpm,9.0,575000
Ford Ecosport,Ford,Ecosport,6,131100,individual,DIESEL,Manual,22.77 kmpl,1498 CC,98.59 bhp,24@ 1900(kgm@ rpm),5.0,600000
Skoda Superb,Skoda,Superb,8,49944,dealer,Petrol,Manual,13.14 kmpl,1798 CC,160.0 bhp,"12.7@ 2,700(kgm@ rpm)",5.0,470000
Tata Tiago,Tata,Tiago,2,20000,Individual,Petrol,Manual,23.84 kmpl,,84.0 bhp,,5.0,550000
Maruti Alto,Maruti,Alto,14,25000,Individual,PETROL,Manual,19.7 kmpl,796 CC,46.3 bhp,"12.7@ 2,700(kgm@ rpm)",5.0,100000
Toyota Fortuner,Toyota,Fortuner,4,70000,Individual,Diesel,Manual,14.24 kmpl,2755 CC,174.5 bhp,"12.7@ 2,700(kgm@ rpm)",7.0,2800000
BMW 5,BMW,5,6,55121,Dealer,Diesel,Automatic,18.48 kmpl,,177.0 bhp,,5.0,2111000
Hyundai Grand,Hyundai,Grand,5,48000,Dealer,diesel,Manual,24.0 kmpl,1120 CC,70.0 bhp,190Nm@ 2000rpm,5.0,415000
Hyundai i10,Hyundai,i10,12,18000,  Dealer ,Petrol,Manual,20.36 kmpl,1197 CC,78.9 bhp,170Nm@ 1800-2400rpm,5.0,330000
Honda Jazz,Honda,Jazz,9,40383,  Dealer ,Petrol,Manual,16.7 kmpl,1198 CC,88.8 bhp,"12.7@ 2,700(kgm@ rpm)",5.0,325000
Honda City,Honda,City,3,25000,Individual,PETROL,Automatic,18.0 kmpl,1497 CC,117.6 bhp,170Nm@ 1800-2400rpm,5.0,940000
Mahindra XUV500,Mahindra,XUV500,5,120000,individual,  Diesel ,Automatic,16.0 kmpl,2179 CC,140.0 bhp,190Nm@ 2000rpm,7.0,1400000
BMW 3,BMW,3,6,33000,  Dealer ,Diesel,Automatic,19.62 kmpl,1995 CC,187.74 bhp,200Nm@ 1750rpm,5.0,2050000
Honda CR-V,Honda,CR-V,4,55000,Dealer,Petrol,Automatic,11.1 kmpl,2354 CC,158.8 bhp,250Nm@ 1500-2500rpm,5.0,1750000
Maruti Alto,Maruti,Alto,14,76366,Dealer,Petrol,Manual,19.7 kmpl,796 CC,46.3 bhp,24@ 1900(kgm@ rpm),5.0,185000
Maruti Ertiga,Maruti,Ertiga,8,53080,  Dealer ,Diesel,Manual,25.47 kmpl,1248 CC,88.5 bhp,113Nm@ 4000rpm,7.0,475000
Hyundai Verna,Hyundai,Verna,5,52000,Dealer,Diesel,Manual,23.9 kmpl,1582 CC,126.32 bhp,170Nm@ 1800-2400rpm,5.0,875000
Mercedes-Benz GL-Class,Mercedes-Benz,GL-Class,8,51000,DEALER,Diesel,Automatic,12.0 kmpl,2987 CC,221.3 bhp,91Nm@ 3500rpm,7.0,3100000
Toyota Innova,Toyota,Innova,5,119000,Dealer,DIESEL,Manual,,2393 CC,147.8 bhp,170Nm@ 1800-2400rpm,7.0,1400000
Honda Amaze,Honda,Amaze,6,66000,dealer,  Diesel ,Manual,25.8 kmpl,1498 CC,98.6 bhp,250Nm@ 1500-2500rpm,5.0,415000
Maruti Wagon R,Maruti,Wagon R,4,25000,Dealer,Petrol,Automatic,21.79 kmpl,998 CC,,190Nm@ 2000rpm,5.0,425000
Maruti Eeco,Maruti,Eeco,5,40000,Dealer,PETROL,Manual,15.37 kmpl,1196 CC,72.42 bhp,"12.7@ 2,700(kgm@ rpm)",,365000
Toyota Innova,Toyota,Innova,7,210000,Individual,Diesel,Manual,12.99 kmpl,2494 CC,100.57 bhp,250Nm@ 1500-2500rpm,7.0,600000
Honda City,Honda,City,6,83000,Dealer,  Diesel ,Manual,26.0 kmpl,1498 CC,98.6 bhp,200Nm@ 1750rpm,5.0,675000
Maruti Swift,Maruti,Swift,7,89000,Individual,DIESEL,Manual,25.2 kmpl,1248 CC,74.0 bhp,170Nm@ 1800-2400rpm,5.0,350000
Mahindra Marazzo,Mahindra,Marazzo,1,5000,Individual,DIESEL,Manual,17.3 kmpl,1497 CC,121.0 bhp,113Nm@ 4000rpm,7.0,1100000
Audi A6,Audi,A6,6,56227,DEALER,Diesel,Automatic,17.68 kmpl,1968 CC,174.33 bhp,200Nm@ 1750rpm,5.0,2675000
Hyundai i20,Hyundai,i20,9,56328,dealer,Diesel,Manual,21.9 kmpl,1396 CC,88.76 bhp,24@ 1900(kgm@ rpm),5.0,370000
Hyundai Grand,Hyundai,Grand,6,40000,Individual,  Petrol ,Manual,18.9 kmpl,1197 CC,82.0 bhp,200Nm@ 1750rpm,5.0,375000
Tata Safari,Tata,Safari,12,110000,  Individual ,diesel,Manual,11.57 kmpl,2179 CC,138.1 bhp,190Nm@ 2000rpm,7.0,300000
Toyota Innova,Toyota,Innova,2,10000,Dealer,Diesel,Automatic,11.36 kmpl,2755 CC,171.5 bhp,200Nm@ 1750rpm,7.0,1900000
Honda City,Honda,City,11,77250,Dealer,Petrol,Automatic,16.8 kmpl,1497 CC,118.0 bhp,250Nm@ 1500-2500rpm,5.0,349000
Hyundai i10,Hyundai,i10,8,45000,Individual,Petrol,Manual,20.36 kmpl,1197 CC,78.9 bhp,24@ 1900(kgm@ rpm),5.0,280000
BMW X1,BMW,X1,9,92000,Dealer,diesel,Automatic,17.05 kmpl,1995 CC,184.0 bhp,200Nm@ 1750rpm,5.0,1200000
Maruti Swift,Maruti,Swift,5,40000,Individual,Diesel,Manual,25.2 kmpl,1248 CC,74.0 bhp,190Nm@ 2000rpm,5.0,500000
Maruti Swift,Maruti,Swift,11,100000,INDIVIDUAL,DIESEL,Manual,17.8 kmpl,1248 CC,,"12.7@ 2,700(kgm@ rpm)",5.0,250000
Maruti Baleno,Maruti,Baleno,4,35000,Dealer,petrol,Automatic,19.56 kmpl,1197 CC,81.8 bhp,190Nm@ 2000rpm,5.0,670000
Honda Jazz,Honda,Jazz,3,45178,  Dealer ,Petrol,Manual,18.7 kmpl,1199 CC,88.7 bhp,91Nm@ 3500rpm,5.0,650000
Honda City,Honda,City,12,100000,individual,Petrol,Manual,17.0 kmpl,1497 CC,118.0 bhp,170Nm@ 1800-2400rpm,5.0,300000
Maruti Swift,Maruti,Swift,6,78000,  Dealer ,Diesel,Manual,25.2 kmpl,1248 CC,74.0 bhp,91Nm@ 3500rpm,5.0,465000
Toyota Fortuner,Toyota,Fortuner,3,32000,Dealer,  Diesel ,Automatic,12.9 kmpl,2755 CC,174.5 bhp,250Nm@ 1500-2500rpm,7.0,2950000
Hyundai Santro,Hyundai,Santro,13,54000,  Dealer ,Petrol,Manual,17.92 kmpl,1086 CC,62.1 bhp,250Nm@ 1500-2500rpm,5.0,235000
Hyundai Creta,Hyundai,Creta,5,57000,DEALER,Diesel,Manual,19.67 kmpl,1582 CC,126.2 bhp,190Nm@ 2000rpm,5.0,1075000
Maruti Alto,Maruti,Alto,6,35236,Dealer,Petrol,Manual,22.74 kmpl,796 CC,47.3 bhp,113Nm@ 4000rpm,5.0,300000
Hyundai i10,Hyundai,i10,7,70000,individual,Petrol,Manual,20.36 kmpl,1197 CC,78.9 bhp,24@ 1900(kgm@ rpm),5.0,220000
Mercedes-Benz C-Class,Mercedes-Benz,C-Class,8,29000,dealer,PETROL,Automatic,14.74 kmpl,1991 CC,181.03 bhp,"12.7@ 2,700(kgm@ rpm)",5.0,1250000
Tata Nexon,Tata,Nexon,2,20000,INDIVIDUAL,Diesel,Manual,21.5 kmpl,1497 CC,108.5 bhp,190Nm@ 2000rpm,5.0,1000000
Renault Duster,Renault,Duster,7,65000,Dealer,diesel,Manual,20.45 kmpl,1461 CC,83.8 bhp,170Nm@ 1800-2400rpm,5.0,450000
Maruti Alto,Maruti,Alto,5,10370,INDIVIDUAL,Petrol,Manual,22.74 kmpl,796 CC,47.3 bhp,113Nm@ 4000rpm,5.0,320000
Maruti Swift,Maruti,Swift,8,54000,Dealer,diesel,Manual,22.9 kmpl,1248 CC,74.0 bhp,113Nm@ 4000rpm,5.0,445000
Honda Amaze,Honda,Amaze,8,51112,Dealer,Petrol,Automatic,15.5 kmpl,1198 CC,86.7 bhp,170Nm@ 1800-2400rpm,5.0,295000
Hyundai i10,Hyundai,i10,12,56700,  Dealer ,  Petrol ,Manual,20.36 kmpl,1197 CC,78.9 bhp,91Nm@ 3500rpm,5.0,245000
Mahindra XUV500,Mahindra,XUV500,8,99000,DEALER,diesel,Manual,15.1 kmpl,2179 CC,140.0 bhp,190Nm@ 2000rpm,7.0,650000
Maruti Vitara,Maruti,Vitara,3,48622,Dealer,Diesel,Manual,24.3 kmpl,1248 CC,88.5 bhp,200Nm@ 1750rpm,5.0,850000
Honda City,Honda,City,6,15000,Individual,Petrol,Manual,17.4 kmpl,1497 CC,,190Nm@ 2000rpm,5.0,875000
Audi A6,Audi,A6,6,100000,Dealer,DIESEL,Automatic,18.53 kmpl,1968 CC,187.74 bhp,190Nm@ 2000rpm,5.0,2275000
Skoda Superb,Skoda,Superb,9,81131,dealer,Diesel,Manual,17.2 kmpl,1968 CC,138.1 bhp,170Nm@ 1800-2400rpm,5.0,630000
Maruti Swift,Maruti,Swift,3,23000,INDIVIDUAL,Petrol,Manual,22.0 kmpl,1197 CC,81.8 bhp,250Nm@ 1500-2500rpm,5.0,750000
Toyota Fortuner,Toyota,Fortuner,3,25344,Dealer,Diesel,Automatic,12.9 kmpl,2755 CC,174.5 bhp,250Nm@ 1500-2500rpm,7.0,3485000
Ford Figo,Ford,Figo,8,63000,dealer,Diesel,Manual,20.0 kmpl,,68.05 bhp,,5.0,345000
Mahindra XUV500,Mahindra,XUV500,6,60000,Individual,Diesel,Automatic,16.0 kmpl,2179 CC,140.0 bhp,91Nm@ 3500rpm,7.0,1400000
Hyundai Santro,Hyundai,Santro,10,64000,Dealer,petrol,Manual,17.92 kmpl,1086 CC,62.1 bhp,"12.7@ 2,700(kgm@ rpm)",5.0,210000
Land Rover Rover,Land Rover,Rover,8,80000,Dealer,Diesel,Automatic,12.39 kmpl,2179 CC,147.51 bhp,"12.7@ 2,700(kgm@ rpm)",5.0,1275000
Toyota Innova,Toyota,Innova,6,172000,Dealer,Diesel,Manual,12.99 kmpl,2494 CC,100.0 bhp,170Nm@ 1800-2400rpm,7.0,1179000
Hyundai i20,Hyundai,i20,7,63000,dealer,  Diesel ,Manual,23.0 kmpl,1396 CC,90.0 bhp,91Nm@ 3500rpm,5.0,365000
Hyundai Verna,Hyundai,Verna,6,156000,Individual,Diesel,Manual,,1582 CC,126.2 bhp,91Nm@ 3500rpm,5.0,900000
Skoda Superb,Skoda,Superb,11,59000,Dealer,diesel,Automatic,17.2 kmpl,1968 CC,138.03 bhp,200Nm@ 1750rpm,5.0,549000
Porsche Cayenne,Porsche,Cayenne,4,36000,Dealer,Petrol,Automatic,12.5 kmpl,3604 CC,420.0 bhp,,5.0,7800000
Maruti Eeco,Maruti,Eeco,1,20000,INDIVIDUAL,Petrol,Manual,16.11 kmpl,1196 CC,72.42 bhp,113Nm@ 4000rpm,5.0,480000
Renault Duster,Renault,Duster,7,72000,Dealer,Diesel,Manual,19.01 kmpl,1461 CC,108.45 bhp,113Nm@ 4000rpm,5.0,495000
Toyota Innova,Toyota,Innova,6,86000,Dealer,DIESEL,Manual,12.8 kmpl,2494 CC,102.0 bhp,"12.7@ 2,700(kgm@ rpm)",7.0,1345000
Maruti Wagon R,Maruti,Wagon R,11,80000,INDIVIDUAL,LPG,Manual,26.2 km/kg,998 CC,58.2 bhp,113Nm@ 4000rpm,5.0,220000
Hyundai Grand,Hyundai,Grand,4,15000,  Dealer ,PETROL,Automatic,18.9 kmpl,1197 CC,82.0 bhp,170Nm@ 1800-2400rpm,5.0,550000
Maruti Alto,Maruti,Alto,7,35000,INDIVIDUAL,Petrol,Manual,22.74 kmpl,796 CC,47.3 bhp,"12.7@ 2,700(kgm@ rpm)",5.0,250000
Toyota Innova,Toyota,Innova,7,34000,  Dealer ,DIESEL,Manual,12.99 kmpl,2494 CC,100.6 bhp,190Nm@ 2000rpm,7.0,825000
Skoda Rapid,Skoda,Rapid,8,60000,Individual,  Diesel ,Manual,20.5 kmpl,1598 CC,103.5 bhp,250Nm@ 1500-2500rpm,5.0,350000
Maruti Ciaz,Maruti,Ciaz,4,28847,dealer,Petrol,Automatic,19.12 kmpl,1373 CC,,113Nm@ 4000rpm,5.0,850000
Maruti Alto,Maruti,Alto,7,20000,Individual,petrol,Manual,23.95 kmpl,998 CC,67.05 bhp,190Nm@ 2000rpm,5.0,270000
Maruti Swift,Maruti,Swift,6,38000,Individual,Diesel,Manual,25.2 kmpl,1248 CC,74.0 bhp,200Nm@ 1750rpm,5.0,530000
Mahindra Scorpio,Mahindra,Scorpio,5,51000,dealer,  Diesel ,Manual,15.4 kmpl,1997 CC,120.0 bhp,250Nm@ 1500-2500rpm,7.0,960000
Hyundai Grand,Hyundai,Grand,5,15000,Individual,Petrol,Manual,18.9 kmpl,1197 CC,82.0 bhp,24@ 1900(kgm@ rpm),5.0,430000
Honda City,Honda,City,12,66000,Dealer,Petrol,Manual,17.0 kmpl,1497 CC,118.0 bhp,91Nm@ 3500rpm,5.0,262000
Tata Harrier,Tata,Harrier,2,68000,Dealer,Diesel,Manual,17.0 kmpl,1956 CC,138.1 bhp,24@ 1900(kgm@ rpm),5.0,1550000
Mahindra Bolero,Mahindra,Bolero,3,83000,Individual,DIESEL,Manual,16.5 kmpl,,70.0 bhp,,7.0,675000
Mahindra XUV500,Mahindra,XUV500,6,70765,Dealer,Diesel,Manual,16.0 kmpl,2179 CC,140.0 bhp,24@ 1900(kgm@ rpm),7.0,1085000
Hyundai Grand,Hyundai,Grand,6,40000,Individual,Petrol,Manual,18.9 kmpl,1197 CC,82.0 bhp,200Nm@ 1750rpm,5.0,350000
Volkswagen Vento,Volkswagen,Vento,9,185000,  Individual ,  Diesel ,Manual,20.54 kmpl,1598 CC,103.6 bhp,24@ 1900(kgm@ rpm),5.0,425000
Honda WR-V,Honda,WR-V,3,33000,Dealer,PETROL,Manual,17.5 kmpl,1199 CC,88.7 bhp,113Nm@ 4000rpm,5.0,825000
Maruti Ertiga,Maruti,Ertiga,7,57000,Dealer,Petrol,Manual,16.02 kmpl,1373 CC,93.7 bhp,113Nm@ 4000rpm,,525000
Porsche Cayenne,Porsche,Cayenne,8,57000,Dealer,Diesel,Automatic,15.15 kmpl,2967 CC,240.0 bhp,113Nm@ 4000rpm,5.0,2890000
Volkswagen Polo,Volkswagen,Polo,11,50000,Dealer,Petrol,Manual,16.47 kmpl,1198 CC,73.9 bhp,,5.0,395000
Maruti Swift Dzire,Maruti,Swift Dzire,5,63328,Dealer,Diesel,Manual,26.59 kmpl,1248 CC,74.0 bhp,190Nm@ 2000rpm,5.0,630000
Maruti Vitara,Maruti,Vitara,5,50000,DEALER,DIESEL,Manual,24.3 kmpl,1248 CC,88.5 bhp,190Nm@ 2000rpm,5.0,800000
Maruti Eeco,Maruti,Eeco,3,22000,Individual,CNG,Manual,21.94 km/kg,1196 CC,61.7 bhp,200Nm@ 1750rpm,5.0,480000
Toyota Innova,Toyota,Innova,8,70000,INDIVIDUAL,diesel,Manual,12.99 kmpl,2494 CC,100.6 bhp,190Nm@ 2000rpm,7.0,690000
Hyundai Creta,Hyundai,Creta,5,60000,Individual,Diesel,Manual,19.67 kmpl,1582 CC,126.2 bhp,24@ 1900(kgm@ rpm),5.0,975000
Volkswagen Vento,Volkswagen,Vento,6,51000,DEALER,Diesel,Automatic,22.15 kmpl,1498 CC,108.6 bhp,190Nm@ 2000rpm,5.0,585000
Maruti Wagon R,Maruti,Wagon R,8,67000,  Dealer ,CNG,Manual,32.52 km/kg,998 CC,58.33 bhp,,5.0,260000
Maruti Swift Dzire,Maruti,Swift Dzire,11,156000,Individual,DIESEL,Manual,19.3 kmpl,1248 CC,73.9 bhp,,5.0,360000
Mini Cooper,Mini,Cooper,9,38000,Dealer,Petrol,Automatic,13.6 kmpl,1598 CC,181.0 bhp,250Nm@ 1500-2500rpm,4.0,1290000
Tata Nexon,Tata,Nexon,2,15000,Individual,Petrol,Automatic,17.0 kmpl,1198 CC,108.5 bhp,24@ 1900(kgm@ rpm),5.0,850000
Honda Amaze,Honda,Amaze,3,40000,dealer,DIESEL,Manual,25.8 kmpl,1498 CC,98.6 bhp,24@ 1900(kgm@ rpm),5.0,725000
Datsun RediGO,Datsun,RediGO,3,15000,individual,  Petrol ,Manual,22.5 kmpl,999 CC,68.0 bhp,250Nm@ 1500-2500rpm,5.0,285000
Toyota Camry,Toyota,Camry,5,86012,dealer,PETROL,Automatic,19.16 kmpl,2494 CC,157.7 bhp,24@ 1900(kgm@ rpm),5.0,1800000
Hyundai i10,Hyundai,i10,10,58000,dealer,PETROL,Manual,20.36 kmpl,1197 CC,78.9 bhp,24@ 1900(kgm@ rpm),5.0,270000
Maruti Wagon R,Maruti,Wagon R,4,86000,dealer,Petrol,Manual,18.9 kmpl,998 CC,67.1 bhp,200Nm@ 1750rpm,5.0,410000
Toyota Innova,Toyota,Innova,4,33000,Dealer,Diesel,Manual,13.68 kmpl,2393 CC,147.51 bhp,190Nm@ 2000rpm,8.0,1725000
Maruti Swift Dzire,Maruti,Swift Dzire,5,90503,Dealer,DIESEL,Manual,23.4 kmpl,1248 CC,74.0 bhp,113Nm@ 4000rpm,5.0,725000
Ford Ecosport,Ford,Ecosport,3,29000,Dealer,Diesel,Manual,,1498 CC,98.96 bhp,113Nm@ 4000rpm,5.0,1100000
Maruti Eeco,Maruti,Eeco,6,20000,Individual,Petrol,Manual,15.37 kmpl,1196 CC,73.0 bhp,190Nm@ 2000rpm,7.0,300000
Hyundai Grand,Hyundai,Grand,4,73000,individual,Diesel,Manual,24.0 kmpl,1186 CC,73.97 bhp,190Nm@ 2000rpm,5.0,375000
Hyundai i20,Hyundai,i20,5,64000,Individual,Diesel,Manual,22.54 kmpl,1396 CC,88.73 bhp,250Nm@ 1500-2500rpm,5.0,535000
Honda City,Honda,City,11,72000,Dealer,Petrol,Automatic,16.8 kmpl,1497 CC,118.0 bhp,250Nm@ 1500-2500rpm,5.0,331000
Jaguar XF,Jaguar,XF,10,70000,  Dealer ,  Diesel ,Automatic,,2993 CC,270.9 bhp,91Nm@ 3500rpm,5.0,1550000
Hyundai i20,Hyundai,i20,3,53000,Dealer,  Diesel ,Manual,22.54 kmpl,,88.76 bhp,,5.0,690000
Maruti Wagon R,Maruti,Wagon R,3,45455,Dealer,Petrol,Manual,18.9 kmpl,998 CC,67.1 bhp,200Nm@ 1750rpm,5.0,425000
Maruti Vitara,Maruti,Vitara,4,40000,INDIVIDUAL,Diesel,Manual,24.3 kmpl,1248 CC,88.5 bhp,24@ 1900(kgm@ rpm),5.0,720000
Toyota Fortuner,Toyota,Fortuner,9,51000,dealer,  Diesel ,Automatic,12.55 kmpl,2982 CC,168.5 bhp,170Nm@ 1800-2400rpm,7.0,1265000
Honda CR-V,Honda,CR-V,5,56000,dealer,Petrol,Automatic,,2354 CC,187.4 bhp,170Nm@ 1800-2400rpm,5.0,1475000
BMW X5,BMW,X5,6,70000,Dealer,Diesel,Automatic,15.3 kmpl,2993 CC,,200Nm@ 1750rpm,5.0,3500000
Maruti Baleno,Maruti,Baleno,5,31600,  Dealer ,Petrol,Manual,21.4 kmpl,1197 CC,83.1 bhp,,5.0,532000
Ford Ecosport,Ford,Ecosport,2,15000,Dealer,Petrol,Automatic,14.8 kmpl,1497 CC,121.36 bhp,"12.7@ 2,700(kgm@ rpm)",5.0,1145000
Maruti Baleno,Maruti,Baleno,5,28582,Dealer,petrol,Manual,21.4 kmpl,1197 CC,83.1 bhp,170Nm@ 1800-2400rpm,5.0,550000
Toyota Innova,Toyota,Innova,8,117000,  Dealer ,Diesel,Manual,12.99 kmpl,2494 CC,100.0 bhp,170Nm@ 1800-2400rpm,7.0,950000
BMW 5,BMW,5,2,12000,Dealer,Diesel,Automatic,22.48 kmpl,1995 CC,187.74 bhp,190Nm@ 2000rpm,5.0,4900000
Mercedes-Benz GL-Class,Mercedes-Benz,GL-Class,3,20000,DEALER,diesel,Automatic,17.9 kmpl,2143 CC,,190Nm@ 2000rpm,5.0,5100000
Maruti Alto,Maruti,Alto,3,20000,individual,Petrol,Manual,,796 CC,,"12.7@ 2,700(kgm@ rpm)",5.0,310000
Hyundai Verna,Hyundai,Verna,2,23150,  Dealer ,diesel,Automatic,19.08 kmpl,1582 CC,126.2 bhp,190Nm@ 2000rpm,5.0,1385000
Hyundai Creta,Hyundai,Creta,2,31700,Individual,DIESEL,Manual,19.67 kmpl,1582 CC,126.2 bhp,"12.7@ 2,700(kgm@ rpm)",5.0,1350000
Maruti Swift,Maruti,Swift,9,64000,  Dealer ,Diesel,Manual,22.9 kmpl,1248 CC,74.0 bhp,200Nm@ 1750rpm,5.0,275000
Maruti Celerio,Maruti,Celerio,6,51118,  Dealer ,Petrol,Automatic,,998 CC,67.04 bhp,250Nm@ 1500-2500rpm,5.0,450000
Honda City,Honda,City,7,75000,Dealer,Petrol,Manual,17.4 kmpl,1497 CC,117.6 bhp,24@ 1900(kgm@ rpm),5.0,537000
Renault Duster,Renault,Duster,4,50000,Individual,Diesel,Manual,19.87 kmpl,1461 CC,83.8 bhp,113Nm@ 4000rpm,5.0,800000
Hyundai i10,Hyundai,i10,9,50000,Dealer,petrol,Manual,20.36 kmpl,1197 CC,,170Nm@ 1800-2400rpm,5.0,311000
Maruti Swift,Maruti,Swift,9,75000,Dealer,diesel,Manual,28.4 kmpl,1248 CC,74.0 bhp,24@ 1900(kgm@ rpm),5.0,425000
Maruti Ertiga,Maruti,Ertiga,5,72447,  Dealer ,  Diesel ,Manual,24.52 kmpl,1248 CC,88.5 bhp,113Nm@ 4000rpm,7.0,850000
Mahindra Marazzo,Mahindra,Marazzo,2,15000,Individual,Diesel,Manual,17.3 kmpl,1497 CC,121.0 bhp,113Nm@ 4000rpm,7.0,980000
BMW X1,BMW,X1,5,24000,Dealer,Diesel,Automatic,19.62 kmpl,1998 CC,192.0 bhp,113Nm@ 4000rpm,5.0,2575000
Volkswagen Vento,Volkswagen,Vento,9,830000,Dealer,Diesel,Manual,20.54 kmpl,1598 CC,103.6 bhp,190Nm@ 2000rpm,5.0,380000
Maruti Baleno,Maruti,Baleno,4,20000,INDIVIDUAL,  Petrol ,Manual,,1197 CC,83.1 bhp,190Nm@ 2000rpm,5.0,548000
Renault Duster,Renault,Duster,8,120000,Individual,Diesel,Manual,20.45 kmpl,1461 CC,83.8 bhp,250Nm@ 1500-2500rpm,5.0,380000
Maruti Swift Dzire,Maruti,Swift Dzire,6,80000,individual,CNG,Manual,,1197 CC,85.8 bhp,113Nm@ 4000rpm,5.0,325000
Ford Figo,Ford,Figo,10,40000,  Individual ,Diesel,Manual,20.0 kmpl,1399 CC,68.0 bhp,"12.7@ 2,700(kgm@ rpm)",5.0,150000
Hyundai Verna,Hyundai,Verna,6,43000,Dealer,PETROL,Manual,17.43 kmpl,1396 CC,105.5 bhp,91Nm@ 3500rpm,5.0,580000
Maruti Alto,Maruti,Alto,5,35000,Individual,Petrol,Manual,23.95 kmpl,998 CC,67.05 bhp,91Nm@ 3500rpm,5.0,285000
Maruti Swift Dzire,Maruti,Swift Dzire,5,20000,Individual,Petrol,Manual,20.85 kmpl,1197 CC,83.14 bhp,91Nm@ 3500rpm,5.0,525000
Volkswagen Polo,Volkswagen,Polo,7,28492,Dealer,Petrol,Manual,16.47 kmpl,1198 CC,74.0 bhp,170Nm@ 1800-2400rpm,5.0,400000
Tata Tigor,Tata,Tigor,4,35000,INDIVIDUAL,Petrol,Manual,20.3 kmpl,1199 CC,84.0 bhp,24@ 1900(kgm@ rpm),5.0,570000
Hyundai Verna,Hyundai,Verna,9,44906,Individual,Petrol,Manual,17.01 kmpl,1591 CC,121.3 bhp,190Nm@ 2000rpm,5.0,580000
Honda Jazz,Honda,Jazz,5,10000,Individual,petrol,Manual,18.7 kmpl,1199 CC,88.7 bhp,250Nm@ 1500-2500rpm,5.0,500000
Renault Duster,Renault,Duster,8,80000,DEALER,Diesel,Manual,19.87 kmpl,1461 CC,83.8 bhp,113Nm@ 4000rpm,5.0,390000
Maruti Alto,Maruti,Alto,11,40000,individual,Petrol,Manual,19.7 kmpl,796 CC,46.3 bhp,190Nm@ 2000rpm,5.0,170000
Maruti Ciaz,Maruti,Ciaz,6,60000,individual,Diesel,Manual,26.21 kmpl,1248 CC,88.5 bhp,24@ 1900(kgm@ rpm),5.0,670000
Renault Duster,Renault,Duster,8,53000,  Dealer ,Diesel,Manual,19.87 kmpl,1461 CC,83.8 bhp,113Nm@ 4000rpm,5.0,475000
Volkswagen Vento,Volkswagen,Vento,10,41000,DEALER,Petrol,Manual,15.04 kmpl,1598 CC,103.6 bhp,250Nm@ 1500-2500rpm,5.0,325000
Maruti Swift,Maruti,Swift,7,42120,Dealer,  Petrol ,Manual,18.6 kmpl,1197 CC,85.8 bhp,190Nm@ 2000rpm,5.0,470000
Maruti Swift,Maruti,Swift,7,80000,Individual,Diesel,Manual,25.2 kmpl,1248 CC,74.0 bhp,190Nm@ 2000rpm,5.0,400000
Honda Amaze,Honda,Amaze,3,41000,dealer,Petrol,Automatic,18.1 kmpl,1199 CC,88.7 bhp,170Nm@ 1800-2400rpm,5.0,575000
Maruti Swift,Maruti,Swift,4,10000,DEALER,petrol,Manual,21.21 kmpl,1197 CC,81.8 bhp,91Nm@ 3500rpm,5.0,550000
Honda City,Honda,City,5,21715,Dealer,PETROL,Manual,17.8 kmpl,1497 CC,117.3 bhp,,5.0,760000
Tata Safari,Tata,Safari,7,88598,dealer,  Diesel ,Manual,14.0 kmpl,2179 CC,138.1 bhp,250Nm@ 1500-2500rpm,7.0,560000
Hyundai Grand,Hyundai,Grand,1,1000,Individual,  Petrol ,Manual,18.9 kmpl,1197 CC,81.86 bhp,170Nm@ 1800-2400rpm,5.0,636000
Renault Duster,Renault,Duster,5,75100,Dealer,diesel,Automatic,19.6 kmpl,1461 CC,108.45 bhp,"12.7@ 2,700(kgm@ rpm)",5.0,730000
Hyundai i20,Hyundai,i20,9,90000,INDIVIDUAL,Diesel,Manual,23.0 kmpl,1396 CC,90.0 bhp,200Nm@ 1750rpm,5.0,500000
Hyundai Santro,Hyundai,Santro,2,7000,DEALER,  Petrol ,Manual,20.3 kmpl,1086 CC,68.07 bhp,190Nm@ 2000rpm,5.0,510000
Toyota Innova,Toyota,Innova,4,65000,Dealer,Diesel,Manual,13.68 kmpl,2393 CC,147.51 bhp,,7.0,1650000
Hyundai i20,Hyundai,i20,1,15000,Individual,  Petrol ,Manual,20.35 kmpl,1197 CC,81.86 bhp,91Nm@ 3500rpm,5.0,660000
Maruti Wagon R,Maruti,Wagon R,15,60000,Individual,Petrol,Manual,18.9 kmpl,998 CC,67.1 bhp,91Nm@ 3500rpm,5.0,120000
Mahindra Bolero,Mahindra,Bolero,6,60000,Individual,Diesel,Manual,15.96 kmpl,2523 CC,62.1 bhp,24@ 1900(kgm@ rpm),7.0,551000
Maruti Alto,Maruti,Alto,8,59800,Dealer,Petrol,Manual,22.74 kmpl,796 CC,47.3 bhp,,,250000
Maruti Celerio,Maruti,Celerio,2,30000,Dealer,  Petrol ,Manual,21.63 kmpl,998 CC,67.04 bhp,"12.7@ 2,700(kgm@ rpm)",5.0,420000
Maruti Ciaz,Maruti,Ciaz,4,54500,Dealer,petrol,Automatic,,1373 CC,91.1 bhp,,5.0,730000
Isuzu D-Max,Isuzu,D-Max,4,61000,individual,Diesel,Manual,12.4 kmpl,2499 CC,134.0 bhp,170Nm@ 1800-2400rpm,5.0,1100000
Renault KWID,Renault,KWID,5,46583,  Trustmark Dealer ,Petrol,Manual,25.17 kmpl,799 CC,53.3 bhp,"12.7@ 2,700(kgm@ rpm)",5.0,280000
Maruti Vitara,Maruti,Vitara,4,52000,Dealer,Diesel,Manual,24.3 kmpl,1248 CC,,91Nm@ 3500rpm,5.0,710000
Hyundai Santro,Hyundai,Santro,12,70521,dealer,LPG,Manual,13.45 km/kg,1086 CC,62.1 bhp,190Nm@ 2000rpm,5.0,175000
Mahindra Scorpio,Mahindra,Scorpio,10,15000,  Individual ,DIESEL,Manual,15.4 kmpl,2179 CC,120.0 bhp,"12.7@ 2,700(kgm@ rpm)",8.0,700000
Toyota Innova,Toyota,Innova,8,127000,dealer,Diesel,Manual,12.99 kmpl,2494 CC,100.0 bhp,250Nm@ 1500-2500rpm,7.0,980000
Maruti Swift Dzire,Maruti,Swift Dzire,2,30000,Dealer,DIESEL,Manual,28.4 kmpl,1248 CC,74.02 bhp,"12.7@ 2,700(kgm@ rpm)",5.0,780000
Maruti Swift Dzire,Maruti,Swift Dzire,5,50000,Individual,petrol,Manual,20.85 kmpl,1197 CC,83.14 bhp,170Nm@ 1800-2400rpm,5.0,489000
Hyundai Grand,Hyundai,Grand,7,70000,Dealer,Diesel,Manual,24.0 kmpl,1120 CC,70.0 bhp,113Nm@ 4000rpm,5.0,440000
Maruti Swift Dzire,Maruti,Swift Dzire,8,80000,individual,diesel,Manual,23.4 kmpl,1248 CC,,24@ 1900(kgm@ rpm),5.0,475000
Maruti Swift Dzire,Maruti,Swift Dzire,4,11437,Dealer,PETROL,Automatic,18.5 kmpl,1197 CC,83.14 bhp,91Nm@ 3500rpm,,699000
Maruti Ciaz,Maruti,Ciaz,4,31000,  Dealer ,Petrol,Manual,20.73 kmpl,1373 CC,91.1 bhp,200Nm@ 1750rpm,5.0,785000
Mercedes-Benz C-Class,Mercedes-Benz,C-Class,9,64212,Dealer,Diesel,Automatic,14.94 kmpl,2143 CC,204.0 bhp,24@ 1900(kgm@ rpm),5.0,1000000
Honda City,Honda,City,11,115000,  Individual ,PETROL,Manual,17.0 kmpl,1497 CC,118.0 bhp,"12.7@ 2,700(kgm@ rpm)",5.0,375000
Volkswagen Polo,Volkswagen,Polo,5,9700,Dealer,diesel,Manual,20.14 kmpl,1498 CC,88.0 bhp,170Nm@ 1800-2400rpm,5.0,450000
Maruti Alto,Maruti,Alto,10,33111,Dealer,Petrol,Manual,19.7 kmpl,796 CC,46.3 bhp,200Nm@ 1750rpm,5.0,205000
Ford Aspire,Ford,Aspire,4,90000,individual,Diesel,Manual,25.83 kmpl,1498 CC,99.0 bhp,190Nm@ 2000rpm,5.0,530000
Hyundai i20,Hyundai,i20,6,80000,Individual,petrol,Manual,18.6 kmpl,1197 CC,81.83 bhp,250Nm@ 1500-2500rpm,5.0,500000
Tata Nexon,Tata,Nexon,3,36000,Individual,  Diesel ,Manual,21.5 kmpl,1497 CC,108.5 bhp,91Nm@ 3500rpm,5.0,1000000
Hyundai i10,Hyundai,i10,10,74703,Dealer,Petrol,Automatic,,1197 CC,78.9 bhp,24@ 1900(kgm@ rpm),5.0,400000
Maruti Swift Dzire,Maruti,Swift Dzire,6,47900,  Dealer ,PETROL,Manual,,1197 CC,83.14 bhp,190Nm@ 2000rpm,5.0,410000
Mahindra XUV500,Mahindra,XUV500,9,120442,dealer,Diesel,Manual,15.1 kmpl,2179 CC,140.0 bhp,170Nm@ 1800-2400rpm,7.0,825000
Renault KWID,Renault,KWID,5,14000,Dealer,PETROL,Manual,22.3 kmpl,799 CC,53.26 bhp,170Nm@ 1800-2400rpm,5.0,370000
Hyundai Santro,Hyundai,Santro,12,36000,Individual,Petrol,Manual,17.92 kmpl,1086 CC,62.1 bhp,250Nm@ 1500-2500rpm,5.0,127000
Mahindra Thar,Mahindra,Thar,6,36000,dealer,  Diesel ,Manual,18.06 kmpl,2523 CC,63.0 bhp,"12.7@ 2,700(kgm@ rpm)",7.0,725000
Honda City,Honda,City,7,39000,dealer,  Petrol ,Automatic,18.0 kmpl,1497 CC,117.3 bhp,91Nm@ 3500rpm,5.0,695000
Toyota Innova,Toyota,Innova,6,38500,Individual,DIESEL,Manual,12.99 kmpl,2494 CC,100.6 bhp,,7.0,1250000
Skoda Superb,Skoda,Superb,10,80000,INDIVIDUAL,petrol,Automatic,9.3 kmpl,2771 CC,193.1 bhp,250Nm@ 1500-2500rpm,5.0,470000
Renault KWID,Renault,KWID,3,45000,Individual,Petrol,Manual,25.17 kmpl,799 CC,53.3 bhp,"12.7@ 2,700(kgm@ rpm)",5.0,350000
Toyota Innova,Toyota,Innova,3,21265,Individual,Diesel,Automatic,11.36 kmpl,2755 CC,171.5 bhp,113Nm@ 4000rpm,7.0,2350000
Honda City,Honda,City,7,58719,Dealer,Diesel,Manual,26.0 kmpl,1498 CC,98.6 bhp,170Nm@ 1800-2400rpm,5.0,670000
Volkswagen Vento,Volkswagen,Vento,5,72000,Dealer,Diesel,Automatic,22.15 kmpl,1498 CC,108.6 bhp,113Nm@ 4000rpm,5.0,735000
Maruti Swift Dzire,Maruti,Swift Dzire,12,58000,Dealer,PETROL,Manual,17.5 kmpl,1298 CC,,250Nm@ 1500-2500rpm,5.0,220000
Tata Nexon,Tata,Nexon,3,60000,INDIVIDUAL,DIESEL,Manual,21.5 kmpl,1497 CC,108.5 bhp,24@ 1900(kgm@ rpm),5.0,725000
Maruti Swift Dzire,Maruti,Swift Dzire,5,26585,DEALER,PETROL,Manual,21.21 kmpl,1197 CC,81.8 bhp,24@ 1900(kgm@ rpm),5.0,460000
Mercedes-Benz E-Class,Mercedes-Benz,E-Class,9,54700,Dealer,  Diesel ,Automatic,10.0 kmpl,2148 CC,170.0 bhp,,5.0,1050000
Mahindra Scorpio,Mahindra,Scorpio,6,65859,Dealer,Diesel,Manual,15.4 kmpl,2179 CC,120.0 bhp,250Nm@ 1500-2500rpm,7.0,975000
Maruti Wagon R,Maruti,Wagon R,15,70000,INDIVIDUAL,PETROL,Manual,18.9 kmpl,998 CC,67.1 bhp,"12.7@ 2,700(kgm@ rpm)",5.0,200000
Renault KWID,Renault,KWID,3,9000,DEALER,Petrol,Manual,25.17 kmpl,799 CC,53.3 bhp,250Nm@ 1500-2500rpm,5.0,450000
Ford Aspire,Ford,Aspire,3,10000,  Individual ,Petrol,Manual,18.16 kmpl,1196 CC,86.8 bhp,250Nm@ 1500-2500rpm,5.0,630000
Honda Jazz,Honda,Jazz,6,90000,Individual,Diesel,Manual,27.3 kmpl,1498 CC,98.6 bhp,170Nm@ 1800-2400rpm,5.0,600000
Honda City,Honda,City,6,79000,Dealer,Petrol,Manual,17.4 kmpl,1497 CC,117.3 bhp,91Nm@ 3500rpm,5.0,700000
Volkswagen Polo,Volkswagen,Polo,7,64341,Dealer,DIESEL,Manual,20.14 kmpl,1498 CC,88.8 bhp,24@ 1900(kgm@ rpm),5.0,530000
Tata Harrier,Tata,Harrier,2,12750,Dealer,Diesel,Manual,17.0 kmpl,1956 CC,138.1 bhp,190Nm@ 2000rpm,5.0,1750000
Skoda Rapid,Skoda,Rapid,9,72500,Dealer,diesel,Manual,20.5 kmpl,1598 CC,103.5 bhp,190Nm@ 2000rpm,5.0,295000
Hyundai Creta,Hyundai,Creta,4,34500,individual,diesel,Automatic,17.6 kmpl,1582 CC,126.2 bhp,200Nm@ 1750rpm,5.0,1155000
Hyundai i20,Hyundai,i20,5,20000,Dealer,Petrol,Manual,17.0 kmpl,1197 CC,80.0 bhp,190Nm@ 2000rpm,5.0,615000
Hyundai Santro,Hyundai,Santro,7,55000,DEALER,Petrol,Manual,17.92 kmpl,1086 CC,62.1 bhp,24@ 1900(kgm@ rpm),5.0,350000
Maruti Baleno,Maruti,Baleno,5,49000,dealer,Petrol,Manual,21.4 kmpl,1197 CC,83.1 bhp,24@ 1900(kgm@ rpm),5.0,550000
Hyundai Grand,Hyundai,Grand,7,40000,INDIVIDUAL,Petrol,Manual,18.9 kmpl,1197 CC,82.0 bhp,"12.7@ 2,700(kgm@ rpm)",5.0,540000
Hyundai i20,Hyundai,i20,5,40000,dealer,Petrol,Manual,18.6 kmpl,1197 CC,81.83 bhp,190Nm@ 2000rpm,5.0,500000
Maruti Baleno,Maruti,Baleno,2,9500,dealer,Petrol,Manual,21.01 kmpl,1197 CC,81.8 bhp,91Nm@ 3500rpm,5.0,585000
Hyundai Verna,Hyundai,Verna,9,72545,Dealer,Diesel,Manual,,1582 CC,126.32 bhp,200Nm@ 1750rpm,5.0,425000
Renault KWID,Renault,KWID,5,54701,Dealer,Petrol,Manual,23.01 kmpl,999 CC,67.0 bhp,113Nm@ 4000rpm,5.0,260000
Maruti Baleno,Maruti,Baleno,3,26600,Dealer,Petrol,Manual,21.01 kmpl,1197 CC,81.8 bhp,200Nm@ 1750rpm,5.0,665000
Ford Figo,Ford,Figo,9,74000,Dealer,  Diesel ,Manual,,,68.05 bhp,,5.0,185000
Maruti Wagon R,Maruti,Wagon R,21,120000,Individual,Petrol,Manual,18.9 kmpl,998 CC,67.1 bhp,190Nm@ 2000rpm,5.0,95000
Mercedes-Benz E-Class,Mercedes-Benz,E-Class,11,94000,Dealer,Diesel,Automatic,14.21 kmpl,2143 CC,203.0 bhp,"12.7@ 2,700(kgm@ rpm)",5.0,1350000
Mahindra XUV500,Mahindra,XUV500,6,37000,Individual,  Diesel ,Manual,15.1 kmpl,2179 CC,140.0 bhp,24@ 1900(kgm@ rpm),7.0,875000
Mahindra Bolero,Mahindra,Bolero,5,80000,Individual,DIESEL,Manual,,2523 CC,63.0 bhp,250Nm@ 1500-2500rpm,9.0,630000
Maruti Wagon R,Maruti,Wagon R,9,72300,DEALER,  Petrol ,Manual,21.79 kmpl,998 CC,,250Nm@ 1500-2500rpm,5.0,249000
Ford Endeavour,Ford,Endeavour,9,60000,INDIVIDUAL,Diesel,Manual,13.1 kmpl,2499 CC,141.0 bhp,170Nm@ 1800-2400rpm,7.0,1000000
Hyundai i10,Hyundai,i10,7,61000,dealer,  Petrol ,Manual,19.81 kmpl,1086 CC,68.05 bhp,113Nm@ 4000rpm,5.0,320000
Maruti Ertiga,Maruti,Ertiga,4,38461,Trustmark Dealer,CNG,Manual,26.8 km/kg,1462 CC,103.0 bhp,113Nm@ 4000rpm,7.0,790000
Honda Amaze,Honda,Amaze,2,11000,Dealer,Petrol,Automatic,19.0 kmpl,1199 CC,88.76 bhp,250Nm@ 1500-2500rpm,5.0,835000
Maruti Baleno,Maruti,Baleno,2,23000,  Individual ,Diesel,Manual,27.39 kmpl,1248 CC,74.0 bhp,190Nm@ 2000rpm,5.0,850000
Hyundai Creta,Hyundai,Creta,6,64000,Dealer,Petrol,Manual,15.29 kmpl,1591 CC,121.3 bhp,170Nm@ 1800-2400rpm,5.0,875000
Maruti Swift Dzire,Maruti,Swift Dzire,6,96000,  Individual ,Diesel,Manual,26.59 kmpl,1248 CC,74.0 bhp,91Nm@ 3500rpm,5.0,450000
Maruti Celerio,Maruti,Celerio,7,76000,Individual,petrol,Manual,23.1 kmpl,998 CC,67.04 bhp,200Nm@ 1750rpm,5.0,325000
Maruti Alto,Maruti,Alto,3,32000,Dealer,Petrol,Manual,24.7 kmpl,796 CC,47.3 bhp,91Nm@ 3500rpm,5.0,280000
Maruti Ciaz,Maruti,Ciaz,6,37000,DEALER,petrol,Manual,,1373 CC,91.1 bhp,"12.7@ 2,700(kgm@ rpm)",5.0,575000
Maruti Swift Dzire,Maruti,Swift Dzire,7,64000,dealer,diesel,Manual,23.4 kmpl,1248 CC,74.0 bhp,"12.7@ 2,700(kgm@ rpm)",5.0,545000
Ford Figo,Ford,Figo,8,60000,Individual,DIESEL,Manual,20.0 kmpl,1399 CC,68.1 bhp,200Nm@ 1750rpm,5.0,250000
Toyota Innova,Toyota,Innova,4,70000,Dealer,DIESEL,Manual,13.68 kmpl,2393 CC,147.8 bhp,91Nm@ 3500rpm,7.0,1595000
Hyundai Verna,Hyundai,Verna,5,16300,Individual,Petrol,Manual,17.01 kmpl,1591 CC,121.3 bhp,113Nm@ 4000rpm,5.0,750000
Maruti Swift,Maruti,Swift,6,40000,Dealer,Petrol,Manual,22.0 kmpl,1197 CC,81.8 bhp,"12.7@ 2,700(kgm@ rpm)",5.0,470000
Maruti Alto,Maruti,Alto,6,35000,Individual,Petrol,Manual,,998 CC,67.05 bhp,113Nm@ 4000rpm,5.0,275000
Ford Figo,Ford,Figo,9,74000,Dealer,  Diesel ,Manual,20.0 kmpl,1399 CC,68.05 bhp,24@ 1900(kgm@ rpm),5.0,190000
Maruti Wagon R,Maruti,Wagon R,12,64000,Individual,LPG,Manual,17.3 km/kg,1061 CC,57.5 bhp,"12.7@ 2,700(kgm@ rpm)",5.0,160000
Audi A4,Audi,A4,8,43000,Dealer,DIESEL,Automatic,,1968 CC,147.51 bhp,"12.7@ 2,700(kgm@ rpm)",5.0,1350000
BMW 5,BMW,5,10,68000,Dealer,diesel,Automatic,18.48 kmpl,1995 CC,177.0 bhp,190Nm@ 2000rpm,5.0,1050000
Ford Aspire,Ford,Aspire,5,91245,Dealer,diesel,Manual,25.83 kmpl,1498 CC,99.0 bhp,24@ 1900(kgm@ rpm),5.0,340000
Maruti Wagon R,Maruti,Wagon R,9,62000,Dealer,CNG,Manual,33.54 km/kg,998 CC,67.04 bhp,190Nm@ 2000rpm,5.0,340000
Maruti Celerio,Maruti,Celerio,4,7500,Individual,PETROL,Manual,23.1 kmpl,998 CC,67.04 bhp,24@ 1900(kgm@ rpm),5.0,412000
Hyundai Venue,Hyundai,Venue,2,12000,DEALER,Petrol,Manual,,998 CC,118.35 bhp,250Nm@ 1500-2500rpm,5.0,1050000
Maruti Ertiga,Maruti,Ertiga,4,21000,Dealer,Petrol,Manual,16.02 kmpl,1373 CC,93.7 bhp,24@ 1900(kgm@ rpm),,720000
Audi A8,Audi,A8,6,25000,Dealer,Diesel,Automatic,11.8 kmpl,2967 CC,,250Nm@ 1500-2500rpm,5.0,5500000
Maruti Alto,Maruti,Alto,3,31243,  Trustmark Dealer ,  CNG ,Manual,33.44 km/kg,796 CC,40.3 bhp,250Nm@ 1500-2500rpm,4.0,299000
Maruti Swift Dzire,Maruti,Swift Dzire,13,112000,Dealer,Diesel,Manual,23.4 kmpl,1248 CC,74.0 bhp,170Nm@ 1800-2400rpm,5.0,310000
Maruti Alto,Maruti,Alto,9,79433,Dealer,Petrol,Manual,23.95 kmpl,998 CC,67.05 bhp,170Nm@ 1800-2400rpm,5.0,273000
Maruti Ciaz,Maruti,Ciaz,3,20000,Dealer,Diesel,Manual,28.09 kmpl,1248 CC,88.5 bhp,91Nm@ 3500rpm,5.0,875000
BMW X3,BMW,X3,8,65000,DEALER,Diesel,Automatic,16.09 kmpl,1995 CC,184.0 bhp,170Nm@ 1800-2400rpm,5.0,2150000
Maruti Swift Dzire,Maruti,Swift Dzire,8,100000,  Individual ,  Petrol ,Manual,19.1 kmpl,1197 CC,85.8 bhp,170Nm@ 1800-2400rpm,5.0,390000
Maruti Baleno,Maruti,Baleno,5,60000,Dealer,Petrol,Automatic,21.4 kmpl,1197 CC,83.1 bhp,24@ 1900(kgm@ rpm),5.0,625000
Hyundai i20,Hyundai,i20,5,42472,Dealer,PETROL,Manual,18.6 kmpl,1197 CC,81.83 bhp,190Nm@ 2000rpm,5.0,590000
Hyundai Grand,Hyundai,Grand,4,17000,INDIVIDUAL,Petrol,Manual,18.9 kmpl,1197 CC,82.0 bhp,170Nm@ 1800-2400rpm,5.0,425000
Maruti Wagon R,Maruti,Wagon R,16,74000,Individual,Petrol,Manual,17.3 kmpl,1061 CC,64.0 bhp,"12.7@ 2,700(kgm@ rpm)",5.0,74000
Maruti Ertiga,Maruti,Ertiga,6,120000,Individual,Diesel,Manual,20.77 kmpl,1248 CC,88.76 bhp,250Nm@ 1500-2500rpm,7.0,616000
Toyota Innova,Toyota,Innova,10,146781,DEALER,  Diesel ,Manual,12.8 kmpl,2494 CC,102.0 bhp,190Nm@ 2000rpm,7.0,610000
Toyota Camry,Toyota,Camry,7,60000,Dealer,Petrol,Automatic,19.16 kmpl,2494 CC,158.2 bhp,91Nm@ 3500rpm,5.0,1190000
Maruti Ertiga,Maruti,Ertiga,5,68500,DEALER,PETROL,Automatic,17.03 kmpl,1373 CC,91.1 bhp,91Nm@ 3500rpm,7.0,765000
BMW 7,BMW,7,14,85000,Dealer,DIESEL,Automatic,16.46 kmpl,2993 CC,258.0 bhp,250Nm@ 1500-2500rpm,5.0,1050000
Hyundai Grand,Hyundai,Grand,5,20000,  Dealer ,Petrol,Manual,18.9 kmpl,1197 CC,82.0 bhp,24@ 1900(kgm@ rpm),5.0,500000
Maruti XL6,Maruti,XL6,2,20000,  Individual ,Petrol,Manual,19.01 kmpl,1462 CC,103.2 bhp,190Nm@ 2000rpm,6.0,1000000
Maruti Swift,Maruti,Swift,6,79000,dealer,  Diesel ,Manual,28.4 kmpl,1248 CC,74.0 bhp,190Nm@ 2000rpm,5.0,525000
Datsun RediGO,Datsun,RediGO,4,40000,Individual,Petrol,Manual,22.5 kmpl,999 CC,67.0 bhp,91Nm@ 3500rpm,5.0,260000
Mahindra Bolero,Mahindra,Bolero,14,120000,individual,Diesel,Manual,13.6 kmpl,2523 CC,63.0 bhp,200Nm@ 1750rpm,7.0,250000
Hyundai i20,Hyundai,i20,3,10114,Dealer,Petrol,Manual,18.6 kmpl,1197 CC,81.86 bhp,"12.7@ 2,700(kgm@ rpm)",5.0,690000
Mahindra Bolero,Mahindra,Bolero,4,73000,Individual,Diesel,Manual,15.96 kmpl,2523 CC,62.1 bhp,"12.7@ 2,700(kgm@ rpm)",7.0,775000
Maruti Baleno,Maruti,Baleno,4,53000,DEALER,  Diesel ,Manual,27.39 kmpl,1248 CC,74.0 bhp,250Nm@ 1500-2500rpm,5.0,696000
Ford Ecosport,Ford,Ecosport,6,39720,Dealer,Petrol,Manual,18.88 kmpl,999 CC,123.24 bhp,"12.7@ 2,700(kgm@ rpm)",5.0,650000
Ford Ecosport,Ford,Ecosport,2,19000,INDIVIDUAL,DIESEL,Manual,23.0 kmpl,1498 CC,98.96 bhp,200Nm@ 1750rpm,5.0,1025000
BMW Z4,BMW,Z4,10,24000,Dealer,petrol,Automatic,10.37 kmpl,2979 CC,306.0 bhp,200Nm@ 1750rpm,2.0,3300000
Maruti Swift Dzire,Maruti,Swift Dzire,7,32115,Dealer,Diesel,Manual,23.4 kmpl,1248 CC,74.0 bhp,91Nm@ 3500rpm,5.0,582000
Maruti Alto,Maruti,Alto,4,34153,Dealer,Petrol,Manual,24.7 kmpl,796 CC,47.3 bhp,250Nm@ 1500-2500rpm,5.0,320000
Maruti Ciaz,Maruti,Ciaz,5,115852,DEALER,diesel,Manual,28.09 kmpl,1248 CC,88.5 bhp,200Nm@ 1750rpm,5.0,655000
Skoda Rapid,Skoda,Rapid,9,25000,Dealer,  Diesel ,Manual,20.5 kmpl,1598 CC,103.5 bhp,"12.7@ 2,700(kgm@ rpm)",5.0,225000
Maruti Alto,Maruti,Alto,9,28000,Dealer,Petrol,Manual,20.92 kmpl,998 CC,67.1 bhp,170Nm@ 1800-2400rpm,5.0,225000
Honda City,Honda,City,5,34000,individual,Diesel,Manual,26.0 kmpl,1498 CC,,113Nm@ 4000rpm,5.0,1025000
Maruti Baleno,Maruti,Baleno,5,59434,Dealer,  Petrol ,Manual,21.01 kmpl,1197 CC,81.8 bhp,200Nm@ 1750rpm,5.0,599000
Hyundai Verna,Hyundai,Verna,2,8000,Dealer,Petrol,Automatic,17.0 kmpl,1591 CC,121.3 bhp,200Nm@ 1750rpm,5.0,1250000
Honda Jazz,Honda,Jazz,5,16000,DEALER,Diesel,Manual,27.3 kmpl,1498 CC,98.6 bhp,"12.7@ 2,700(kgm@ rpm)",5.0,725000
Maruti Ertiga,Maruti,Ertiga,5,57000,dealer,diesel,Manual,24.52 kmpl,,88.5 bhp,,7.0,590000
Maruti Wagon R,Maruti,Wagon R,6,79855,Dealer,Petrol,Manual,20.51 kmpl,998 CC,67.04 bhp,113Nm@ 4000rpm,5.0,347000
Maruti Swift Dzire,Maruti,Swift Dzire,2,9900,INDIVIDUAL,diesel,Manual,28.4 kmpl,1248 CC,74.02 bhp,24@ 1900(kgm@ rpm),5.0,750000
Maruti Ertiga,Maruti,Ertiga,5,48782,Dealer,Diesel,Manual,20.77 kmpl,1248 CC,88.8 bhp,170Nm@ 1800-2400rpm,7.0,890000
Hyundai Creta,Hyundai,Creta,2,15000,  Individual ,Petrol,Manual,15.8 kmpl,1591 CC,121.3 bhp,"12.7@ 2,700(kgm@ rpm)",5.0,1200000
Hyundai Grand,Hyundai,Grand,7,30589,Trustmark Dealer,  Petrol ,Manual,18.9 kmpl,1197 CC,81.86 bhp,170Nm@ 1800-2400rpm,5.0,385000
Toyota Innova,Toyota,Innova,3,29000,  Dealer ,Diesel,Manual,13.68 kmpl,,147.8 bhp,,7.0,1775000
Hyundai i20,Hyundai,i20,11,70000,Dealer,PETROL,Manual,18.5 kmpl,1197 CC,80.0 bhp,91Nm@ 3500rpm,5.0,250000
Ford Ecosport,Ford,Ecosport,5,40000,Dealer,Petrol,Automatic,15.63 kmpl,1499 CC,110.4 bhp,91Nm@ 3500rpm,5.0,775000
Maruti Alto,Maruti,Alto,14,69000,Dealer,Petrol,Manual,,796 CC,46.3 bhp,"12.7@ 2,700(kgm@ rpm)",5.0,178000
Mahindra XUV500,Mahindra,XUV500,6,64000,Dealer,Diesel,Manual,,1997 CC,,91Nm@ 3500rpm,7.0,945000
Renault Triber,Renault,Triber,2,10000,Individual,Petrol,Manual,20.0 kmpl,999 CC,72.0 bhp,190Nm@ 2000rpm,7.0,660000
Maruti Swift Dzire,Maruti,Swift Dzire,8,71200,DEALER,  Diesel ,Manual,19.3 kmpl,1248 CC,73.9 bhp,190Nm@ 2000rpm,5.0,465000
Hyundai Creta,Hyundai,Creta,4,41275,Dealer,PETROL,Automatic,13.0 kmpl,1591 CC,121.3 bhp,190Nm@ 2000rpm,5.0,1150000
Maruti Ertiga,Maruti,Ertiga,4,80000,  Individual ,Diesel,Manual,24.52 kmpl,1248 CC,88.5 bhp,113Nm@ 4000rpm,7.0,725000
Hyundai Grand,Hyundai,Grand,5,65000,  Dealer ,petrol,Manual,18.9 kmpl,1197 CC,82.0 bhp,190Nm@ 2000rpm,,475000
Hyundai Grand,Hyundai,Grand,7,59571,Dealer,Petrol,Manual,18.9 kmpl,1197 CC,81.86 bhp,113Nm@ 4000rpm,5.0,485000
Hyundai i10,Hyundai,i10,11,31000,Dealer,Petrol,Manual,20.36 kmpl,1197 CC,78.9 bhp,91Nm@ 3500rpm,5.0,210000
Hyundai Verna,Hyundai,Verna,9,62000,Dealer,Petrol,Manual,17.01 kmpl,1591 CC,121.3 bhp,24@ 1900(kgm@ rpm),5.0,420000
Hyundai Verna,Hyundai,Verna,3,16300,Individual,Petrol,Manual,19.1 kmpl,1368 CC,98.6 bhp,250Nm@ 1500-2500rpm,5.0,789000
Hyundai Grand,Hyundai,Grand,4,35000,individual,Petrol,Manual,18.9 kmpl,1197 CC,81.86 bhp,200Nm@ 1750rpm,5.0,510000
Mercedes-Benz GL-Class,Mercedes-Benz,GL-Class,9,186900,Dealer,diesel,Automatic,11.3 kmpl,2987 CC,,24@ 1900(kgm@ rpm),7.0,1690000
Hyundai Grand,Hyundai,Grand,4,15000,DEALER,Petrol,Automatic,18.9 kmpl,1197 CC,81.86 bhp,24@ 1900(kgm@ rpm),5.0,495000
Honda Jazz,Honda,Jazz,6,64300,Dealer,petrol,Manual,18.7 kmpl,1199 CC,88.7 bhp,"12.7@ 2,700(kgm@ rpm)",5.0,560000
Mahindra XUV500,Mahindra,XUV500,3,40000,  Individual ,Diesel,Automatic,16.0 kmpl,2179 CC,140.0 bhp,170Nm@ 1800-2400rpm,7.0,1400000
Mahindra Scorpio,Mahindra,Scorpio,6,80000,individual,DIESEL,Manual,15.4 kmpl,1997 CC,120.0 bhp,250Nm@ 1500-2500rpm,7.0,900000
Volkswagen Polo,Volkswagen,Polo,9,38000,Dealer,DIESEL,Manual,22.07 kmpl,1199 CC,73.9 bhp,91Nm@ 3500rpm,5.0,295000
Maruti Swift Dzire,Maruti,Swift Dzire,12,145000,individual,petrol,Manual,17.5 kmpl,,85.8 bhp,,5.0,175000
Hyundai Verna,Hyundai,Verna,12,121725,Dealer,diesel,Manual,16.8 kmpl,1493 CC,110.0 bhp,24@ 1900(kgm@ rpm),5.0,330000
Honda Amaze,Honda,Amaze,6,72000,DEALER,diesel,Manual,25.8 kmpl,1498 CC,98.6 bhp,24@ 1900(kgm@ rpm),5.0,425000
Tata Hexa,Tata,Hexa,4,74000,Dealer,DIESEL,Manual,17.6 kmpl,2179 CC,153.86 bhp,190Nm@ 2000rpm,7.0,1050000
Mercedes-Benz E-Class,Mercedes-Benz,E-Class,11,140000,INDIVIDUAL,Diesel,Automatic,11.5 kmpl,2987 CC,210.0 bhp,250Nm@ 1500-2500rpm,5.0,2200000
Maruti Wagon R,Maruti,Wagon R,7,27894,dealer,Petrol,Manual,21.79 kmpl,998 CC,67.05 bhp,24@ 1900(kgm@ rpm),5.0,375000
Hyundai i20,Hyundai,i20,12,80000,individual,PETROL,Automatic,,1396 CC,100.0 bhp,91Nm@ 3500rpm,5.0,280000
Maruti Ignis,Maruti,Ignis,2,8500,Individual,Petrol,Manual,20.89 kmpl,1197 CC,81.8 bhp,170Nm@ 1800-2400rpm,5.0,600000
Maruti Swift,Maruti,Swift,13,96000,DEALER,Diesel,Manual,17.8 kmpl,1248 CC,75.0 bhp,200Nm@ 1750rpm,5.0,290000
Honda City,Honda,City,2,20000,Dealer,  Petrol ,Automatic,18.0 kmpl,1497 CC,,170Nm@ 1800-2400rpm,5.0,1125000
Mahindra Scorpio,Mahindra,Scorpio,4,35000,dealer,Diesel,Manual,15.4 kmpl,1997 CC,120.0 bhp,190Nm@ 2000rpm,7.0,1280000
Maruti Swift Dzire,Maruti,Swift Dzire,5,20000,Individual,Petrol,Manual,20.85 kmpl,1197 CC,83.14 bhp,113Nm@ 4000rpm,5.0,575000
Ford Endeavour,Ford,Endeavour,2,18000,Dealer,Diesel,Automatic,10.91 kmpl,3198 CC,197.0 bhp,113Nm@ 4000rpm,7.0,2725000
Toyota Fortuner,Toyota,Fortuner,6,59000,Dealer,Diesel,Automatic,12.55 kmpl,,168.5 bhp,,7.0,1875000
Hyundai i10,Hyundai,i10,11,45000,Individual,petrol,Manual,19.81 kmpl,1086 CC,68.05 bhp,190Nm@ 2000rpm,5.0,155000
Maruti Ciaz,Maruti,Ciaz,4,67000,Dealer,DIESEL,Manual,28.09 kmpl,1248 CC,88.5 bhp,"12.7@ 2,700(kgm@ rpm)",5.0,831000
Volkswagen Vento,Volkswagen,Vento,7,59000,Dealer,  Petrol ,Manual,15.04 kmpl,1598 CC,103.2 bhp,200Nm@ 1750rpm,5.0,450000
Volkswagen Polo,Volkswagen,Polo,9,35000,individual,  Diesel ,Manual,22.07 kmpl,1199 CC,73.9 bhp,170Nm@ 1800-2400rpm,5.0,290000
Maruti Swift,Maruti,Swift,3,39001,  Dealer ,PETROL,Automatic,21.21 kmpl,1197 CC,81.8 bhp,190Nm@ 2000rpm,5.0,625000
Maruti Alto,Maruti,Alto,2,8300,Individual,Petrol,Manual,24.7 kmpl,796 CC,47.3 bhp,250Nm@ 1500-2500rpm,5.0,330000
Toyota Innova,Toyota,Innova,12,180000,individual,Diesel,Manual,,2494 CC,102.0 bhp,24@ 1900(kgm@ rpm),7.0,430000
Maruti Alto,Maruti,Alto,3,5000,individual,Petrol,Manual,24.7 kmpl,796 CC,47.3 bhp,190Nm@ 2000rpm,5.0,325000
Maruti Swift Dzire,Maruti,Swift Dzire,10,80930,Dealer,Petrol,Manual,17.5 kmpl,1197 CC,85.8 bhp,250Nm@ 1500-2500rpm,5.0,400000
Hyundai i20,Hyundai,i20,3,90000,Individual,diesel,Manual,22.54 kmpl,1396 CC,88.76 bhp,91Nm@ 3500rpm,5.0,650000
Toyota Fortuner,Toyota,Fortuner,10,140000,Dealer,Diesel,Manual,11.5 kmpl,2982 CC,171.0 bhp,170Nm@ 1800-2400rpm,7.0,925000
Maruti Ciaz,Maruti,Ciaz,6,39000,  Dealer ,  Petrol ,Automatic,19.12 kmpl,1373 CC,91.1 bhp,91Nm@ 3500rpm,5.0,675000
Hyundai Grand,Hyundai,Grand,4,46000,DEALER,petrol,Manual,18.9 kmpl,,82.0 bhp,,5.0,465000
Honda City,Honda,City,4,25000,dealer,Petrol,Automatic,18.0 kmpl,1497 CC,117.6 bhp,"12.7@ 2,700(kgm@ rpm)",5.0,985000
Honda Amaze,Honda,Amaze,4,51000,Dealer,Petrol,Manual,17.8 kmpl,1198 CC,86.7 bhp,24@ 1900(kgm@ rpm),5.0,485000
Mahindra Scorpio,Mahindra,Scorpio,7,69000,dealer,Diesel,Automatic,11.79 kmpl,2179 CC,120.0 bhp,24@ 1900(kgm@ rpm),7.0,650000
Maruti Swift,Maruti,Swift,13,100000,Individual,diesel,Manual,17.8 kmpl,1248 CC,75.0 bhp,24@ 1900(kgm@ rpm),5.0,210000
Maruti Alto,Maruti,Alto,8,50418,Dealer,PETROL,Manual,22.74 kmpl,796 CC,47.3 bhp,250Nm@ 1500-2500rpm,5.0,280000
Hyundai Verna,Hyundai,Verna,9,67630,Dealer,Diesel,Automatic,19.08 kmpl,1582 CC,126.32 bhp,113Nm@ 4000rpm,5.0,675000
Hyundai Grand,Hyundai,Grand,7,28000,Dealer,PETROL,Manual,18.9 kmpl,1197 CC,82.0 bhp,250Nm@ 1500-2500rpm,5.0,365000
Hyundai Creta,Hyundai,Creta,6,58000,Dealer,Diesel,Automatic,17.01 kmpl,1582 CC,,200Nm@ 1750rpm,5.0,850000
Maruti Ciaz,Maruti,Ciaz,3,35000,Individual,petrol,Manual,21.56 kmpl,1462 CC,103.25 bhp,250Nm@ 1500-2500rpm,5.0,710000
Datsun RediGO,Datsun,RediGO,3,49000,Dealer,Petrol,Manual,22.7 kmpl,799 CC,53.64 bhp,24@ 1900(kgm@ rpm),5.0,295000
Tata Nexon,Tata,Nexon,3,47000,Individual,Diesel,Manual,21.5 kmpl,1497 CC,108.5 bhp,170Nm@ 1800-2400rpm,5.0,680000
Mercedes-Benz E-Class,Mercedes-Benz,E-Class,16,123374,Dealer,  Petrol ,Automatic,11.2 kmpl,2497 CC,203.0 bhp,"12.7@ 2,700(kgm@ rpm)",5.0,421000
Hyundai i20,Hyundai,i20,8,120000,Individual,Petrol,Manual,18.5 kmpl,1197 CC,82.85 bhp,113Nm@ 4000rpm,5.0,300000
Skoda Superb,Skoda,Superb,7,36000,DEALER,Petrol,Automatic,13.7 kmpl,1798 CC,157.75 bhp,91Nm@ 3500rpm,5.0,1100000
Audi A4,Audi,A4,7,32000,DEALER,  Diesel ,Automatic,,1968 CC,147.51 bhp,"12.7@ 2,700(kgm@ rpm)",5.0,1780000
Honda City,Honda,City,2,10000,dealer,Petrol,Automatic,17.4 kmpl,1497 CC,117.6 bhp,170Nm@ 1800-2400rpm,5.0,1350000
Maruti Swift Dzire,Maruti,Swift Dzire,8,56000,Individual,Diesel,Manual,19.3 kmpl,1248 CC,73.9 bhp,190Nm@ 2000rpm,5.0,520000
Datsun GO,Datsun,GO,3,22000,  Dealer ,  Petrol ,Manual,19.44 kmpl,1198 CC,67.0 bhp,170Nm@ 1800-2400rpm,7.0,400000
Maruti Swift,Maruti,Swift,6,85000,Individual,Petrol,Manual,20.4 kmpl,1197 CC,81.8 bhp,24@ 1900(kgm@ rpm),5.0,550000
Honda CR-V,Honda,CR-V,6,80000,dealer,Petrol,Automatic,13.7 kmpl,1997 CC,153.86 bhp,113Nm@ 4000rpm,5.0,1375000
Maruti Alto,Maruti,Alto,7,40000,individual,Petrol,Manual,22.74 kmpl,796 CC,47.3 bhp,,5.0,250000
Mahindra Bolero,Mahindra,Bolero,15,120000,individual,Diesel,Manual,13.6 kmpl,2523 CC,63.0 bhp,24@ 1900(kgm@ rpm),,240000
Maruti Wagon R,Maruti,Wagon R,4,23967,dealer,  Petrol ,Manual,21.79 kmpl,,67.05 bhp,,5.0,295000
Maruti Baleno,Maruti,Baleno,4,25000,  Dealer ,Petrol,Manual,21.4 kmpl,1197 CC,83.1 bhp,91Nm@ 3500rpm,5.0,570000
Honda Civic,Honda,Civic,11,110000,Individual,Petrol,Manual,14.8 kmpl,1799 CC,130.2 bhp,113Nm@ 4000rpm,5.0,215000
Ford Ecosport,Ford,Ecosport,4,54000,Dealer,Diesel,Manual,23.0 kmpl,1498 CC,98.96 bhp,24@ 1900(kgm@ rpm),5.0,680000
Renault KWID,Renault,KWID,3,30038,Dealer,Petrol,Manual,,799 CC,53.3 bhp,24@ 1900(kgm@ rpm),5.0,295000
BMW 5,BMW,5,4,45000,Dealer,Diesel,Automatic,22.48 kmpl,1995 CC,187.74 bhp,113Nm@ 4000rpm,5.0,3915000
Maruti Vitara,Maruti,Vitara,2,6000,Dealer,  Diesel ,Manual,,1248 CC,88.5 bhp,113Nm@ 4000rpm,5.0,900000
Honda City,Honda,City,4,10000,  Dealer ,petrol,Automatic,18.0 kmpl,1497 CC,117.6 bhp,"12.7@ 2,700(kgm@ rpm)",5.0,1225000
Maruti Alto,Maruti,Alto,9,67000,Dealer,Petrol,Manual,19.7 kmpl,796 CC,46.3 bhp,113Nm@ 4000rpm,,235000
Tata Tiago,Tata,Tiago,2,23296,Dealer,Diesel,Manual,27.28 kmpl,1047 CC,69.0 bhp,170Nm@ 1800-2400rpm,,575000
Land Rover Rover,Land Rover,Rover,3,37500,DEALER,Diesel,Automatic,12.51 kmpl,2179 CC,,190Nm@ 2000rpm,7.0,4100000
Ford Endeavour,Ford,Endeavour,2,40000,Individual,  Diesel ,Automatic,10.91 kmpl,3198 CC,197.0 bhp,"12.7@ 2,700(kgm@ rpm)",7.0,3200000
Volkswagen Vento,Volkswagen,Vento,9,45000,dealer,petrol,Manual,15.04 kmpl,1598 CC,103.6 bhp,200Nm@ 1750rpm,5.0,355000
Ford Ecosport,Ford,Ecosport,3,22128,Dealer,diesel,Manual,23.0 kmpl,1498 CC,,170Nm@ 1800-2400rpm,5.0,1135000
Toyota Fortuner,Toyota,Fortuner,4,56700,Dealer,DIESEL,Automatic,12.9 kmpl,2755 CC,174.5 bhp,170Nm@ 1800-2400rpm,7.0,3100000
Tata Safari,Tata,Safari,4,76759,dealer,  Diesel ,Manual,14.1 kmpl,2179 CC,147.94 bhp,250Nm@ 1500-2500rpm,7.0,835000
BMW X1,BMW,X1,5,55000,dealer,diesel,Automatic,20.68 kmpl,1995 CC,188.0 bhp,"12.7@ 2,700(kgm@ rpm)",5.0,2050000
Honda City,Honda,City,14,42000,  Dealer ,Petrol,Manual,17.7 kmpl,1497 CC,78.0 bhp,113Nm@ 4000rpm,5.0,165000
Tata Nexon,Tata,Nexon,1,5000,Individual,PETROL,Manual,17.0 kmpl,1198 CC,108.5 bhp,"12.7@ 2,700(kgm@ rpm)",5.0,750000
Maruti Ertiga,Maruti,Ertiga,6,50000,Individual,diesel,Manual,20.77 kmpl,1248 CC,88.76 bhp,170Nm@ 1800-2400rpm,7.0,707000
Mercedes-Benz S-Class,Mercedes-Benz,S-Class,6,25000,Dealer,Diesel,Automatic,13.5 kmpl,2987 CC,254.79 bhp,"12.7@ 2,700(kgm@ rpm)",5.0,5700000
BMW X4,BMW,X4,2,9500,Dealer,diesel,Automatic,16.78 kmpl,1995 CC,190.0 bhp,91Nm@ 3500rpm,5.0,4950000
Maruti Celerio,Maruti,Celerio,5,100000,individual,Petrol,Automatic,23.1 kmpl,998 CC,67.04 bhp,190Nm@ 2000rpm,5.0,400000
Maruti Swift,Maruti,Swift,9,80000,Individual,diesel,Manual,22.9 kmpl,1248 CC,74.0 bhp,91Nm@ 3500rpm,5.0,485000
Maruti Swift,Maruti,Swift,3,50000,INDIVIDUAL,Diesel,Automatic,28.4 kmpl,1248 CC,74.0 bhp,170Nm@ 1800-2400rpm,5.0,793000
Maruti Alto,Maruti,Alto,9,42000,Dealer,Petrol,Manual,19.7 kmpl,796 CC,46.3 bhp,24@ 1900(kgm@ rpm),,211000
Honda Amaze,Honda,Amaze,7,110000,individual,Diesel,Manual,25.8 kmpl,1498 CC,98.6 bhp,113Nm@ 4000rpm,5.0,370000
Toyota Innova,Toyota,Innova,5,118321,Dealer,DIESEL,Manual,13.68 kmpl,2393 CC,147.8 bhp,24@ 1900(kgm@ rpm),7.0,1750000
Hyundai i20,Hyundai,i20,5,55000,Dealer,petrol,Manual,18.6 kmpl,1197 CC,81.83 bhp,24@ 1900(kgm@ rpm),5.0,490000
Hyundai i20,Hyundai,i20,4,28056,  Dealer ,petrol,Manual,18.6 kmpl,1197 CC,81.83 bhp,"12.7@ 2,700(kgm@ rpm)",5.0,576000
Maruti Alto,Maruti,Alto,15,70000,individual,  Petrol ,Manual,19.7 kmpl,796 CC,46.3 bhp,170Nm@ 1800-2400rpm,5.0,100000
Kia Seltos,Kia,Seltos,2,6000,  Dealer ,petrol,Manual,16.8 kmpl,,113.4 bhp,,5.0,1425000
Tata Nexon,Tata,Nexon,2,26600,Individual,DIESEL,Manual,21.5 kmpl,1497 CC,108.5 bhp,"12.7@ 2,700(kgm@ rpm)",5.0,675000
Maruti Wagon R,Maruti,Wagon R,7,68000,Individual,Petrol,Manual,20.51 kmpl,998 CC,67.04 bhp,24@ 1900(kgm@ rpm),5.0,250000
Maruti Alto,Maruti,Alto,13,97000,Individual,petrol,Manual,19.7 kmpl,796 CC,46.3 bhp,170Nm@ 1800-2400rpm,5.0,95000
Maruti Alto,Maruti,Alto,8,24000,Individual,Petrol,Manual,,,47.3 bhp,,5.0,270000
Volkswagen Polo,Volkswagen,Polo,9,60000,Individual,Diesel,Manual,22.07 kmpl,1199 CC,73.9 bhp,170Nm@ 1800-2400rpm,5.0,300000
Hyundai i20,Hyundai,i20,4,24000,Dealer,Petrol,Manual,18.6 kmpl,1197 CC,81.83 bhp,113Nm@ 4000rpm,5.0,725000
Maruti Ignis,Maruti,Ignis,4,43000,individual,Petrol,Manual,20.89 kmpl,1197 CC,81.8 bhp,190Nm@ 2000rpm,5.0,420000
Maruti Baleno,Maruti,Baleno,3,25000,INDIVIDUAL,PETROL,Manual,21.4 kmpl,1197 CC,83.1 bhp,250Nm@ 1500-2500rpm,5.0,700000
Hyundai Verna,Hyundai,Verna,9,58000,Dealer,Petrol,Manual,17.01 kmpl,1591 CC,121.3 bhp,"12.7@ 2,700(kgm@ rpm)",5.0,399000
Ford Ecosport,Ford,Ecosport,3,29100,Dealer,DIESEL,Manual,21.7 kmpl,1498 CC,98.96 bhp,200Nm@ 1750rpm,5.0,1100000
Maruti Swift Dzire,Maruti,Swift Dzire,5,80000,INDIVIDUAL,DIESEL,Manual,26.59 kmpl,1248 CC,74.0 bhp,170Nm@ 1800-2400rpm,5.0,550000
Maruti Swift,Maruti,Swift,8,20000,Individual,PETROL,Manual,18.6 kmpl,1197 CC,85.8 bhp,24@ 1900(kgm@ rpm),5.0,350000
Maruti Celerio,Maruti,Celerio,5,64211,  Dealer ,PETROL,Automatic,23.1 kmpl,998 CC,67.04 bhp,24@ 1900(kgm@ rpm),5.0,440000
Hyundai Grand,Hyundai,Grand,3,35000,individual,  Diesel ,Manual,24.0 kmpl,1186 CC,73.97 bhp,91Nm@ 3500rpm,5.0,550000
Maruti Wagon R,Maruti,Wagon R,14,48343,Dealer,PETROL,Manual,18.9 kmpl,1061 CC,67.0 bhp,24@ 1900(kgm@ rpm),,180000
Mercedes-Benz GL-Class,Mercedes-Benz,GL-Class,5,32000,Dealer,DIESEL,Automatic,17.9 kmpl,2143 CC,168.0 bhp,200Nm@ 1750rpm,5.0,3850000
Hyundai Grand,Hyundai,Grand,4,21000,Dealer,Diesel,Manual,24.0 kmpl,1186 CC,73.97 bhp,91Nm@ 3500rpm,5.0,455000
Ford Freestyle,Ford,Freestyle,3,30000,INDIVIDUAL,Petrol,Manual,19.0 kmpl,1194 CC,94.68 bhp,,5.0,630000
Maruti Swift,Maruti,Swift,8,90000,Dealer,DIESEL,Manual,22.9 kmpl,1248 CC,74.0 bhp,200Nm@ 1750rpm,5.0,525000
Maruti Wagon R,Maruti,Wagon R,6,33860,  Individual ,Petrol,Manual,20.51 kmpl,998 CC,67.04 bhp,24@ 1900(kgm@ rpm),5.0,325000
Maruti Swift,Maruti,Swift,8,63589,DEALER,Diesel,Manual,,1248 CC,74.0 bhp,24@ 1900(kgm@ rpm),5.0,425000
Maruti Eeco,Maruti,Eeco,7,63000,DEALER,petrol,Manual,15.37 kmpl,1196 CC,72.42 bhp,113Nm@ 4000rpm,7.0,295000
Mahindra Thar,Mahindra,Thar,2,15000,individual,diesel,Manual,16.55 kmpl,2498 CC,,200Nm@ 1750rpm,6.0,950000
Hyundai i20,Hyundai,i20,4,23000,INDIVIDUAL,Petrol,Manual,18.6 kmpl,1197 CC,81.83 bhp,190Nm@ 2000rpm,5.0,620000
Renault Duster,Renault,Duster,8,70000,INDIVIDUAL,Diesel,Manual,,1461 CC,108.45 bhp,200Nm@ 1750rpm,5.0,400000
Skoda Octavia,Skoda,Octavia,4,3700,DEALER,Petrol,Automatic,15.1 kmpl,,178.0 bhp,,5.0,2200000
Hyundai Verna,Hyundai,Verna,5,27000,Dealer,Petrol,Manual,17.43 kmpl,1396 CC,105.5 bhp,200Nm@ 1750rpm,5.0,550000
Hyundai Creta,Hyundai,Creta,3,66000,individual,Diesel,Manual,21.38 kmpl,1396 CC,88.7 bhp,190Nm@ 2000rpm,5.0,870000
Volkswagen Polo,Volkswagen,Polo,4,51952,Dealer,diesel,Manual,20.14 kmpl,1498 CC,88.0 bhp,200Nm@ 1750rpm,5.0,750000
Honda City,Honda,City,6,31996,Dealer,Petrol,Manual,17.0 kmpl,1497 CC,118.0 bhp,200Nm@ 1750rpm,5.0,785000
Datsun RediGO,Datsun,RediGO,4,35000,Individual,Petrol,Manual,22.7 kmpl,799 CC,53.64 bhp,200Nm@ 1750rpm,5.0,230000
Maruti Swift Dzire,Maruti,Swift Dzire,7,68590,Dealer,DIESEL,Manual,23.4 kmpl,1248 CC,74.0 bhp,170Nm@ 1800-2400rpm,5.0,475000
Renault KWID,Renault,KWID,5,53000,  Individual ,petrol,Manual,25.17 kmpl,799 CC,53.3 bhp,,5.0,230000
Honda Amaze,Honda,Amaze,2,10000,INDIVIDUAL,  Diesel ,Automatic,23.8 kmpl,1498 CC,78.9 bhp,170Nm@ 1800-2400rpm,5.0,795000
Maruti Alto,Maruti,Alto,6,38000,Dealer,Petrol,Manual,22.74 kmpl,796 CC,47.3 bhp,250Nm@ 1500-2500rpm,5.0,245000
Honda City,Honda,City,3,20000,dealer,PETROL,Manual,17.8 kmpl,1498 CC,119.35 bhp,24@ 1900(kgm@ rpm),5.0,870000
Maruti Celerio,Maruti,Celerio,2,58000,Dealer,Petrol,Manual,21.63 kmpl,,67.04 bhp,,5.0,495000
Maruti Wagon R,Maruti,Wagon R,7,41123,dealer,PETROL,Manual,20.51 kmpl,998 CC,67.04 bhp,91Nm@ 3500rpm,5.0,385000
Toyota Fortuner,Toyota,Fortuner,9,55000,Dealer,Diesel,Manual,13.0 kmpl,2982 CC,168.7 bhp,200Nm@ 1750rpm,7.0,1050000
Honda Amaze,Honda,Amaze,3,78000,Dealer,Diesel,Manual,24.7 kmpl,1498 CC,98.63 bhp,200Nm@ 1750rpm,5.0,600000
Maruti Swift,Maruti,Swift,8,55204,Dealer,DIESEL,Manual,22.9 kmpl,1248 CC,74.0 bhp,190Nm@ 2000rpm,5.0,475000
Honda Amaze,Honda,Amaze,2,8000,Dealer,  Petrol ,Automatic,18.1 kmpl,1199 CC,88.7 bhp,,5.0,840000
Hyundai Santro,Hyundai,Santro,2,20000,Individual,PETROL,Manual,20.3 kmpl,1086 CC,68.0 bhp,200Nm@ 1750rpm,5.0,425000
Skoda Rapid,Skoda,Rapid,9,103000,Dealer,Petrol,Automatic,14.3 kmpl,1598 CC,105.0 bhp,190Nm@ 2000rpm,5.0,550000
Toyota Fortuner,Toyota,Fortuner,9,75000,Dealer,  Diesel ,Manual,12.55 kmpl,2982 CC,168.5 bhp,200Nm@ 1750rpm,7.0,1290000
Honda City,Honda,City,5,27275,dealer,Petrol,Manual,17.4 kmpl,1497 CC,117.6 bhp,200Nm@ 1750rpm,5.0,850000
Honda City,Honda,City,4,50000,Dealer,petrol,Manual,17.4 kmpl,1497 CC,117.6 bhp,170Nm@ 1800-2400rpm,5.0,760000
Hyundai Grand,Hyundai,Grand,7,56454,Dealer,Petrol,Manual,18.9 kmpl,1197 CC,82.0 bhp,24@ 1900(kgm@ rpm),5.0,375000
Volkswagen Vento,Volkswagen,Vento,5,60000,dealer,  Diesel ,Automatic,21.5 kmpl,1498 CC,108.5 bhp,"12.7@ 2,700(kgm@ rpm)",,640000
Maruti Swift,Maruti,Swift,6,41000,Dealer,Diesel,Manual,25.2 kmpl,1248 CC,74.0 bhp,250Nm@ 1500-2500rpm,5.0,545000
Maruti Celerio,Maruti,Celerio,4,55001,Dealer,  Petrol ,Automatic,23.1 kmpl,998 CC,67.04 bhp,190Nm@ 2000rpm,5.0,485000
Honda City,Honda,City,4,24000,  Dealer ,Petrol,Automatic,18.0 kmpl,1497 CC,,"12.7@ 2,700(kgm@ rpm)",5.0,875000
Maruti Swift Dzire,Maruti,Swift Dzire,5,35000,Individual,diesel,Manual,26.59 kmpl,1248 CC,74.0 bhp,190Nm@ 2000rpm,5.0,570000
Maruti Ciaz,Maruti,Ciaz,4,70000,Dealer,Diesel,Manual,28.09 kmpl,1248 CC,88.5 bhp,190Nm@ 2000rpm,5.0,795000
Maruti Swift,Maruti,Swift,7,35465,Dealer,DIESEL,Manual,25.2 kmpl,1248 CC,74.0 bhp,190Nm@ 2000rpm,5.0,435000
Hyundai i20,Hyundai,i20,7,50000,Individual,PETROL,Manual,18.6 kmpl,1197 CC,81.83 bhp,200Nm@ 1750rpm,5.0,400000
Honda City,Honda,City,4,72000,DEALER,Diesel,Manual,25.1 kmpl,1498 CC,98.6 bhp,113Nm@ 4000rpm,5.0,850000
Maruti Ertiga,Maruti,Ertiga,5,27000,Dealer,Petrol,Manual,19.01 kmpl,1462 CC,103.26 bhp,113Nm@ 4000rpm,7.0,695000
Hyundai i20,Hyundai,i20,6,45235,dealer,Petrol,Manual,18.6 kmpl,1197 CC,81.83 bhp,200Nm@ 1750rpm,5.0,630000
Mahindra Scorpio,Mahindra,Scorpio,8,130000,INDIVIDUAL,Diesel,Manual,12.05 kmpl,2179 CC,120.0 bhp,113Nm@ 4000rpm,8.0,550000
Datsun RediGO,Datsun,RediGO,3,20000,Individual,  Petrol ,Manual,22.7 kmpl,799 CC,53.64 bhp,113Nm@ 4000rpm,5.0,425000
Maruti Ciaz,Maruti,Ciaz,7,120000,Individual,diesel,Manual,26.21 kmpl,1248 CC,88.5 bhp,250Nm@ 1500-2500rpm,5.0,580000
Honda Civic,Honda,Civic,2,11000,Dealer,petrol,Automatic,16.5 kmpl,1799 CC,139.46 bhp,113Nm@ 4000rpm,5.0,2000000
Toyota Innova,Toyota,Innova,5,90000,Individual,Diesel,Manual,13.68 kmpl,2393 CC,147.8 bhp,250Nm@ 1500-2500rpm,8.0,1750000
Honda City,Honda,City,4,44897,Dealer,Petrol,Automatic,18.0 kmpl,1497 CC,117.6 bhp,250Nm@ 1500-2500rpm,5.0,850000
Maruti Vitara,Maruti,Vitara,5,58000,Dealer,diesel,Manual,24.3 kmpl,1248 CC,88.5 bhp,91Nm@ 3500rpm,5.0,690000
Maruti Ertiga,Maruti,Ertiga,7,38000,DEALER,Petrol,Manual,16.02 kmpl,1373 CC,93.7 bhp,200Nm@ 1750rpm,,585000
BMW X5,BMW,X5,5,15000,individual,Diesel,Automatic,15.97 kmpl,2993 CC,,"12.7@ 2,700(kgm@ rpm)",5.0,5000000
Maruti Ciaz,Maruti,Ciaz,4,66577,TRUSTMARK DEALER,PETROL,Manual,20.73 kmpl,1373 CC,91.1 bhp,170Nm@ 1800-2400rpm,5.0,725000
Toyota Innova,Toyota,Innova,2,21000,Dealer,DIESEL,Manual,13.68 kmpl,2393 CC,147.8 bhp,170Nm@ 1800-2400rpm,7.0,2150000
Maruti Swift Dzire,Maruti,Swift Dzire,3,72000,dealer,Diesel,Manual,28.4 kmpl,1248 CC,74.02 bhp,170Nm@ 1800-2400rpm,5.0,680000
Ford Ecosport,Ford,Ecosport,3,19000,DEALER,diesel,Manual,23.0 kmpl,1498 CC,98.96 bhp,200Nm@ 1750rpm,5.0,950000
Maruti Celerio,Maruti,Celerio,4,4000,Individual,Petrol,Automatic,23.1 kmpl,998 CC,67.04 bhp,170Nm@ 1800-2400rpm,5.0,478000
Maruti Vitara,Maruti,Vitara,1,12000,Dealer,Petrol,Automatic,,1462 CC,103.26 bhp,190Nm@ 2000rpm,5.0,1225000
Toyota Innova,Toyota,Innova,13,176905,Dealer,Diesel,Manual,12.99 kmpl,2494 CC,100.6 bhp,,7.0,510000
Hyundai Grand,Hyundai,Grand,4,59656,  Trustmark Dealer ,Diesel,Manual,24.0 kmpl,1186 CC,73.97 bhp,"12.7@ 2,700(kgm@ rpm)",5.0,532000
Maruti Swift Dzire,Maruti,Swift Dzire,4,26000,Dealer,Petrol,Automatic,18.5 kmpl,1197 CC,83.14 bhp,250Nm@ 1500-2500rpm,5.0,645000
Hyundai Grand,Hyundai,Grand,6,29000,Dealer,Petrol,Manual,18.9 kmpl,1197 CC,82.0 bhp,"12.7@ 2,700(kgm@ rpm)",5.0,385000
Skoda Rapid,Skoda,Rapid,8,52000,Dealer,Petrol,Manual,15.0 kmpl,1598 CC,103.5 bhp,250Nm@ 1500-2500rpm,5.0,425000
Mahindra Scorpio,Mahindra,Scorpio,10,230000,Individual,Diesel,Automatic,11.79 kmpl,2179 CC,120.0 bhp,170Nm@ 1800-2400rpm,8.0,475000
Hyundai Grand,Hyundai,Grand,1,10000,Individual,Petrol,Automatic,20.7 kmpl,,81.86 bhp,,5.0,600000
Datsun RediGO,Datsun,RediGO,3,15000,individual,Petrol,Manual,22.7 kmpl,799 CC,53.64 bhp,250Nm@ 1500-2500rpm,5.0,340000
Maruti Wagon R,Maruti,Wagon R,8,34000,Dealer,Petrol,Manual,18.9 kmpl,998 CC,67.1 bhp,250Nm@ 1500-2500rpm,5.0,300000
Tata Safari,Tata,Safari,5,53000,Dealer,Diesel,Manual,14.1 kmpl,2179 CC,147.94 bhp,190Nm@ 2000rpm,7.0,845000
Land Rover Rover,Land Rover,Rover,6,40000,Individual,Diesel,Automatic,12.97 kmpl,2179 CC,187.7 bhp,24@ 1900(kgm@ rpm),5.0,5000000
Skoda Rapid,Skoda,Rapid,5,60000,Individual,Diesel,Automatic,21.66 kmpl,1498 CC,103.52 bhp,91Nm@ 3500rpm,5.0,850000
Renault KWID,Renault,KWID,6,45006,Dealer,Petrol,Manual,,799 CC,53.3 bhp,24@ 1900(kgm@ rpm),5.0,269000
Tata Safari,Tata,Safari,11,61000,Dealer,diesel,Manual,13.93 kmpl,2179 CC,138.0 bhp,113Nm@ 4000rpm,7.0,195000
Maruti Ertiga,Maruti,Ertiga,4,50000,dealer,DIESEL,Manual,24.52 kmpl,1248 CC,88.5 bhp,200Nm@ 1750rpm,7.0,710000
Maruti Swift Dzire,Maruti,Swift Dzire,10,85000,Dealer,Petrol,Manual,19.0 kmpl,1197 CC,85.8 bhp,113Nm@ 4000rpm,5.0,225000
Maruti Eeco,Maruti,Eeco,5,37000,dealer,CNG,Manual,,1196 CC,73.0 bhp,200Nm@ 1750rpm,5.0,285000
Hyundai i20,Hyundai,i20,9,100000,Individual,  Diesel ,Manual,,,90.0 bhp,,5.0,450000
Honda City,Honda,City,5,51000,DEALER,Petrol,Manual,17.8 kmpl,1497 CC,117.3 bhp,190Nm@ 2000rpm,5.0,670000
Renault Duster,Renault,Duster,7,180000,Individual,DIESEL,Manual,20.45 kmpl,1461 CC,83.8 bhp,170Nm@ 1800-2400rpm,5.0,500000
Maruti Ertiga,Maruti,Ertiga,2,9001,DEALER,petrol,Automatic,18.69 kmpl,1462 CC,103.0 bhp,,7.0,1059000
Maruti Swift Dzire,Maruti,Swift Dzire,7,89000,Dealer,DIESEL,Manual,19.3 kmpl,1248 CC,73.9 bhp,24@ 1900(kgm@ rpm),5.0,565000
Mahindra XUV500,Mahindra,XUV500,8,51674,Dealer,DIESEL,Manual,15.1 kmpl,2179 CC,140.0 bhp,"12.7@ 2,700(kgm@ rpm)",7.0,570000
BMW 5,BMW,5,3,23000,Dealer,DIESEL,Automatic,22.48 kmpl,1995 CC,187.74 bhp,"12.7@ 2,700(kgm@ rpm)",,4000000
Hyundai i20,Hyundai,i20,7,64000,dealer,diesel,Manual,22.54 kmpl,1396 CC,88.73 bhp,91Nm@ 3500rpm,5.0,540000
Honda Civic,Honda,Civic,13,80000,INDIVIDUAL,Petrol,Automatic,12.9 kmpl,1799 CC,130.0 bhp,190Nm@ 2000rpm,5.0,210000
Hyundai Grand,Hyundai,Grand,5,23300,Dealer,Petrol,Manual,,1197 CC,82.0 bhp,250Nm@ 1500-2500rpm,5.0,395000
Audi A4,Audi,A4,9,64705,dealer,Diesel,Automatic,16.55 kmpl,1968 CC,147.51 bhp,190Nm@ 2000rpm,5.0,1350000
Volkswagen Polo,Volkswagen,Polo,5,58000,dealer,Petrol,Manual,16.2 kmpl,1199 CC,74.0 bhp,170Nm@ 1800-2400rpm,5.0,610000
Honda City,Honda,City,4,53000,  Dealer ,Petrol,Manual,17.4 kmpl,,117.6 bhp,,5.0,880000
Maruti Ciaz,Maruti,Ciaz,2,40000,Dealer,Petrol,Manual,20.73 kmpl,1373 CC,91.1 bhp,24@ 1900(kgm@ rpm),5.0,825000
Skoda Rapid,Skoda,Rapid,4,47000,DEALER,Diesel,Automatic,21.72 kmpl,1498 CC,108.6 bhp,250Nm@ 1500-2500rpm,5.0,1075000
Maruti Swift Dzire,Maruti,Swift Dzire,10,62000,DEALER,Diesel,Manual,19.3 kmpl,1248 CC,73.9 bhp,113Nm@ 4000rpm,5.0,265000
Hyundai Grand,Hyundai,Grand,4,10000,Individual,Petrol,Manual,18.9 kmpl,1197 CC,81.86 bhp,250Nm@ 1500-2500rpm,5.0,465000
Maruti Alto,Maruti,Alto,11,80000,Individual,Petrol,Manual,19.7 kmpl,796 CC,46.3 bhp,200Nm@ 1750rpm,5.0,164000
Audi A6,Audi,A6,9,45500,Dealer,Diesel,Automatic,18.53 kmpl,1968 CC,187.74 bhp,113Nm@ 4000rpm,5.0,1380000
Toyota Innova,Toyota,Innova,3,49000,DEALER,Diesel,Automatic,11.36 kmpl,2755 CC,171.5 bhp,113Nm@ 4000rpm,7.0,2050000
Hyundai i20,Hyundai,i20,4,40000,Individual,Petrol,Manual,,1197 CC,81.83 bhp,24@ 1900(kgm@ rpm),5.0,590000
Maruti Swift,Maruti,Swift,3,25000,Dealer,diesel,Manual,28.4 kmpl,1248 CC,74.0 bhp,190Nm@ 2000rpm,5.0,790000
Maruti Wagon R,Maruti,Wagon R,15,37000,Dealer,  Petrol ,Manual,14.0 kmpl,1061 CC,64.0 bhp,250Nm@ 1500-2500rpm,5.0,155000
Maruti Swift Dzire,Maruti,Swift Dzire,5,60000,INDIVIDUAL,Diesel,Manual,26.59 kmpl,1248 CC,74.0 bhp,190Nm@ 2000rpm,5.0,555000
Hyundai i10,Hyundai,i10,11,69000,Dealer,Petrol,Manual,20.36 kmpl,1197 CC,78.9 bhp,113Nm@ 4000rpm,5.0,300000
Maruti Ertiga,Maruti,Ertiga,7,46000,dealer,Petrol,Manual,19.01 kmpl,1462 CC,103.26 bhp,91Nm@ 3500rpm,7.0,595000
Mercedes-Benz C-Class,Mercedes-Benz,C-Class,4,32057,Dealer,diesel,Automatic,14.84 kmpl,2143 CC,170.0 bhp,170Nm@ 1800-2400rpm,5.0,3350000
Maruti Swift,Maruti,Swift,8,53000,dealer,Petrol,Manual,16.1 kmpl,1197 CC,85.0 bhp,91Nm@ 3500rpm,5.0,390000
Hyundai i10,Hyundai,i10,7,36976,Dealer,LPG,Manual,19.2 km/kg,1086 CC,68.05 bhp,250Nm@ 1500-2500rpm,5.0,259000
Hyundai i10,Hyundai,i10,9,34000,Individual,  Petrol ,Manual,20.36 kmpl,1197 CC,78.9 bhp,113Nm@ 4000rpm,5.0,375000
Maruti Vitara,Maruti,Vitara,3,90000,Individual,Diesel,Manual,24.3 kmpl,1248 CC,88.5 bhp,24@ 1900(kgm@ rpm),5.0,730000
Maruti Celerio,Maruti,Celerio,2,15000,INDIVIDUAL,  Petrol ,Manual,23.1 kmpl,998 CC,67.04 bhp,"12.7@ 2,700(kgm@ rpm)",5.0,450000
Renault KWID,Renault,KWID,2,7000,Individual,PETROL,Automatic,24.04 kmpl,999 CC,67.0 bhp,190Nm@ 2000rpm,5.0,490000
Honda City,Honda,City,6,65000,Dealer,  Diesel ,Manual,26.0 kmpl,1498 CC,98.6 bhp,170Nm@ 1800-2400rpm,5.0,500000
Ford Ecosport,Ford,Ecosport,6,100000,Individual,Diesel,Manual,22.77 kmpl,1498 CC,98.59 bhp,250Nm@ 1500-2500rpm,5.0,700000
Hyundai Grand,Hyundai,Grand,1,3800,INDIVIDUAL,PETROL,Manual,20.7 kmpl,1197 CC,81.86 bhp,250Nm@ 1500-2500rpm,5.0,600000
Hyundai Creta,Hyundai,Creta,3,70000,Individual,  Diesel ,Manual,21.38 kmpl,1396 CC,88.7 bhp,24@ 1900(kgm@ rpm),5.0,875000
Maruti Wagon R,Maruti,Wagon R,15,90000,INDIVIDUAL,Petrol,Manual,17.3 kmpl,1061 CC,64.0 bhp,170Nm@ 1800-2400rpm,5.0,80000
Hyundai Creta,Hyundai,Creta,6,40000,  Dealer ,diesel,Automatic,17.01 kmpl,1582 CC,,190Nm@ 2000rpm,5.0,930000
Hyundai Verna,Hyundai,Verna,9,61000,Dealer,DIESEL,Manual,22.32 kmpl,1582 CC,126.3 bhp,200Nm@ 1750rpm,5.0,375000
Mini Cooper,Mini,Cooper,4,6000,  Dealer ,petrol,Automatic,14.41 kmpl,1998 CC,189.08 bhp,200Nm@ 1750rpm,5.0,3250000
Honda City,Honda,City,4,56239,Trustmark Dealer,Petrol,Manual,17.8 kmpl,1497 CC,117.3 bhp,"12.7@ 2,700(kgm@ rpm)",5.0,745000
Skoda Rapid,Skoda,Rapid,8,77300,Dealer,diesel,Manual,,1498 CC,103.52 bhp,"12.7@ 2,700(kgm@ rpm)",5.0,475000
Maruti Ciaz,Maruti,Ciaz,6,54000,  Dealer ,Petrol,Manual,20.73 kmpl,1373 CC,91.1 bhp,170Nm@ 1800-2400rpm,5.0,515000
Maruti Baleno,Maruti,Baleno,3,25000,INDIVIDUAL,Petrol,Automatic,21.4 kmpl,1197 CC,83.1 bhp,190Nm@ 2000rpm,5.0,800000
Volkswagen Polo,Volkswagen,Polo,8,92000,Dealer,PETROL,Automatic,17.2 kmpl,1197 CC,103.6 bhp,170Nm@ 1800-2400rpm,5.0,540000
Hyundai Creta,Hyundai,Creta,6,79828,Dealer,diesel,Automatic,17.01 kmpl,1582 CC,126.2 bhp,91Nm@ 3500rpm,5.0,1060000
Hyundai Grand,Hyundai,Grand,3,36000,Dealer,PETROL,Manual,,1197 CC,81.86 bhp,"12.7@ 2,700(kgm@ rpm)",5.0,520000
Honda City,Honda,City,3,12000,Individual,  Petrol ,Manual,17.4 kmpl,1497 CC,117.6 bhp,190Nm@ 2000rpm,,900000
Maruti Ciaz,Maruti,Ciaz,6,57000,DEALER,petrol,Manual,20.73 kmpl,1373 CC,91.1 bhp,24@ 1900(kgm@ rpm),5.0,490000
Honda City,Honda,City,5,80000,dealer,Petrol,Automatic,18.0 kmpl,1497 CC,117.3 bhp,170Nm@ 1800-2400rpm,5.0,680000
Hyundai Verna,Hyundai,Verna,11,140000,Individual,DIESEL,Manual,16.2 kmpl,1493 CC,110.0 bhp,113Nm@ 4000rpm,5.0,350000
Honda Amaze,Honda,Amaze,6,40000,dealer,  Petrol ,Manual,18.0 kmpl,1198 CC,86.7 bhp,170Nm@ 1800-2400rpm,5.0,425000
BMW 7,BMW,7,3,19000,DEALER,Diesel,Automatic,17.66 kmpl,2993 CC,355.37 bhp,,4.0,8500000
Hyundai Verna,Hyundai,Verna,3,12000,DEALER,Petrol,Automatic,15.92 kmpl,1591 CC,121.3 bhp,113Nm@ 4000rpm,5.0,1200000
Honda City,Honda,City,3,19000,Dealer,Petrol,Automatic,18.0 kmpl,1497 CC,117.6 bhp,190Nm@ 2000rpm,,1150000
Maruti Swift Dzire,Maruti,Swift Dzire,5,49000,Dealer,Petrol,Manual,,1197 CC,83.14 bhp,24@ 1900(kgm@ rpm),5.0,485000
Honda Amaze,Honda,Amaze,2,19000,Dealer,Petrol,Manual,19.5 kmpl,1199 CC,88.76 bhp,250Nm@ 1500-2500rpm,5.0,578000
Maruti Vitara,Maruti,Vitara,4,39100,dealer,diesel,Manual,24.3 kmpl,1248 CC,88.5 bhp,91Nm@ 3500rpm,5.0,790000
Mahindra Scorpio,Mahindra,Scorpio,5,155000,Individual,  Diesel ,Manual,15.4 kmpl,1997 CC,120.0 bhp,91Nm@ 3500rpm,7.0,864000
Maruti Swift Dzire,Maruti,Swift Dzire,5,40000,Individual,Petrol,Manual,,1197 CC,83.14 bhp,170Nm@ 1800-2400rpm,5.0,500000
Toyota Innova,Toyota,Innova,6,82000,Dealer,Diesel,Manual,,2494 CC,100.6 bhp,190Nm@ 2000rpm,7.0,1299000
Hyundai i10,Hyundai,i10,5,30000,individual,Petrol,Manual,19.81 kmpl,1086 CC,68.05 bhp,113Nm@ 4000rpm,5.0,325000
Maruti Swift Dzire,Maruti,Swift Dzire,1,1000,individual,petrol,Manual,21.21 kmpl,1197 CC,81.8 bhp,24@ 1900(kgm@ rpm),5.0,775000
Tata Tigor,Tata,Tigor,3,35000,Individual,Petrol,Manual,20.3 kmpl,1199 CC,84.0 bhp,"12.7@ 2,700(kgm@ rpm)",5.0,500000
Maruti Swift Dzire,Maruti,Swift Dzire,9,154600,Individual,Diesel,Manual,19.3 kmpl,1248 CC,73.9 bhp,"12.7@ 2,700(kgm@ rpm)",5.0,250000
Renault Duster,Renault,Duster,3,77000,Individual,DIESEL,Manual,19.87 kmpl,1461 CC,83.8 bhp,113Nm@ 4000rpm,5.0,730000
Hyundai Verna,Hyundai,Verna,4,30000,individual,Petrol,Manual,17.01 kmpl,1591 CC,121.3 bhp,190Nm@ 2000rpm,5.0,880000
Maruti Ertiga,Maruti,Ertiga,4,34000,  Dealer ,diesel,Manual,24.52 kmpl,1248 CC,88.5 bhp,91Nm@ 3500rpm,7.0,885000
Volvo XC60,Volvo,XC60,8,95000,DEALER,diesel,Automatic,14.7 kmpl,1984 CC,181.0 bhp,113Nm@ 4000rpm,5.0,1600000
Maruti Eeco,Maruti,Eeco,3,33000,Dealer,Petrol,Manual,16.11 kmpl,1196 CC,72.42 bhp,170Nm@ 1800-2400rpm,5.0,350000
Ford Figo,Ford,Figo,10,35000,Individual,Petrol,Manual,15.6 kmpl,1196 CC,70.0 bhp,91Nm@ 3500rpm,5.0,175000
Maruti Vitara,Maruti,Vitara,5,50000,Individual,diesel,Manual,24.3 kmpl,1248 CC,88.5 bhp,190Nm@ 2000rpm,,700000
Hyundai Grand,Hyundai,Grand,1,20000,Individual,Petrol,Manual,20.7 kmpl,1197 CC,81.86 bhp,113Nm@ 4000rpm,5.0,650000
Maruti Ciaz,Maruti,Ciaz,5,39000,  Dealer ,diesel,Manual,28.09 kmpl,1248 CC,88.5 bhp,24@ 1900(kgm@ rpm),5.0,549000
Hyundai Creta,Hyundai,Creta,4,40000,Individual,Diesel,Manual,21.38 kmpl,1396 CC,88.7 bhp,250Nm@ 1500-2500rpm,5.0,900000
Hyundai Santro,Hyundai,Santro,12,68000,INDIVIDUAL,PETROL,Manual,17.92 kmpl,1086 CC,62.1 bhp,170Nm@ 1800-2400rpm,5.0,215000
Honda Civic,Honda,Civic,12,81000,Dealer,Petrol,Automatic,12.9 kmpl,1799 CC,130.0 bhp,190Nm@ 2000rpm,5.0,490000
Hyundai Grand,Hyundai,Grand,5,40000,Dealer,Petrol,Manual,18.9 kmpl,1197 CC,82.0 bhp,"12.7@ 2,700(kgm@ rpm)",5.0,510000
Mahindra XUV500,Mahindra,XUV500,6,170000,Individual,  Diesel ,Manual,16.0 kmpl,2179 CC,140.0 bhp,170Nm@ 1800-2400rpm,7.0,825000
Maruti Swift Dzire,Maruti,Swift Dzire,13,82400,Dealer,Diesel,Manual,19.3 kmpl,1248 CC,73.9 bhp,250Nm@ 1500-2500rpm,5.0,255000
Maruti Baleno,Maruti,Baleno,4,40174,Dealer,petrol,Manual,21.4 kmpl,1197 CC,83.1 bhp,190Nm@ 2000rpm,5.0,675000
Maruti Vitara,Maruti,Vitara,4,45000,Dealer,Diesel,Manual,24.3 kmpl,1248 CC,88.5 bhp,113Nm@ 4000rpm,5.0,945000
Tata Tiago,Tata,Tiago,4,32100,Individual,Petrol,Manual,23.84 kmpl,1199 CC,84.0 bhp,190Nm@ 2000rpm,5.0,400000
Ford Aspire,Ford,Aspire,4,30000,Individual,petrol,Manual,18.16 kmpl,1196 CC,86.8 bhp,113Nm@ 4000rpm,5.0,480000
Maruti Vitara,Maruti,Vitara,4,45000,dealer,Diesel,Manual,24.3 kmpl,,88.5 bhp,,5.0,945000
Renault KWID,Renault,KWID,4,22000,Dealer,Petrol,Manual,23.01 kmpl,999 CC,67.0 bhp,200Nm@ 1750rpm,5.0,295000
Hyundai Grand,Hyundai,Grand,6,35000,INDIVIDUAL,Petrol,Manual,18.9 kmpl,1197 CC,82.0 bhp,170Nm@ 1800-2400rpm,5.0,356000
Maruti Vitara,Maruti,Vitara,2,13000,Dealer,Diesel,Manual,24.3 kmpl,1248 CC,88.5 bhp,24@ 1900(kgm@ rpm),5.0,951000
Toyota Innova,Toyota,Innova,3,18000,individual,Diesel,Manual,13.68 kmpl,2393 CC,,24@ 1900(kgm@ rpm),8.0,1920000
Toyota Innova,Toyota,Innova,2,20000,Dealer,Diesel,Automatic,13.68 kmpl,2393 CC,147.51 bhp,200Nm@ 1750rpm,7.0,1875000
Hyundai i20,Hyundai,i20,3,10000,Individual,Petrol,Manual,18.6 kmpl,1197 CC,81.83 bhp,24@ 1900(kgm@ rpm),5.0,800000
Volkswagen Polo,Volkswagen,Polo,6,46000,Dealer,petrol,Manual,16.47 kmpl,1198 CC,74.0 bhp,170Nm@ 1800-2400rpm,5.0,491000
Mahindra XUV500,Mahindra,XUV500,5,95000,Individual,Diesel,Automatic,16.0 kmpl,2179 CC,,250Nm@ 1500-2500rpm,7.0,875000
Ford Figo,Ford,Figo,10,35000,Individual,  Diesel ,Manual,,1399 CC,68.0 bhp,113Nm@ 4000rpm,5.0,300000
Volkswagen Vento,Volkswagen,Vento,5,55000,Individual,Diesel,Automatic,22.15 kmpl,1498 CC,108.6 bhp,190Nm@ 2000rpm,5.0,950000
Maruti Alto,Maruti,Alto,6,105610,DEALER,Petrol,Manual,22.74 kmpl,796 CC,,200Nm@ 1750rpm,5.0,250000
Hyundai Verna,Hyundai,Verna,11,110000,Individual,Petrol,Manual,16.2 kmpl,1599 CC,103.2 bhp,250Nm@ 1500-2500rpm,5.0,250000
Maruti Wagon R,Maruti,Wagon R,10,83000,Dealer,  Petrol ,Manual,18.9 kmpl,998 CC,67.1 bhp,24@ 1900(kgm@ rpm),5.0,180000
Hyundai i20,Hyundai,i20,3,32300,Individual,Diesel,Manual,21.19 kmpl,1396 CC,88.73 bhp,91Nm@ 3500rpm,5.0,800000
Hyundai i10,Hyundai,i10,13,55000,Individual,Petrol,Manual,19.81 kmpl,1086 CC,68.05 bhp,,5.0,100000
Maruti Alto,Maruti,Alto,10,30000,Individual,Petrol,Manual,20.92 kmpl,998 CC,67.1 bhp,113Nm@ 4000rpm,5.0,251000
Maruti Swift,Maruti,Swift,13,57000,Dealer,petrol,Manual,16.1 kmpl,1298 CC,88.2 bhp,"12.7@ 2,700(kgm@ rpm)",5.0,205000
Renault Duster,Renault,Duster,8,120000,INDIVIDUAL,DIESEL,Manual,19.01 kmpl,1461 CC,108.45 bhp,113Nm@ 4000rpm,5.0,350000
Maruti Ertiga,Maruti,Ertiga,5,56829,DEALER,diesel,Manual,20.77 kmpl,1248 CC,88.8 bhp,250Nm@ 1500-2500rpm,7.0,895000
Maruti Wagon R,Maruti,Wagon R,7,50000,Individual,Petrol,Manual,20.51 kmpl,998 CC,67.06 bhp,91Nm@ 3500rpm,5.0,400000
Volkswagen Vento,Volkswagen,Vento,9,52120,  Dealer ,Petrol,Manual,15.04 kmpl,1598 CC,103.6 bhp,"12.7@ 2,700(kgm@ rpm)",5.0,249000
Hyundai Creta,Hyundai,Creta,4,51000,dealer,DIESEL,Manual,22.1 kmpl,1396 CC,88.7 bhp,91Nm@ 3500rpm,5.0,875000
Mahindra Marazzo,Mahindra,Marazzo,2,36000,Individual,Diesel,Manual,17.3 kmpl,1497 CC,121.0 bhp,24@ 1900(kgm@ rpm),7.0,990000
Renault Duster,Renault,Duster,8,38900,Individual,DIESEL,Manual,19.87 kmpl,1461 CC,83.8 bhp,"12.7@ 2,700(kgm@ rpm)",5.0,500000
Mahindra Scorpio,Mahindra,Scorpio,11,160000,individual,Diesel,Manual,10.5 kmpl,2609 CC,120.0 bhp,113Nm@ 4000rpm,7.0,300000
Maruti Baleno,Maruti,Baleno,4,55087,Dealer,Petrol,Manual,21.01 kmpl,1197 CC,81.8 bhp,190Nm@ 2000rpm,5.0,605000
Hyundai Santro,Hyundai,Santro,11,60200,Individual,LPG,Manual,17.8 km/kg,1086 CC,63.0 bhp,"12.7@ 2,700(kgm@ rpm)",5.0,150000
Maruti Swift Dzire,Maruti,Swift Dzire,7,101374,DEALER,DIESEL,Manual,23.4 kmpl,1248 CC,74.0 bhp,250Nm@ 1500-2500rpm,5.0,530000
Honda City,Honda,City,2,16000,dealer,Petrol,Manual,17.4 kmpl,1497 CC,117.6 bhp,24@ 1900(kgm@ rpm),5.0,1075000
Maruti Celerio,Maruti,Celerio,5,2000,DEALER,Petrol,Automatic,23.1 kmpl,998 CC,67.04 bhp,"12.7@ 2,700(kgm@ rpm)",5.0,466000
Maruti Vitara,Maruti,Vitara,3,62000,Dealer,Diesel,Manual,24.3 kmpl,1248 CC,88.5 bhp,91Nm@ 3500rpm,5.0,975000
Honda City,Honda,City,7,100000,Individual,diesel,Manual,,1498 CC,98.6 bhp,91Nm@ 3500rpm,5.0,570000
Jaguar XF,Jaguar,XF,6,50000,Dealer,Diesel,Automatic,16.36 kmpl,2179 CC,187.7 bhp,"12.7@ 2,700(kgm@ rpm)",5.0,3000000
Maruti Wagon R,Maruti,Wagon R,3,4500,Dealer,Petrol,Manual,20.51 kmpl,,67.04 bhp,,5.0,480000
Renault Duster,Renault,Duster,6,145953,DEALER,Diesel,Manual,20.45 kmpl,1461 CC,83.8 bhp,,5.0,650000
Honda City,Honda,City,2,12000,  Dealer ,Diesel,Manual,25.6 kmpl,1498 CC,97.9 bhp,"12.7@ 2,700(kgm@ rpm)",5.0,1080000
Skoda Octavia,Skoda,Octavia,6,50000,Dealer,DIESEL,Automatic,19.3 kmpl,1968 CC,141.0 bhp,"12.7@ 2,700(kgm@ rpm)",5.0,1050000
Maruti Swift,Maruti,Swift,11,78000,dealer,Diesel,Manual,28.4 kmpl,1248 CC,74.0 bhp,170Nm@ 1800-2400rpm,5.0,255000
Maruti Alto,Maruti,Alto,6,19074,  Individual ,Petrol,Manual,22.74 kmpl,796 CC,,113Nm@ 4000rpm,5.0,275000
Maruti Swift Dzire,Maruti,Swift Dzire,6,56000,DEALER,  Petrol ,Manual,20.85 kmpl,1197 CC,83.14 bhp,"12.7@ 2,700(kgm@ rpm)",,425000
Maruti Celerio,Maruti,Celerio,4,22000,  Dealer ,Petrol,Automatic,23.1 kmpl,998 CC,67.04 bhp,113Nm@ 4000rpm,5.0,475000
Maruti Eeco,Maruti,Eeco,2,30000,Individual,Petrol,Manual,15.37 kmpl,1196 CC,73.0 bhp,170Nm@ 1800-2400rpm,7.0,370000
Maruti Vitara,Maruti,Vitara,4,34000,  Dealer ,  Diesel ,Manual,24.3 kmpl,1248 CC,88.5 bhp,"12.7@ 2,700(kgm@ rpm)",5.0,950000
Maruti Wagon R,Maruti,Wagon R,12,60000,  Dealer ,  Petrol ,Manual,21.79 kmpl,998 CC,67.05 bhp,170Nm@ 1800-2400rpm,5.0,150000
Maruti Baleno,Maruti,Baleno,4,20000,INDIVIDUAL,  Petrol ,Manual,,1197 CC,83.1 bhp,190Nm@ 2000rpm,5.0,548000
Tata Nexon,Tata,Nexon,4,90000,individual,diesel,Manual,21.5 kmpl,1497 CC,108.5 bhp,190Nm@ 2000rpm,5.0,650000
Hyundai Creta,Hyundai,Creta,5,27700,Dealer,Petrol,Manual,15.29 kmpl,1591 CC,121.3 bhp,190Nm@ 2000rpm,5.0,820000
Lexus ES,Lexus,ES,4,34000,  Dealer ,petrol,Automatic,22.37 kmpl,2487 CC,214.56 bhp,24@ 1900(kgm@ rpm),5.0,4100000
Maruti Alto,Maruti,Alto,5,40000,Dealer,Petrol,Manual,22.74 kmpl,796 CC,47.3 bhp,250Nm@ 1500-2500rpm,5.0,260000
Maruti Alto,Maruti,Alto,11,29000,Dealer,Petrol,Manual,19.7 kmpl,796 CC,46.3 bhp,250Nm@ 1500-2500rpm,5.0,175000
Maruti Swift,Maruti,Swift,11,99590,individual,Diesel,Manual,17.8 kmpl,1248 CC,75.0 bhp,"12.7@ 2,700(kgm@ rpm)",5.0,300000
Maruti Celerio,Maruti,Celerio,4,20500,Individual,Petrol,Manual,23.1 kmpl,998 CC,67.04 bhp,190Nm@ 2000rpm,5.0,350000
Volkswagen Vento,Volkswagen,Vento,7,55000,dealer,Diesel,Manual,22.27 kmpl,1498 CC,108.6 bhp,113Nm@ 4000rpm,5.0,375000
Toyota Fortuner,Toyota,Fortuner,4,69000,Dealer,Diesel,Automatic,12.9 kmpl,2755 CC,174.5 bhp,200Nm@ 1750rpm,7.0,2450000
Volkswagen Polo,Volkswagen,Polo,4,22815,  Dealer ,Petrol,Manual,16.47 kmpl,1198 CC,74.0 bhp,91Nm@ 3500rpm,5.0,625000
Maruti Alto,Maruti,Alto,10,55780,Dealer,Petrol,Manual,20.92 kmpl,998 CC,67.1 bhp,200Nm@ 1750rpm,5.0,220000
Maruti Wagon R,Maruti,Wagon R,15,120000,Individual,  Petrol ,Manual,18.9 kmpl,998 CC,67.1 bhp,91Nm@ 3500rpm,5.0,80000
Maruti Wagon R,Maruti,Wagon R,13,67000,  Dealer ,petrol,Manual,14.0 kmpl,1061 CC,64.0 bhp,113Nm@ 4000rpm,5.0,145000
Hyundai Verna,Hyundai,Verna,9,100000,INDIVIDUAL,  Diesel ,Manual,22.32 kmpl,1582 CC,126.3 bhp,190Nm@ 2000rpm,5.0,360000
Hyundai Santro,Hyundai,Santro,2,31000,Dealer,cng,Manual,30.48 km/kg,1086 CC,58.0 bhp,91Nm@ 3500rpm,5.0,540000
Hyundai Grand,Hyundai,Grand,3,10000,Individual,  Petrol ,Manual,18.9 kmpl,1197 CC,81.86 bhp,170Nm@ 1800-2400rpm,5.0,515000
Hyundai Verna,Hyundai,Verna,8,90000,Dealer,  Diesel ,Manual,22.32 kmpl,1582 CC,126.32 bhp,113Nm@ 4000rpm,5.0,525000
Honda City,Honda,City,6,63000,dealer,  Diesel ,Manual,,1498 CC,98.6 bhp,250Nm@ 1500-2500rpm,5.0,575000
Hyundai Santro,Hyundai,Santro,8,40000,  Individual ,PETROL,Manual,17.92 kmpl,1086 CC,,250Nm@ 1500-2500rpm,5.0,240000
BMW X5,BMW,X5,2,19000,Individual,Diesel,Automatic,13.38 kmpl,2993 CC,265.0 bhp,170Nm@ 1800-2400rpm,5.0,7900000
Maruti Swift Dzire,Maruti,Swift Dzire,4,51000,DEALER,diesel,Manual,26.59 kmpl,1248 CC,74.0 bhp,113Nm@ 4000rpm,5.0,700000
BMW 5,BMW,5,3,22000,dealer,Diesel,Automatic,22.48 kmpl,1995 CC,187.74 bhp,"12.7@ 2,700(kgm@ rpm)",5.0,4400000
Maruti Ertiga,Maruti,Ertiga,4,60000,  Individual ,Diesel,Manual,,1248 CC,88.5 bhp,190Nm@ 2000rpm,7.0,800000
Maruti Swift Dzire,Maruti,Swift Dzire,4,35000,  Individual ,DIESEL,Manual,28.4 kmpl,1248 CC,74.02 bhp,91Nm@ 3500rpm,5.0,615000
Maruti Vitara,Maruti,Vitara,5,60000,Individual,Diesel,Manual,24.3 kmpl,1248 CC,,113Nm@ 4000rpm,5.0,925000
Maruti Swift,Maruti,Swift,3,10000,Individual,PETROL,Manual,22.0 kmpl,1197 CC,81.8 bhp,91Nm@ 3500rpm,5.0,640000
Honda City,Honda,City,12,65000,Dealer,Petrol,Manual,17.0 kmpl,1497 CC,118.0 bhp,170Nm@ 1800-2400rpm,5.0,265000
Volkswagen Vento,Volkswagen,Vento,10,65101,Dealer,Diesel,Manual,20.54 kmpl,1598 CC,103.6 bhp,190Nm@ 2000rpm,5.0,285000
Maruti Swift Dzire,Maruti,Swift Dzire,8,90000,INDIVIDUAL,Diesel,Manual,23.4 kmpl,1248 CC,74.0 bhp,170Nm@ 1800-2400rpm,5.0,380000
Mercedes-Benz GL-Class,Mercedes-Benz,GL-Class,5,50000,Dealer,DIESEL,Automatic,11.3 kmpl,2987 CC,254.8 bhp,170Nm@ 1800-2400rpm,7.0,4255000
Maruti Swift,Maruti,Swift,9,70000,Dealer,DIESEL,Manual,22.9 kmpl,1248 CC,74.0 bhp,250Nm@ 1500-2500rpm,5.0,411000
Hyundai Verna,Hyundai,Verna,7,100000,  Individual ,Diesel,Manual,22.32 kmpl,1582 CC,126.32 bhp,250Nm@ 1500-2500rpm,5.0,700000
Maruti Ertiga,Maruti,Ertiga,7,35000,individual,Diesel,Manual,20.77 kmpl,1248 CC,88.76 bhp,170Nm@ 1800-2400rpm,7.0,725000
Skoda Superb,Skoda,Superb,11,72000,Dealer,Petrol,Automatic,9.3 kmpl,2771 CC,193.1 bhp,250Nm@ 1500-2500rpm,,385000
Toyota Innova,Toyota,Innova,5,46000,  Dealer ,Diesel,Manual,13.68 kmpl,2393 CC,147.51 bhp,24@ 1900(kgm@ rpm),8.0,1650000
Mahindra XUV500,Mahindra,XUV500,3,9000,  Individual ,Diesel,Manual,,2179 CC,152.87 bhp,"12.7@ 2,700(kgm@ rpm)",7.0,1625000
Maruti Swift,Maruti,Swift,7,74100,Dealer,Diesel,Manual,25.2 kmpl,,74.0 bhp,,5.0,451000
Maruti Alto,Maruti,Alto,14,30000,Individual,Petrol,Manual,19.7 kmpl,796 CC,46.3 bhp,"12.7@ 2,700(kgm@ rpm)",5.0,120000
Hyundai i20,Hyundai,i20,9,50000,Dealer,Petrol,Manual,17.0 kmpl,1197 CC,80.0 bhp,200Nm@ 1750rpm,5.0,395000
Hyundai Verna,Hyundai,Verna,9,56702,Dealer,DIESEL,Manual,,1582 CC,126.32 bhp,250Nm@ 1500-2500rpm,5.0,525000
Honda City,Honda,City,14,77253,Dealer,Petrol,Manual,17.7 kmpl,1497 CC,78.0 bhp,91Nm@ 3500rpm,5.0,145000
Maruti Wagon R,Maruti,Wagon R,12,50000,Individual,Petrol,Manual,18.9 kmpl,1061 CC,67.0 bhp,,5.0,200000
Hyundai i10,Hyundai,i10,11,75000,Dealer,Petrol,Manual,19.81 kmpl,1086 CC,68.05 bhp,113Nm@ 4000rpm,5.0,270000
Honda City,Honda,City,6,50000,dealer,Petrol,Automatic,18.0 kmpl,1497 CC,117.3 bhp,91Nm@ 3500rpm,5.0,800000
Hyundai Grand,Hyundai,Grand,3,50000,dealer,Diesel,Manual,24.0 kmpl,1186 CC,73.97 bhp,"12.7@ 2,700(kgm@ rpm)",5.0,550000
Maruti Eeco,Maruti,Eeco,6,61000,Dealer,CNG,Manual,20.88 km/kg,1196 CC,61.7 bhp,190Nm@ 2000rpm,5.0,390000
Maruti Alto,Maruti,Alto,15,70000,Individual,  Petrol ,Manual,19.7 kmpl,796 CC,46.3 bhp,24@ 1900(kgm@ rpm),5.0,70000
Hyundai i10,Hyundai,i10,8,72000,Dealer,Petrol,Manual,20.36 kmpl,1197 CC,78.9 bhp,24@ 1900(kgm@ rpm),5.0,275000
Hyundai Verna,Hyundai,Verna,4,50000,INDIVIDUAL,petrol,Manual,17.01 kmpl,1591 CC,121.3 bhp,"12.7@ 2,700(kgm@ rpm)",5.0,675000
Honda Amaze,Honda,Amaze,8,80000,Dealer,Diesel,Manual,25.8 kmpl,1498 CC,98.6 bhp,24@ 1900(kgm@ rpm),5.0,421000
BMW X4,BMW,X4,2,7099,  Dealer ,Diesel,Automatic,14.71 kmpl,2993 CC,265.0 bhp,91Nm@ 3500rpm,5.0,6500000
Maruti Baleno,Maruti,Baleno,3,50000,individual,PETROL,Manual,21.4 kmpl,1197 CC,83.1 bhp,91Nm@ 3500rpm,5.0,625000
Maruti Swift Dzire,Maruti,Swift Dzire,10,62000,Dealer,PETROL,Manual,20.85 kmpl,1197 CC,83.14 bhp,170Nm@ 1800-2400rpm,5.0,235000
Tata Tiago,Tata,Tiago,3,80000,Individual,Petrol,Manual,23.84 kmpl,1199 CC,84.0 bhp,200Nm@ 1750rpm,5.0,360000
Honda Amaze,Honda,Amaze,4,70000,Individual,DIESEL,Manual,25.8 kmpl,1498 CC,98.6 bhp,190Nm@ 2000rpm,5.0,350000
Hyundai Creta,Hyundai,Creta,4,75130,Dealer,Diesel,Manual,19.67 kmpl,1582 CC,126.2 bhp,24@ 1900(kgm@ rpm),5.0,1150000
Ford Ecosport,Ford,Ecosport,8,74000,DEALER,  Diesel ,Manual,22.7 kmpl,1498 CC,89.84 bhp,250Nm@ 1500-2500rpm,5.0,565000
Maruti Wagon R,Maruti,Wagon R,3,50000,Individual,Petrol,Manual,,,67.04 bhp,,5.0,400000
Kia Seltos,Kia,Seltos,2,5400,dealer,Petrol,Automatic,16.8 kmpl,1353 CC,138.0 bhp,170Nm@ 1800-2400rpm,5.0,1790000
Maruti Eeco,Maruti,Eeco,2,10000,Individual,PETROL,Manual,15.37 kmpl,1196 CC,73.0 bhp,91Nm@ 3500rpm,5.0,415000
Mahindra XUV500,Mahindra,XUV500,6,64000,Dealer,Diesel,Manual,,1997 CC,,91Nm@ 3500rpm,7.0,945000
Hyundai i10,Hyundai,i10,10,68000,Dealer,Petrol,Manual,20.36 kmpl,1197 CC,78.9 bhp,250Nm@ 1500-2500rpm,5.0,286000
Hyundai Creta,Hyundai,Creta,4,54000,Dealer,Petrol,Manual,,1591 CC,121.3 bhp,91Nm@ 3500rpm,5.0,999000
Maruti Ciaz,Maruti,Ciaz,6,73000,Dealer,PETROL,Manual,,1373 CC,91.1 bhp,24@ 1900(kgm@ rpm),5.0,550000
Renault Duster,Renault,Duster,7,46500,  Individual ,Diesel,Manual,20.45 kmpl,1461 CC,83.8 bhp,24@ 1900(kgm@ rpm),5.0,460000
Honda Amaze,Honda,Amaze,3,43772,  Dealer ,Diesel,Manual,25.8 kmpl,1498 CC,98.6 bhp,"12.7@ 2,700(kgm@ rpm)",5.0,860000
Maruti Eeco,Maruti,Eeco,6,59000,Dealer,Petrol,Manual,15.1 kmpl,1196 CC,,24@ 1900(kgm@ rpm),7.0,365000
Honda City,Honda,City,11,105000,Dealer,Petrol,Automatic,16.8 kmpl,1497 CC,118.0 bhp,200Nm@ 1750rpm,5.0,375000
Maruti Ignis,Maruti,Ignis,4,24000,dealer,Petrol,Automatic,20.89 kmpl,1197 CC,81.8 bhp,250Nm@ 1500-2500rpm,5.0,545000
Ford Figo,Ford,Figo,7,36000,Dealer,Diesel,Manual,20.0 kmpl,1399 CC,68.05 bhp,"12.7@ 2,700(kgm@ rpm)",5.0,235000
Hyundai i20,Hyundai,i20,6,44983,Dealer,Petrol,Manual,18.6 kmpl,1197 CC,81.83 bhp,190Nm@ 2000rpm,5.0,565000
Maruti Swift Dzire,Maruti,Swift Dzire,2,22000,dealer,Petrol,Manual,21.21 kmpl,1197 CC,81.8 bhp,113Nm@ 4000rpm,5.0,775000
Mahindra Scorpio,Mahindra,Scorpio,4,30000,  Dealer ,DIESEL,Manual,15.4 kmpl,1997 CC,120.0 bhp,24@ 1900(kgm@ rpm),7.0,1125000
Renault Duster,Renault,Duster,6,150000,  Individual ,Diesel,Manual,20.45 kmpl,1461 CC,83.8 bhp,91Nm@ 3500rpm,5.0,550000
Honda City,Honda,City,5,32000,Dealer,petrol,Automatic,18.0 kmpl,1497 CC,117.3 bhp,"12.7@ 2,700(kgm@ rpm)",5.0,845000
Maruti Swift Dzire,Maruti,Swift Dzire,4,80000,Individual,  Diesel ,Automatic,,1248 CC,74.02 bhp,170Nm@ 1800-2400rpm,5.0,610000
Maruti Ignis,Maruti,Ignis,3,50000,Individual,Petrol,Manual,20.89 kmpl,1197 CC,81.8 bhp,250Nm@ 1500-2500rpm,5.0,450000
Toyota Innova,Toyota,Innova,7,70873,Dealer,Diesel,Manual,12.99 kmpl,2494 CC,100.6 bhp,200Nm@ 1750rpm,7.0,1325000
Hyundai i20,Hyundai,i20,9,70000,individual,Petrol,Manual,17.0 kmpl,1197 CC,80.0 bhp,170Nm@ 1800-2400rpm,5.0,300000
Hyundai Verna,Hyundai,Verna,6,30000,dealer,PETROL,Manual,17.1 kmpl,1591 CC,121.3 bhp,200Nm@ 1750rpm,5.0,635000
Hyundai Grand,Hyundai,Grand,6,29000,DEALER,Petrol,Manual,18.9 kmpl,1197 CC,82.0 bhp,"12.7@ 2,700(kgm@ rpm)",5.0,495000
Mercedes-Benz E-Class,Mercedes-Benz,E-Class,10,40000,Dealer,Diesel,Automatic,10.0 kmpl,2148 CC,170.0 bhp,200Nm@ 1750rpm,5.0,1450000
Maruti Swift Dzire,Maruti,Swift Dzire,4,21000,Individual,DIESEL,Manual,28.4 kmpl,1248 CC,74.02 bhp,190Nm@ 2000rpm,5.0,650000
Toyota Innova,Toyota,Innova,7,77349,  Dealer ,DIESEL,Manual,12.99 kmpl,2494 CC,100.6 bhp,200Nm@ 1750rpm,7.0,975000
Hyundai Grand,Hyundai,Grand,3,70000,Individual,Diesel,Manual,24.0 kmpl,1186 CC,73.97 bhp,200Nm@ 1750rpm,5.0,430000
Tata Safari,Tata,Safari,8,110000,individual,DIESEL,Manual,14.0 kmpl,2179 CC,138.1 bhp,190Nm@ 2000rpm,7.0,500000
Honda City,Honda,City,3,29000,Dealer,Petrol,Automatic,18.0 kmpl,1497 CC,117.3 bhp,91Nm@ 3500rpm,5.0,1200000
Hyundai i10,Hyundai,i10,13,60000,Individual,Petrol,Manual,20.36 kmpl,1197 CC,78.9 bhp,200Nm@ 1750rpm,5.0,200000
Honda WR-V,Honda,WR-V,4,65360,DEALER,Diesel,Manual,25.5 kmpl,1498 CC,98.6 bhp,250Nm@ 1500-2500rpm,5.0,760000
Maruti Swift,Maruti,Swift,12,60000,Individual,Petrol,Manual,16.1 kmpl,1298 CC,88.2 bhp,91Nm@ 3500rpm,5.0,350000
Mercedes-Benz E-Class,Mercedes-Benz,E-Class,12,107591,dealer,  Diesel ,Automatic,11.0 kmpl,2987 CC,198.5 bhp,91Nm@ 3500rpm,5.0,1200000
Maruti Ciaz,Maruti,Ciaz,5,68429,Dealer,Diesel,Manual,26.21 kmpl,1248 CC,88.5 bhp,200Nm@ 1750rpm,5.0,797000
Mercedes-Benz C-Class,Mercedes-Benz,C-Class,8,38000,Dealer,DIESEL,Automatic,14.84 kmpl,2143 CC,170.0 bhp,24@ 1900(kgm@ rpm),5.0,1200000
Mercedes-Benz E-Class,Mercedes-Benz,E-Class,6,50000,  Dealer ,DIESEL,Automatic,14.21 kmpl,2143 CC,203.0 bhp,"12.7@ 2,700(kgm@ rpm)",5.0,2400000
Maruti Wagon R,Maruti,Wagon R,11,61000,  Dealer ,Petrol,Manual,20.51 kmpl,998 CC,67.04 bhp,190Nm@ 2000rpm,5.0,195000
Maruti Swift,Maruti,Swift,13,73000,  Dealer ,  Diesel ,Manual,17.8 kmpl,1248 CC,75.0 bhp,"12.7@ 2,700(kgm@ rpm)",5.0,250000
Tata Tiago,Tata,Tiago,4,60000,  Individual ,PETROL,Manual,23.84 kmpl,1199 CC,84.0 bhp,,,380000
Maruti Swift Dzire,Maruti,Swift Dzire,4,32000,  Dealer ,Diesel,Automatic,,1248 CC,74.02 bhp,170Nm@ 1800-2400rpm,5.0,785000
Maruti Swift Dzire,Maruti,Swift Dzire,4,9691,Dealer,diesel,Manual,28.4 kmpl,1248 CC,74.02 bhp,250Nm@ 1500-2500rpm,5.0,822000
Skoda Rapid,Skoda,Rapid,9,120000,INDIVIDUAL,Petrol,Automatic,14.3 kmpl,1598 CC,105.0 bhp,"12.7@ 2,700(kgm@ rpm)",5.0,500000
Maruti Wagon R,Maruti,Wagon R,11,60000,individual,Petrol,Manual,18.9 kmpl,1061 CC,67.0 bhp,"12.7@ 2,700(kgm@ rpm)",5.0,150000
Volkswagen Vento,Volkswagen,Vento,5,50000,  Individual ,Diesel,Automatic,22.15 kmpl,1498 CC,108.6 bhp,200Nm@ 1750rpm,5.0,725000
Maruti Swift,Maruti,Swift,2,15000,INDIVIDUAL,Petrol,Manual,22.0 kmpl,1197 CC,81.8 bhp,24@ 1900(kgm@ rpm),5.0,710000
Maruti Swift Dzire,Maruti,Swift Dzire,8,70000,individual,diesel,Manual,23.4 kmpl,1248 CC,74.0 bhp,24@ 1900(kgm@ rpm),5.0,600000
Hyundai i10,Hyundai,i10,11,80000,Individual,petrol,Manual,20.36 kmpl,1197 CC,78.9 bhp,91Nm@ 3500rpm,5.0,180000
Hyundai Creta,Hyundai,Creta,5,88000,Dealer,Diesel,Automatic,17.01 kmpl,1582 CC,126.2 bhp,"12.7@ 2,700(kgm@ rpm)",5.0,1249000
Mahindra XUV500,Mahindra,XUV500,7,80594,  Dealer ,Diesel,Manual,15.1 kmpl,2179 CC,140.0 bhp,250Nm@ 1500-2500rpm,7.0,725000
Honda Amaze,Honda,Amaze,1,12000,Dealer,PETROL,Manual,18.6 kmpl,1199 CC,88.76 bhp,91Nm@ 3500rpm,5.0,785000
Tata Safari,Tata,Safari,9,100000,individual,DIESEL,Manual,11.57 kmpl,2179 CC,,"12.7@ 2,700(kgm@ rpm)",7.0,260000
Maruti Swift,Maruti,Swift,4,40000,Dealer,petrol,Manual,22.0 kmpl,1197 CC,81.8 bhp,91Nm@ 3500rpm,,515000
Ford Ecosport,Ford,Ecosport,5,67000,dealer,DIESEL,Manual,22.77 kmpl,1498 CC,98.59 bhp,170Nm@ 1800-2400rpm,5.0,525000
Toyota Fortuner,Toyota,Fortuner,5,40000,DEALER,diesel,Automatic,12.55 kmpl,2982 CC,,190Nm@ 2000rpm,7.0,2250000
Audi A6,Audi,A6,9,36000,Dealer,DIESEL,Automatic,17.68 kmpl,1968 CC,174.33 bhp,200Nm@ 1750rpm,5.0,1375000
Volvo XC60,Volvo,XC60,7,70252,Dealer,DIESEL,Automatic,11.2 kmpl,2400 CC,215.0 bhp,190Nm@ 2000rpm,5.0,1825000
Maruti Ertiga,Maruti,Ertiga,2,8400,Dealer,  Petrol ,Manual,19.01 kmpl,1462 CC,103.26 bhp,"12.7@ 2,700(kgm@ rpm)",7.0,1075000
Tata Tiago,Tata,Tiago,2,23000,Dealer,Petrol,Manual,23.84 kmpl,1199 CC,84.0 bhp,"12.7@ 2,700(kgm@ rpm)",5.0,445000
Mercedes-Benz C-Class,Mercedes-Benz,C-Class,9,48900,dealer,Diesel,Automatic,14.84 kmpl,2143 CC,170.0 bhp,91Nm@ 3500rpm,5.0,1395000
Hyundai Creta,Hyundai,Creta,4,90000,Individual,petrol,Manual,15.29 kmpl,,,,5.0,1180000
Ford Ecosport,Ford,Ecosport,4,14636,Dealer,PETROL,Manual,15.9 kmpl,1496 CC,120.69 bhp,250Nm@ 1500-2500rpm,5.0,725000
Mahindra XUV500,Mahindra,XUV500,5,36000,  Individual ,Diesel,Manual,16.0 kmpl,1997 CC,140.0 bhp,170Nm@ 1800-2400rpm,7.0,900000
Hyundai Verna,Hyundai,Verna,7,89000,DEALER,  Diesel ,Manual,22.32 kmpl,1582 CC,126.32 bhp,"12.7@ 2,700(kgm@ rpm)",5.0,470000
Maruti Swift Dzire,Maruti,Swift Dzire,8,60855,Dealer,Petrol,Manual,19.1 kmpl,1197 CC,85.8 bhp,91Nm@ 3500rpm,5.0,500000
Honda Jazz,Honda,Jazz,3,15000,DEALER,Diesel,Manual,27.3 kmpl,1498 CC,98.6 bhp,,5.0,700000
Maruti Wagon R,Maruti,Wagon R,6,39983,Dealer,Petrol,Manual,21.79 kmpl,998 CC,67.05 bhp,190Nm@ 2000rpm,5.0,425000
Hyundai Creta,Hyundai,Creta,6,65000,Dealer,DIESEL,Manual,19.67 kmpl,1582 CC,126.2 bhp,91Nm@ 3500rpm,5.0,849000
Renault KWID,Renault,KWID,3,20000,Individual,Petrol,Automatic,24.04 kmpl,999 CC,67.0 bhp,24@ 1900(kgm@ rpm),5.0,330000
Volkswagen Polo,Volkswagen,Polo,4,25000,Individual,Diesel,Manual,20.14 kmpl,,,,5.0,750000
Mercedes-Benz CLS,Mercedes-Benz,CLS,7,33000,Dealer,Petrol,Automatic,9.26 kmpl,3498 CC,306.0 bhp,"12.7@ 2,700(kgm@ rpm)",4.0,3600000
Ford Figo,Ford,Figo,7,105000,individual,Petrol,Manual,15.6 kmpl,1196 CC,70.02 bhp,170Nm@ 1800-2400rpm,5.0,285000
Datsun GO,Datsun,GO,4,44000,dealer,Petrol,Manual,19.02 kmpl,1198 CC,67.05 bhp,170Nm@ 1800-2400rpm,5.0,255000
Maruti Ciaz,Maruti,Ciaz,2,11564,Dealer,Petrol,Manual,20.73 kmpl,1373 CC,,200Nm@ 1750rpm,5.0,895000
Maruti Swift,Maruti,Swift,7,44235,Dealer,Diesel,Manual,25.2 kmpl,1248 CC,74.0 bhp,170Nm@ 1800-2400rpm,5.0,410000
Mercedes-Benz E-Class,Mercedes-Benz,E-Class,7,10000,INDIVIDUAL,Diesel,Automatic,13.0 kmpl,2143 CC,201.1 bhp,250Nm@ 1500-2500rpm,5.0,3600000
Renault KWID,Renault,KWID,3,10103,Dealer,Petrol,Manual,25.17 kmpl,799 CC,53.3 bhp,"12.7@ 2,700(kgm@ rpm)",5.0,325000
Hyundai i20,Hyundai,i20,5,62000,Dealer,Diesel,Manual,22.54 kmpl,1396 CC,88.73 bhp,"12.7@ 2,700(kgm@ rpm)",5.0,580000
Maruti Baleno,Maruti,Baleno,2,14000,Dealer,Petrol,Automatic,19.56 kmpl,1197 CC,81.8 bhp,170Nm@ 1800-2400rpm,5.0,875000
Mahindra Scorpio,Mahindra,Scorpio,3,39000,  Dealer ,Diesel,Manual,16.36 kmpl,2179 CC,140.0 bhp,250Nm@ 1500-2500rpm,7.0,1275000
Mercedes-Benz C-Class,Mercedes-Benz,C-Class,9,60000,Dealer,Diesel,Automatic,15.8 kmpl,2143 CC,170.0 bhp,24@ 1900(kgm@ rpm),5.0,1125000
Honda Amaze,Honda,Amaze,5,25000,Individual,petrol,Manual,17.8 kmpl,1198 CC,86.7 bhp,"12.7@ 2,700(kgm@ rpm)",5.0,750000
Ford Figo,Ford,Figo,11,90000,Individual,petrol,Manual,15.6 kmpl,1196 CC,70.0 bhp,113Nm@ 4000rpm,5.0,200000
BMW 3,BMW,3,12,15000,Individual,Petrol,Automatic,12.05 kmpl,1995 CC,154.0 bhp,,5.0,750000
Hyundai Verna,Hyundai,Verna,8,65278,  Dealer ,Diesel,Manual,22.32 kmpl,1582 CC,126.32 bhp,91Nm@ 3500rpm,5.0,425000
Mahindra Thar,Mahindra,Thar,8,56000,Dealer,Diesel,Manual,16.55 kmpl,2498 CC,105.0 bhp,"12.7@ 2,700(kgm@ rpm)",7.0,515000
Honda WR-V,Honda,WR-V,4,80000,Individual,Petrol,Manual,17.5 kmpl,1199 CC,88.7 bhp,24@ 1900(kgm@ rpm),5.0,700000
Hyundai Verna,Hyundai,Verna,3,11500,Dealer,  Petrol ,Manual,17.43 kmpl,1396 CC,105.5 bhp,170Nm@ 1800-2400rpm,5.0,825000
Lexus ES,Lexus,ES,3,28000,Dealer,Petrol,Automatic,,2487 CC,,113Nm@ 4000rpm,5.0,3990000
Maruti Vitara,Maruti,Vitara,5,42000,Dealer,Diesel,Manual,,1248 CC,88.5 bhp,170Nm@ 1800-2400rpm,5.0,725000
Honda City,Honda,City,11,78000,Dealer,PETROL,Manual,17.0 kmpl,1497 CC,118.0 bhp,113Nm@ 4000rpm,5.0,340000
Ford Freestyle,Ford,Freestyle,2,17000,individual,Petrol,Manual,19.0 kmpl,1194 CC,94.68 bhp,200Nm@ 1750rpm,5.0,630000
Ford Ecosport,Ford,Ecosport,5,66000,  Individual ,  Diesel ,Manual,22.77 kmpl,1498 CC,98.59 bhp,170Nm@ 1800-2400rpm,5.0,800000
Honda Amaze,Honda,Amaze,7,78000,Dealer,Petrol,Manual,18.0 kmpl,1198 CC,86.7 bhp,250Nm@ 1500-2500rpm,5.0,420000
Mahindra Scorpio,Mahindra,Scorpio,4,68000,Dealer,Diesel,Manual,15.4 kmpl,2179 CC,120.0 bhp,91Nm@ 3500rpm,8.0,1269000
Honda WR-V,Honda,WR-V,1,5000,INDIVIDUAL,Petrol,Manual,17.5 kmpl,1199 CC,88.7 bhp,24@ 1900(kgm@ rpm),5.0,925000
Toyota Innova,Toyota,Innova,11,48000,Dealer,Diesel,Manual,12.8 kmpl,,102.0 bhp,,8.0,525000
Toyota Innova,Toyota,Innova,8,100000,Dealer,diesel,Manual,12.99 kmpl,2494 CC,100.0 bhp,91Nm@ 3500rpm,7.0,980000
Hyundai Creta,Hyundai,Creta,6,72000,Dealer,Diesel,Manual,19.67 kmpl,1582 CC,126.2 bhp,91Nm@ 3500rpm,5.0,950000
Maruti Alto,Maruti,Alto,7,40000,Individual,Petrol,Manual,22.74 kmpl,796 CC,47.3 bhp,190Nm@ 2000rpm,5.0,230000
Mahindra XUV500,Mahindra,XUV500,6,35000,  Individual ,Diesel,Manual,15.1 kmpl,2179 CC,140.0 bhp,,7.0,1080000
Honda City,Honda,City,14,65000,  Dealer ,Petrol,Manual,17.7 kmpl,1497 CC,78.0 bhp,"12.7@ 2,700(kgm@ rpm)",5.0,110000
Hyundai Verna,Hyundai,Verna,11,50111,Dealer,  Diesel ,Manual,16.2 kmpl,1493 CC,110.0 bhp,24@ 1900(kgm@ rpm),5.0,199000
Mahindra Scorpio,Mahindra,Scorpio,5,56000,Dealer,Diesel,Manual,15.4 kmpl,2179 CC,120.0 bhp,"12.7@ 2,700(kgm@ rpm)",7.0,1075000
Maruti Swift Dzire,Maruti,Swift Dzire,4,60000,Dealer,Diesel,Automatic,28.4 kmpl,1248 CC,74.02 bhp,,5.0,750000
Toyota Innova,Toyota,Innova,8,387000,  Individual ,diesel,Manual,12.99 kmpl,2494 CC,100.6 bhp,91Nm@ 3500rpm,8.0,700000
Tata Hexa,Tata,Hexa,4,41723,Dealer,DIESEL,Manual,17.6 kmpl,2179 CC,153.86 bhp,170Nm@ 1800-2400rpm,,1350000
Hyundai i20,Hyundai,i20,4,33181,  Trustmark Dealer ,Petrol,Manual,,1197 CC,81.83 bhp,113Nm@ 4000rpm,5.0,625000
Maruti Wagon R,Maruti,Wagon R,1,10000,  Individual ,Petrol,Manual,20.52 kmpl,1197 CC,81.8 bhp,113Nm@ 4000rpm,5.0,500000
Renault Duster,Renault,Duster,4,850000,DEALER,Diesel,Manual,19.87 kmpl,1461 CC,83.8 bhp,170Nm@ 1800-2400rpm,5.0,850000
Maruti Wagon R,Maruti,Wagon R,2,17000,individual,Petrol,Manual,20.52 kmpl,1197 CC,81.8 bhp,190Nm@ 2000rpm,5.0,550000
Maruti Swift,Maruti,Swift,2,18800,Dealer,Petrol,Manual,20.4 kmpl,1197 CC,83.11 bhp,91Nm@ 3500rpm,5.0,515000
Toyota Innova,Toyota,Innova,4,60100,Dealer,Diesel,Automatic,11.36 kmpl,2755 CC,171.5 bhp,,7.0,1750000
Maruti Swift Dzire,Maruti,Swift Dzire,8,21000,Individual,Petrol,Manual,17.5 kmpl,1298 CC,85.8 bhp,250Nm@ 1500-2500rpm,5.0,470000
Maruti Ignis,Maruti,Ignis,3,5000,INDIVIDUAL,petrol,Automatic,20.89 kmpl,1197 CC,81.8 bhp,190Nm@ 2000rpm,5.0,570000
Volkswagen Vento,Volkswagen,Vento,8,65000,Dealer,  Diesel ,Manual,,1598 CC,103.6 bhp,91Nm@ 3500rpm,5.0,385000
Honda Amaze,Honda,Amaze,7,36001,dealer,Diesel,Manual,25.8 kmpl,1498 CC,98.6 bhp,"12.7@ 2,700(kgm@ rpm)",5.0,485000
Hyundai i20,Hyundai,i20,5,51000,dealer,PETROL,Manual,18.6 kmpl,1197 CC,81.83 bhp,91Nm@ 3500rpm,5.0,550000
Maruti Ertiga,Maruti,Ertiga,6,98000,DEALER,DIESEL,Manual,25.47 kmpl,,88.5 bhp,,7.0,750000
Renault Triber,Renault,Triber,2,2709,Dealer,Petrol,Manual,20.0 kmpl,999 CC,71.0 bhp,113Nm@ 4000rpm,7.0,575000
Renault KWID,Renault,KWID,3,30941,Dealer,petrol,Manual,23.01 kmpl,999 CC,,170Nm@ 1800-2400rpm,5.0,354000
Mahindra Bolero,Mahindra,Bolero,10,30000,  Individual ,diesel,Manual,13.6 kmpl,2523 CC,63.0 bhp,91Nm@ 3500rpm,7.0,425000
Volvo S90,Volvo,S90,2,25000,Dealer,Diesel,Automatic,18.0 kmpl,1969 CC,190.0 bhp,250Nm@ 1500-2500rpm,5.0,4500000
Volkswagen Vento,Volkswagen,Vento,9,70000,  Individual ,DIESEL,Manual,20.54 kmpl,,103.6 bhp,,5.0,280000
Hyundai i20,Hyundai,i20,4,20000,individual,Petrol,Manual,18.6 kmpl,1197 CC,81.83 bhp,91Nm@ 3500rpm,5.0,600000
Audi A4,Audi,A4,8,55500,DEALER,DIESEL,Automatic,15.2 kmpl,1968 CC,140.8 bhp,190Nm@ 2000rpm,5.0,1500000
Honda Amaze,Honda,Amaze,6,66000,Dealer,Diesel,Manual,25.8 kmpl,1498 CC,98.6 bhp,170Nm@ 1800-2400rpm,5.0,388000
Tata Nexon,Tata,Nexon,4,41000,DEALER,Diesel,Manual,21.5 kmpl,1497 CC,108.5 bhp,200Nm@ 1750rpm,,825000
Maruti Wagon R,Maruti,Wagon R,9,45000,Dealer,PETROL,Manual,14.0 kmpl,1061 CC,64.0 bhp,250Nm@ 1500-2500rpm,5.0,236000
Maruti Wagon R,Maruti,Wagon R,8,55853,Dealer,  CNG ,Manual,33.54 km/kg,998 CC,67.04 bhp,91Nm@ 3500rpm,5.0,349000
Maruti Swift,Maruti,Swift,5,30000,dealer,Petrol,Manual,22.0 kmpl,1197 CC,81.8 bhp,"12.7@ 2,700(kgm@ rpm)",5.0,575000
Maruti Baleno,Maruti,Baleno,4,20000,dealer,Petrol,Manual,21.01 kmpl,1197 CC,81.8 bhp,200Nm@ 1750rpm,5.0,770000
Toyota Innova,Toyota,Innova,4,67000,dealer,Diesel,Manual,13.68 kmpl,2393 CC,147.8 bhp,200Nm@ 1750rpm,7.0,1550000
Hyundai i20,Hyundai,i20,9,55000,Dealer,PETROL,Manual,18.5 kmpl,1197 CC,80.0 bhp,24@ 1900(kgm@ rpm),5.0,265000
Hyundai i20,Hyundai,i20,1,7120,Individual,PETROL,Manual,18.6 kmpl,1197 CC,81.86 bhp,24@ 1900(kgm@ rpm),5.0,690000
Hyundai Venue,Hyundai,Venue,2,9500,Dealer,Petrol,Manual,,998 CC,118.35 bhp,170Nm@ 1800-2400rpm,5.0,835000
Audi Q7,Audi,Q7,7,120000,Individual,Diesel,Automatic,12.07 kmpl,2967 CC,241.4 bhp,,7.0,2400000
Mahindra XUV500,Mahindra,XUV500,4,60000,Dealer,Diesel,Automatic,16.0 kmpl,2179 CC,140.0 bhp,"12.7@ 2,700(kgm@ rpm)",7.0,1250000
Mahindra KUV,Mahindra,KUV,5,35000,Individual,Diesel,Manual,25.32 kmpl,,77.0 bhp,,6.0,700000
Maruti Wagon R,Maruti,Wagon R,3,36274,Dealer,CNG,Manual,,998 CC,58.16 bhp,200Nm@ 1750rpm,5.0,455000
Ford Aspire,Ford,Aspire,6,90000,INDIVIDUAL,diesel,Manual,25.83 kmpl,1498 CC,99.0 bhp,91Nm@ 3500rpm,5.0,410000
Hyundai Elantra,Hyundai,Elantra,6,83000,dealer,  Diesel ,Automatic,18.23 kmpl,1582 CC,126.2 bhp,91Nm@ 3500rpm,5.0,841000
Maruti Swift Dzire,Maruti,Swift Dzire,2,5000,INDIVIDUAL,Petrol,Manual,21.21 kmpl,1197 CC,81.8 bhp,,5.0,730000
Maruti Wagon R,Maruti,Wagon R,6,80000,  Individual ,CNG,Manual,26.6 km/kg,998 CC,58.16 bhp,24@ 1900(kgm@ rpm),5.0,300000
Honda Civic,Honda,Civic,10,70000,Individual,Petrol,Manual,14.8 kmpl,1799 CC,130.2 bhp,91Nm@ 3500rpm,5.0,400000
Hyundai Creta,Hyundai,Creta,2,5000,Individual,petrol,Automatic,,1591 CC,121.3 bhp,113Nm@ 4000rpm,5.0,1350000
Honda Amaze,Honda,Amaze,8,64000,dealer,Diesel,Manual,25.8 kmpl,1498 CC,98.6 bhp,200Nm@ 1750rpm,5.0,325000
Maruti Ciaz,Maruti,Ciaz,4,27400,Dealer,Petrol,Manual,20.73 kmpl,1373 CC,91.1 bhp,170Nm@ 1800-2400rpm,5.0,655000
Maruti Swift Dzire,Maruti,Swift Dzire,8,41170,DEALER,PETROL,Manual,19.1 kmpl,1197 CC,85.8 bhp,200Nm@ 1750rpm,5.0,380000
Hyundai Santro,Hyundai,Santro,14,80000,INDIVIDUAL,Petrol,Manual,17.8 kmpl,1086 CC,63.0 bhp,200Nm@ 1750rpm,5.0,110000
Mahindra XUV500,Mahindra,XUV500,4,43464,Dealer,DIESEL,Automatic,16.0 kmpl,2179 CC,140.0 bhp,200Nm@ 1750rpm,7.0,1200000
Maruti Swift Dzire,Maruti,Swift Dzire,5,29456,  Dealer ,PETROL,Manual,17.5 kmpl,1197 CC,85.8 bhp,"12.7@ 2,700(kgm@ rpm)",5.0,550000
Maruti Swift Dzire,Maruti,Swift Dzire,8,154000,Individual,Petrol,Manual,19.1 kmpl,1197 CC,85.8 bhp,24@ 1900(kgm@ rpm),5.0,420000
Maruti Ertiga,Maruti,Ertiga,4,45000,Dealer,Petrol,Manual,17.5 kmpl,1373 CC,91.1 bhp,24@ 1900(kgm@ rpm),7.0,760000
Maruti Alto,Maruti,Alto,6,34000,individual,Petrol,Manual,22.74 kmpl,796 CC,47.3 bhp,24@ 1900(kgm@ rpm),5.0,255000
Toyota Innova,Toyota,Innova,11,94000,  Dealer ,diesel,Manual,12.8 kmpl,2494 CC,102.0 bhp,"12.7@ 2,700(kgm@ rpm)",8.0,675000
Mahindra XUV500,Mahindra,XUV500,4,25000,dealer,Diesel,Manual,16.0 kmpl,2179 CC,140.0 bhp,113Nm@ 4000rpm,7.0,1150000
Ford Figo,Ford,Figo,10,38256,DEALER,Petrol,Manual,15.6 kmpl,1196 CC,70.0 bhp,24@ 1900(kgm@ rpm),5.0,220000
Tata Tiago,Tata,Tiago,2,10000,individual,Petrol,Manual,23.84 kmpl,1199 CC,84.0 bhp,91Nm@ 3500rpm,5.0,510000
Mahindra Scorpio,Mahindra,Scorpio,7,100000,INDIVIDUAL,Diesel,Manual,12.05 kmpl,2179 CC,120.0 bhp,24@ 1900(kgm@ rpm),8.0,700000
Honda City,Honda,City,6,60000,DEALER,Diesel,Manual,26.0 kmpl,1498 CC,98.6 bhp,190Nm@ 2000rpm,5.0,595000
Maruti Swift Dzire,Maruti,Swift Dzire,12,40000,Individual,Petrol,Manual,,1298 CC,85.8 bhp,91Nm@ 3500rpm,5.0,370000
Maruti Wagon R,Maruti,Wagon R,12,78000,Dealer,lpg,Manual,26.2 km/kg,998 CC,58.2 bhp,24@ 1900(kgm@ rpm),5.0,175000
Hyundai Grand,Hyundai,Grand,6,23787,DEALER,Petrol,Manual,18.9 kmpl,1197 CC,82.0 bhp,,5.0,515000
Mahindra Thar,Mahindra,Thar,4,55000,  Dealer ,  Diesel ,Manual,16.55 kmpl,2498 CC,105.0 bhp,170Nm@ 1800-2400rpm,6.0,850000
BMW 3,BMW,3,7,70400,Dealer,Diesel,Automatic,18.88 kmpl,1995 CC,184.0 bhp,"12.7@ 2,700(kgm@ rpm)",5.0,2045000
Maruti Swift Dzire,Maruti,Swift Dzire,11,100000,Individual,Diesel,Manual,19.3 kmpl,1248 CC,73.9 bhp,91Nm@ 3500rpm,5.0,200000
Hyundai i10,Hyundai,i10,7,36971,  Dealer ,petrol,Manual,,1086 CC,68.05 bhp,"12.7@ 2,700(kgm@ rpm)",5.0,310000
Maruti Swift Dzire,Maruti,Swift Dzire,9,100000,Individual,Diesel,Manual,19.3 kmpl,1248 CC,73.9 bhp,190Nm@ 2000rpm,5.0,300000
Maruti Wagon R,Maruti,Wagon R,8,70000,individual,CNG,Manual,26.6 km/kg,998 CC,58.16 bhp,91Nm@ 3500rpm,5.0,270000
Maruti Alto,Maruti,Alto,4,33000,dealer,Petrol,Manual,24.7 kmpl,796 CC,47.3 bhp,170Nm@ 1800-2400rpm,5.0,330000
Maruti Wagon R,Maruti,Wagon R,7,30000,INDIVIDUAL,PETROL,Manual,20.51 kmpl,998 CC,67.06 bhp,24@ 1900(kgm@ rpm),5.0,325000
Maruti Swift Dzire,Maruti,Swift Dzire,8,55002,dealer,  Diesel ,Manual,26.59 kmpl,1248 CC,74.0 bhp,250Nm@ 1500-2500rpm,5.0,550000
Toyota Innova,Toyota,Innova,9,85000,Dealer,Diesel,Manual,12.8 kmpl,2494 CC,102.0 bhp,200Nm@ 1750rpm,7.0,575000
Maruti Swift Dzire,Maruti,Swift Dzire,7,115000,Individual,  Diesel ,Manual,,1248 CC,,250Nm@ 1500-2500rpm,5.0,521000
Maruti Celerio,Maruti,Celerio,2,23400,DEALER,  Petrol ,Manual,21.63 kmpl,998 CC,67.05 bhp,,5.0,515000
Hyundai Santro,Hyundai,Santro,8,64000,Dealer,Petrol,Manual,17.92 kmpl,1086 CC,62.1 bhp,24@ 1900(kgm@ rpm),5.0,240000
BMW X5,BMW,X5,11,96714,Dealer,  Diesel ,Automatic,11.0 kmpl,2993 CC,235.0 bhp,250Nm@ 1500-2500rpm,5.0,1375000
Maruti Swift Dzire,Maruti,Swift Dzire,6,77482,Dealer,Diesel,Manual,26.59 kmpl,1248 CC,74.0 bhp,24@ 1900(kgm@ rpm),5.0,552000
Mahindra Thar,Mahindra,Thar,3,40000,Individual,Diesel,Manual,16.55 kmpl,2498 CC,105.0 bhp,113Nm@ 4000rpm,6.0,850000
Ford Ecosport,Ford,Ecosport,8,89005,Dealer,Diesel,Manual,,,89.84 bhp,,5.0,450000
Maruti Wagon R,Maruti,Wagon R,7,40000,INDIVIDUAL,Petrol,Manual,,998 CC,67.04 bhp,200Nm@ 1750rpm,5.0,300000
Hyundai Creta,Hyundai,Creta,6,72248,Dealer,Diesel,Manual,19.67 kmpl,1582 CC,126.2 bhp,170Nm@ 1800-2400rpm,5.0,1000000
Ford Freestyle,Ford,Freestyle,3,40000,Individual,Diesel,Manual,24.4 kmpl,1498 CC,98.63 bhp,24@ 1900(kgm@ rpm),5.0,650000
Maruti Wagon R,Maruti,Wagon R,9,37623,Dealer,petrol,Manual,20.51 kmpl,998 CC,67.04 bhp,200Nm@ 1750rpm,5.0,296000
Hyundai Venue,Hyundai,Venue,1,5000,Dealer,diesel,Manual,23.7 kmpl,1493 CC,98.6 bhp,170Nm@ 1800-2400rpm,5.0,890000
Maruti Wagon R,Maruti,Wagon R,8,30000,  Individual ,Petrol,Manual,18.9 kmpl,998 CC,67.1 bhp,113Nm@ 4000rpm,5.0,285000
Hyundai Creta,Hyundai,Creta,2,40000,  Individual ,Diesel,Manual,22.1 kmpl,1396 CC,88.7 bhp,200Nm@ 1750rpm,5.0,1100000
Datsun RediGO,Datsun,RediGO,4,13000,INDIVIDUAL,Petrol,Manual,22.7 kmpl,799 CC,53.64 bhp,190Nm@ 2000rpm,5.0,215000
Hyundai i20,Hyundai,i20,8,35858,Dealer,Petrol,Manual,18.5 kmpl,1197 CC,82.85 bhp,190Nm@ 2000rpm,5.0,350000
Honda Amaze,Honda,Amaze,8,38872,Dealer,Petrol,Manual,18.6 kmpl,1199 CC,88.76 bhp,200Nm@ 1750rpm,5.0,365000
Renault Duster,Renault,Duster,7,67647,dealer,diesel,Manual,19.87 kmpl,1461 CC,83.8 bhp,91Nm@ 3500rpm,5.0,575000
Hyundai Grand,Hyundai,Grand,4,41000,Dealer,Petrol,Manual,18.9 kmpl,1197 CC,82.0 bhp,200Nm@ 1750rpm,5.0,520000
Mahindra Scorpio,Mahindra,Scorpio,11,120000,individual,Diesel,Manual,14.0 kmpl,2523 CC,75.0 bhp,"12.7@ 2,700(kgm@ rpm)",7.0,200000
Hyundai Elantra,Hyundai,Elantra,8,77000,Individual,  Diesel ,Manual,22.7 kmpl,1582 CC,126.24 bhp,190Nm@ 2000rpm,5.0,600000
Toyota Innova,Toyota,Innova,4,70000,Individual,Diesel,Manual,13.68 kmpl,2393 CC,147.8 bhp,200Nm@ 1750rpm,8.0,1380000
Honda City,Honda,City,13,59500,dealer,PETROL,Manual,17.0 kmpl,1497 CC,118.0 bhp,200Nm@ 1750rpm,5.0,220000
Hyundai i20,Hyundai,i20,4,44000,Dealer,petrol,Manual,18.6 kmpl,1197 CC,81.83 bhp,170Nm@ 1800-2400rpm,5.0,550000
Maruti Wagon R,Maruti,Wagon R,2,8873,Trustmark Dealer,PETROL,Automatic,21.5 kmpl,1197 CC,81.8 bhp,170Nm@ 1800-2400rpm,5.0,540000
Audi A6,Audi,A6,10,110000,dealer,Diesel,Automatic,17.68 kmpl,1968 CC,174.33 bhp,190Nm@ 2000rpm,5.0,1000000
Maruti Baleno,Maruti,Baleno,1,2000,dealer,PETROL,Manual,21.4 kmpl,1197 CC,83.1 bhp,91Nm@ 3500rpm,5.0,675000
Hyundai i20,Hyundai,i20,3,32000,dealer,Petrol,Manual,18.6 kmpl,1197 CC,81.83 bhp,91Nm@ 3500rpm,5.0,690000
Maruti Swift Dzire,Maruti,Swift Dzire,9,82000,DEALER,diesel,Manual,26.59 kmpl,1248 CC,74.0 bhp,,5.0,481000
Ford Figo,Ford,Figo,6,61879,Dealer,diesel,Manual,20.0 kmpl,1399 CC,68.05 bhp,,5.0,450000
Ford Endeavour,Ford,Endeavour,5,89000,  Dealer ,Diesel,Automatic,10.91 kmpl,3198 CC,197.0 bhp,24@ 1900(kgm@ rpm),7.0,2395000
Ford Ecosport,Ford,Ecosport,3,36000,  Dealer ,Diesel,Manual,23.0 kmpl,1498 CC,98.96 bhp,170Nm@ 1800-2400rpm,5.0,825000
Maruti Swift Dzire,Maruti,Swift Dzire,6,25000,Individual,Petrol,Manual,20.85 kmpl,1197 CC,83.14 bhp,91Nm@ 3500rpm,5.0,460000
Maruti Ignis,Maruti,Ignis,3,15000,Individual,Petrol,Manual,20.89 kmpl,1197 CC,81.8 bhp,24@ 1900(kgm@ rpm),5.0,550000
Honda Amaze,Honda,Amaze,4,40000,Individual,Petrol,Manual,17.8 kmpl,1198 CC,86.7 bhp,190Nm@ 2000rpm,5.0,500000
Hyundai Verna,Hyundai,Verna,8,79345,dealer,Diesel,Manual,22.32 kmpl,1582 CC,126.32 bhp,190Nm@ 2000rpm,5.0,550000
Ford Figo,Ford,Figo,10,35000,Individual,  Diesel ,Manual,,1399 CC,68.0 bhp,113Nm@ 4000rpm,5.0,300000
Tata Nexon,Tata,Nexon,2,40000,INDIVIDUAL,Diesel,Manual,21.5 kmpl,1497 CC,108.5 bhp,200Nm@ 1750rpm,5.0,900000
Mahindra Scorpio,Mahindra,Scorpio,9,80000,Individual,Diesel,Manual,12.05 kmpl,2179 CC,120.0 bhp,24@ 1900(kgm@ rpm),9.0,600000
Maruti Wagon R,Maruti,Wagon R,4,16000,Individual,  Petrol ,Manual,20.51 kmpl,998 CC,67.04 bhp,250Nm@ 1500-2500rpm,5.0,425000
Hyundai Creta,Hyundai,Creta,6,65000,  Dealer ,Diesel,Automatic,17.6 kmpl,1582 CC,126.2 bhp,200Nm@ 1750rpm,5.0,835000
Renault Duster,Renault,Duster,2,34000,individual,  Diesel ,Manual,19.6 kmpl,1461 CC,108.45 bhp,190Nm@ 2000rpm,5.0,900000
Ford Ecosport,Ford,Ecosport,5,35000,dealer,petrol,Automatic,16.05 kmpl,1499 CC,110.4 bhp,200Nm@ 1750rpm,5.0,721000
Maruti Swift,Maruti,Swift,6,50000,dealer,Petrol,Automatic,22.0 kmpl,1197 CC,81.8 bhp,250Nm@ 1500-2500rpm,5.0,450000
Volkswagen Polo,Volkswagen,Polo,6,87000,  Dealer ,petrol,Automatic,17.21 kmpl,1197 CC,103.5 bhp,200Nm@ 1750rpm,5.0,600000
Toyota Innova,Toyota,Innova,2,22000,Dealer,diesel,Automatic,11.36 kmpl,2755 CC,171.5 bhp,170Nm@ 1800-2400rpm,7.0,1885000
Toyota Fortuner,Toyota,Fortuner,4,46975,Dealer,Diesel,Automatic,12.9 kmpl,2755 CC,174.5 bhp,91Nm@ 3500rpm,7.0,3080000
Honda WR-V,Honda,WR-V,3,22000,dealer,Diesel,Manual,25.5 kmpl,1498 CC,98.6 bhp,250Nm@ 1500-2500rpm,5.0,895000
Hyundai i20,Hyundai,i20,4,35000,dealer,DIESEL,Manual,22.54 kmpl,1396 CC,88.73 bhp,113Nm@ 4000rpm,5.0,580000
Maruti Ertiga,Maruti,Ertiga,5,61149,Dealer,PETROL,Manual,19.01 kmpl,1462 CC,103.26 bhp,"12.7@ 2,700(kgm@ rpm)",7.0,755000
Maruti Swift Dzire,Maruti,Swift Dzire,8,64000,Individual,Petrol,Manual,19.1 kmpl,1197 CC,85.8 bhp,91Nm@ 3500rpm,5.0,350000
Maruti Swift,Maruti,Swift,6,70000,INDIVIDUAL,Diesel,Manual,25.2 kmpl,1248 CC,74.0 bhp,250Nm@ 1500-2500rpm,5.0,525000
Maruti Swift,Maruti,Swift,5,43000,Dealer,Petrol,Manual,22.0 kmpl,1197 CC,81.8 bhp,24@ 1900(kgm@ rpm),5.0,589000
Maruti Alto,Maruti,Alto,10,40000,INDIVIDUAL,Petrol,Manual,19.7 kmpl,796 CC,46.3 bhp,91Nm@ 3500rpm,5.0,170000
Hyundai Grand,Hyundai,Grand,6,15000,DEALER,Petrol,Automatic,18.9 kmpl,1197 CC,81.86 bhp,250Nm@ 1500-2500rpm,5.0,525000
Maruti Wagon R,Maruti,Wagon R,5,18307,dealer,Petrol,Automatic,20.51 kmpl,998 CC,67.0 bhp,200Nm@ 1750rpm,5.0,415000
Renault KWID,Renault,KWID,3,23000,dealer,Petrol,Manual,23.01 kmpl,999 CC,67.0 bhp,24@ 1900(kgm@ rpm),,310000
Honda Amaze,Honda,Amaze,2,16000,Individual,Petrol,Manual,19.5 kmpl,1199 CC,88.76 bhp,113Nm@ 4000rpm,,725000
BMW 3,BMW,3,8,59000,Dealer,Diesel,Automatic,13.2 kmpl,1995 CC,170.0 bhp,"12.7@ 2,700(kgm@ rpm)",5.0,835000
Ford Figo,Ford,Figo,11,35000,Individual,petrol,Manual,15.6 kmpl,1196 CC,70.0 bhp,170Nm@ 1800-2400rpm,5.0,275000
Maruti Swift,Maruti,Swift,10,30000,Individual,Petrol,Manual,16.1 kmpl,1197 CC,85.0 bhp,113Nm@ 4000rpm,5.0,410000
Hyundai Verna,Hyundai,Verna,12,74475,  Dealer ,diesel,Manual,16.8 kmpl,1493 CC,110.0 bhp,250Nm@ 1500-2500rpm,5.0,260000
Maruti Ciaz,Maruti,Ciaz,5,110000,INDIVIDUAL,diesel,Manual,28.09 kmpl,1248 CC,88.5 bhp,170Nm@ 1800-2400rpm,5.0,550000
Hyundai i20,Hyundai,i20,6,90000,Individual,Diesel,Manual,22.54 kmpl,1396 CC,88.73 bhp,24@ 1900(kgm@ rpm),,500000
Hyundai Grand,Hyundai,Grand,7,82530,Dealer,Petrol,Manual,18.9 kmpl,1197 CC,82.0 bhp,24@ 1900(kgm@ rpm),5.0,490000
Tata Safari,Tata,Safari,2,30000,Individual,Diesel,Manual,14.1 kmpl,2179 CC,153.86 bhp,200Nm@ 1750rpm,7.0,1270000
Hyundai Grand,Hyundai,Grand,3,31834,DEALER,Diesel,Manual,24.0 kmpl,1186 CC,73.97 bhp,24@ 1900(kgm@ rpm),5.0,598000
Audi A4,Audi,A4,9,120000,INDIVIDUAL,Petrol,Automatic,10.8 kmpl,1984 CC,132.0 bhp,190Nm@ 2000rpm,5.0,1100000
Skoda Rapid,Skoda,Rapid,8,42000,Dealer,PETROL,Manual,15.0 kmpl,1598 CC,103.5 bhp,170Nm@ 1800-2400rpm,5.0,375000
Volkswagen Polo,Volkswagen,Polo,8,70000,Dealer,Diesel,Manual,22.07 kmpl,1199 CC,73.9 bhp,200Nm@ 1750rpm,5.0,365000
Land Rover Rover,Land Rover,Rover,9,66000,Dealer,Diesel,Automatic,12.35 kmpl,2179 CC,187.74 bhp,91Nm@ 3500rpm,5.0,1450000
BMW 3,BMW,3,10,56000,  Dealer ,diesel,Automatic,16.07 kmpl,1995 CC,181.0 bhp,"12.7@ 2,700(kgm@ rpm)",5.0,690000
Hyundai i20,Hyundai,i20,3,25645,Dealer,Diesel,Manual,22.54 kmpl,1396 CC,88.73 bhp,190Nm@ 2000rpm,5.0,780000
Maruti Ertiga,Maruti,Ertiga,4,19000,DEALER,Diesel,Manual,,1248 CC,88.5 bhp,"12.7@ 2,700(kgm@ rpm)",7.0,895000
Hyundai Verna,Hyundai,Verna,13,85753,Dealer,Diesel,Manual,18.1 kmpl,1493 CC,110.0 bhp,24@ 1900(kgm@ rpm),5.0,250000
Maruti Alto,Maruti,Alto,9,65535,dealer,Petrol,Manual,19.7 kmpl,796 CC,46.3 bhp,113Nm@ 4000rpm,5.0,275000
Ford Freestyle,Ford,Freestyle,2,8600,Individual,petrol,Manual,19.0 kmpl,1194 CC,94.68 bhp,190Nm@ 2000rpm,5.0,780000
Maruti Swift,Maruti,Swift,5,90000,Individual,Petrol,Manual,,1197 CC,81.8 bhp,"12.7@ 2,700(kgm@ rpm)",5.0,500000
Ford Aspire,Ford,Aspire,3,50000,Individual,Diesel,Manual,26.1 kmpl,1498 CC,99.23 bhp,200Nm@ 1750rpm,5.0,800000
Maruti Ertiga,Maruti,Ertiga,4,27000,dealer,CNG,Manual,17.5 km/kg,1373 CC,80.46 bhp,250Nm@ 1500-2500rpm,7.0,811000
Datsun GO,Datsun,GO,6,20000,individual,Petrol,Manual,20.63 kmpl,1198 CC,67.06 bhp,170Nm@ 1800-2400rpm,5.0,250000
Mercedes-Benz C-Class,Mercedes-Benz,C-Class,7,66000,Dealer,diesel,Automatic,19.27 kmpl,2143 CC,170.0 bhp,190Nm@ 2000rpm,5.0,1365000
Hyundai i10,Hyundai,i10,7,60000,Individual,Petrol,Manual,20.36 kmpl,1197 CC,78.9 bhp,113Nm@ 4000rpm,5.0,276000
Hyundai i20,Hyundai,i20,4,14000,Individual,Petrol,Manual,18.6 kmpl,1197 CC,,200Nm@ 1750rpm,5.0,525000
Hyundai Creta,Hyundai,Creta,3,40000,dealer,DIESEL,Manual,21.4 kmpl,,113.42 bhp,,5.0,1075000
Maruti Swift Dzire,Maruti,Swift Dzire,12,76963,Individual,Petrol,Manual,,,85.8 bhp,,5.0,230000
Datsun RediGO,Datsun,RediGO,4,20000,Individual,  Petrol ,Manual,22.7 kmpl,799 CC,53.64 bhp,"12.7@ 2,700(kgm@ rpm)",5.0,225000
BMW 3,BMW,3,4,50000,Dealer,Diesel,Automatic,19.59 kmpl,1995 CC,184.0 bhp,24@ 1900(kgm@ rpm),5.0,3300000
Maruti Ciaz,Maruti,Ciaz,3,27000,dealer,Diesel,Manual,28.09 kmpl,1248 CC,88.5 bhp,24@ 1900(kgm@ rpm),5.0,965000
Ford Figo,Ford,Figo,9,32000,dealer,petrol,Manual,15.6 kmpl,1196 CC,70.02 bhp,91Nm@ 3500rpm,5.0,315000
Tata Nexon,Tata,Nexon,2,6000,Individual,Petrol,Manual,17.0 kmpl,,108.5 bhp,,5.0,750000
Hyundai i20,Hyundai,i20,9,73000,Dealer,Diesel,Manual,23.0 kmpl,1396 CC,90.0 bhp,250Nm@ 1500-2500rpm,5.0,395000
Hyundai Verna,Hyundai,Verna,8,60000,Dealer,Diesel,Manual,,1582 CC,126.2 bhp,113Nm@ 4000rpm,5.0,485000
Volkswagen Vento,Volkswagen,Vento,6,43000,individual,Petrol,Manual,15.04 kmpl,1598 CC,103.2 bhp,24@ 1900(kgm@ rpm),5.0,489000
Hyundai Verna,Hyundai,Verna,9,74000,Dealer,Petrol,Manual,17.1 kmpl,1591 CC,121.3 bhp,250Nm@ 1500-2500rpm,5.0,415000
Hyundai i10,Hyundai,i10,12,15000,Individual,Petrol,Manual,20.36 kmpl,1197 CC,78.9 bhp,91Nm@ 3500rpm,5.0,165000
Tata Nexon,Tata,Nexon,3,66817,individual,  Diesel ,Manual,21.5 kmpl,1497 CC,108.5 bhp,250Nm@ 1500-2500rpm,5.0,665000
Renault KWID,Renault,KWID,3,12500,individual,PETROL,Automatic,24.04 kmpl,999 CC,67.0 bhp,190Nm@ 2000rpm,5.0,345000
Maruti Celerio,Maruti,Celerio,6,52000,Dealer,  Petrol ,Automatic,23.1 kmpl,998 CC,67.04 bhp,24@ 1900(kgm@ rpm),5.0,450000
Mini Cooper,Mini,Cooper,3,22000,Dealer,PETROL,Automatic,17.33 kmpl,1998 CC,189.08 bhp,190Nm@ 2000rpm,4.0,3875000
Mahindra Scorpio,Mahindra,Scorpio,4,120000,Individual,Diesel,Manual,15.4 kmpl,1997 CC,120.0 bhp,91Nm@ 3500rpm,7.0,1000000
Honda Amaze,Honda,Amaze,3,25000,Individual,Petrol,Manual,17.8 kmpl,1198 CC,86.7 bhp,24@ 1900(kgm@ rpm),5.0,650000
Hyundai i20,Hyundai,i20,2,39000,dealer,Petrol,Manual,18.6 kmpl,1197 CC,81.83 bhp,250Nm@ 1500-2500rpm,5.0,655000
Hyundai i20,Hyundai,i20,5,110000,Individual,Diesel,Manual,22.54 kmpl,1396 CC,88.73 bhp,113Nm@ 4000rpm,5.0,600000
Maruti Celerio,Maruti,Celerio,7,35000,Individual,Petrol,Manual,,998 CC,67.04 bhp,24@ 1900(kgm@ rpm),5.0,350000
Skoda Rapid,Skoda,Rapid,4,50000,Individual,Diesel,Manual,21.13 kmpl,1498 CC,108.6 bhp,24@ 1900(kgm@ rpm),5.0,950000
Hyundai Creta,Hyundai,Creta,5,56000,INDIVIDUAL,diesel,Manual,19.67 kmpl,1582 CC,126.2 bhp,250Nm@ 1500-2500rpm,5.0,875000
Hyundai Verna,Hyundai,Verna,2,15000,Individual,Petrol,Manual,17.0 kmpl,1591 CC,121.3 bhp,"12.7@ 2,700(kgm@ rpm)",5.0,1030000
Toyota Glanza,Toyota,Glanza,1,2000,  Dealer ,petrol,Automatic,19.56 kmpl,1197 CC,81.8 bhp,200Nm@ 1750rpm,5.0,915000
Mercedes-Benz GL-Class,Mercedes-Benz,GL-Class,5,30000,Dealer,  Petrol ,Automatic,11.5 kmpl,1991 CC,245.0 bhp,190Nm@ 2000rpm,5.0,3800000
Hyundai Elantra,Hyundai,Elantra,5,46000,Dealer,Diesel,Automatic,22.7 kmpl,1582 CC,126.2 bhp,"12.7@ 2,700(kgm@ rpm)",5.0,935000
Maruti Swift,Maruti,Swift,6,48000,DEALER,PETROL,Manual,16.1 kmpl,1298 CC,88.2 bhp,"12.7@ 2,700(kgm@ rpm)",5.0,480000
Hyundai Creta,Hyundai,Creta,3,62000,Dealer,Diesel,Manual,22.1 kmpl,1396 CC,88.7 bhp,250Nm@ 1500-2500rpm,5.0,925000
Mahindra XUV500,Mahindra,XUV500,3,50000,Individual,diesel,Automatic,,2179 CC,152.87 bhp,113Nm@ 4000rpm,7.0,1300000
Renault Duster,Renault,Duster,2,7131,Dealer,petrol,Automatic,14.99 kmpl,1498 CC,104.5 bhp,200Nm@ 1750rpm,5.0,1099000
Volkswagen Vento,Volkswagen,Vento,8,100000,Dealer,diesel,Manual,20.34 kmpl,1498 CC,103.2 bhp,200Nm@ 1750rpm,5.0,525000
Maruti Eeco,Maruti,Eeco,9,72422,Dealer,Petrol,Manual,15.37 kmpl,1196 CC,73.0 bhp,"12.7@ 2,700(kgm@ rpm)",7.0,290000
Honda Civic,Honda,Civic,12,78000,dealer,Petrol,Automatic,12.9 kmpl,1799 CC,130.0 bhp,113Nm@ 4000rpm,5.0,265000
Honda City,Honda,City,7,63000,Dealer,Petrol,Manual,,1497 CC,117.3 bhp,250Nm@ 1500-2500rpm,5.0,435000
Maruti Swift,Maruti,Swift,4,18600,  Individual ,Petrol,Manual,20.4 kmpl,1197 CC,81.8 bhp,24@ 1900(kgm@ rpm),5.0,562000
Maruti Wagon R,Maruti,Wagon R,14,80000,Individual,LPG,Manual,17.3 km/kg,1061 CC,57.5 bhp,113Nm@ 4000rpm,5.0,125000
Ford Figo,Ford,Figo,10,90000,Individual,Diesel,Manual,20.0 kmpl,1399 CC,68.0 bhp,"12.7@ 2,700(kgm@ rpm)",5.0,200000
Hyundai i20,Hyundai,i20,3,50000,Individual,petrol,Manual,18.6 kmpl,1197 CC,81.83 bhp,200Nm@ 1750rpm,5.0,625000
Volkswagen Polo,Volkswagen,Polo,5,100000,Individual,Diesel,Manual,20.14 kmpl,1498 CC,88.0 bhp,190Nm@ 2000rpm,5.0,630000
Hyundai Grand,Hyundai,Grand,6,63000,Individual,Petrol,Manual,18.9 kmpl,1197 CC,82.0 bhp,91Nm@ 3500rpm,5.0,340000
Tata Nexon,Tata,Nexon,3,10000,Individual,petrol,Manual,17.0 kmpl,1198 CC,108.5 bhp,91Nm@ 3500rpm,5.0,685000
Mercedes-Benz E-Class,Mercedes-Benz,E-Class,10,70000,INDIVIDUAL,diesel,Automatic,,2987 CC,210.0 bhp,250Nm@ 1500-2500rpm,5.0,1800000
Maruti Wagon R,Maruti,Wagon R,5,50000,  Dealer ,  Petrol ,Automatic,20.51 kmpl,998 CC,67.0 bhp,170Nm@ 1800-2400rpm,5.0,495000
Maruti Swift Dzire,Maruti,Swift Dzire,5,46000,Dealer,  Diesel ,Manual,23.4 kmpl,1248 CC,,200Nm@ 1750rpm,5.0,715000
Maruti Swift Dzire,Maruti,Swift Dzire,9,48059,dealer,diesel,Manual,19.3 kmpl,1248 CC,73.9 bhp,200Nm@ 1750rpm,5.0,353000
Honda Amaze,Honda,Amaze,2,8760,dealer,petrol,Automatic,19.0 kmpl,1199 CC,88.76 bhp,170Nm@ 1800-2400rpm,5.0,800000
Hyundai Verna,Hyundai,Verna,3,58000,DEALER,diesel,Automatic,19.08 kmpl,1582 CC,,170Nm@ 1800-2400rpm,5.0,1125000
Renault KWID,Renault,KWID,3,12000,Individual,Petrol,Manual,25.17 kmpl,799 CC,53.3 bhp,190Nm@ 2000rpm,5.0,330000
Honda Amaze,Honda,Amaze,5,100000,individual,diesel,Manual,25.8 kmpl,1498 CC,98.6 bhp,"12.7@ 2,700(kgm@ rpm)",5.0,320000
Maruti Alto,Maruti,Alto,3,29000,Dealer,CNG,Manual,,796 CC,40.3 bhp,250Nm@ 1500-2500rpm,4.0,345000
Maruti Alto,Maruti,Alto,4,54938,Dealer,  Petrol ,Manual,24.7 kmpl,796 CC,47.3 bhp,24@ 1900(kgm@ rpm),5.0,300000
Honda Amaze,Honda,Amaze,3,50000,individual,  Petrol ,Manual,17.8 kmpl,1198 CC,,170Nm@ 1800-2400rpm,5.0,550000
Maruti Swift Dzire,Maruti,Swift Dzire,3,25000,Individual,petrol,Manual,22.0 kmpl,1197 CC,81.8 bhp,91Nm@ 3500rpm,5.0,650000
Maruti Ciaz,Maruti,Ciaz,6,77000,DEALER,Diesel,Manual,28.09 kmpl,1248 CC,88.5 bhp,200Nm@ 1750rpm,5.0,735000
Hyundai Creta,Hyundai,Creta,4,31191,Dealer,Petrol,Manual,13.0 kmpl,1591 CC,121.3 bhp,200Nm@ 1750rpm,5.0,985000
Volkswagen Polo,Volkswagen,Polo,6,33000,Dealer,PETROL,Manual,16.47 kmpl,1198 CC,73.9 bhp,24@ 1900(kgm@ rpm),5.0,615000
Maruti Ertiga,Maruti,Ertiga,7,79000,Dealer,DIESEL,Manual,25.47 kmpl,1248 CC,,170Nm@ 1800-2400rpm,,650000
Ford Figo,Ford,Figo,10,66000,Dealer,DIESEL,Manual,20.0 kmpl,1399 CC,,91Nm@ 3500rpm,5.0,255000
Tata Tigor,Tata,Tigor,3,40000,INDIVIDUAL,Diesel,Manual,24.7 kmpl,1047 CC,69.0 bhp,113Nm@ 4000rpm,5.0,650000
Toyota Innova,Toyota,Innova,4,30000,INDIVIDUAL,Diesel,Manual,13.68 kmpl,2393 CC,147.8 bhp,250Nm@ 1500-2500rpm,8.0,1550000
Ford Ecosport,Ford,Ecosport,6,67300,Individual,Petrol,Manual,15.85 kmpl,1499 CC,110.4 bhp,250Nm@ 1500-2500rpm,5.0,600000
Hyundai Elantra,Hyundai,Elantra,6,59000,Dealer,petrol,Manual,16.3 kmpl,1797 CC,147.4 bhp,170Nm@ 1800-2400rpm,5.0,699000
Hyundai Verna,Hyundai,Verna,9,88221,dealer,Diesel,Manual,22.32 kmpl,1582 CC,126.32 bhp,190Nm@ 2000rpm,5.0,511000
Volkswagen Polo,Volkswagen,Polo,6,117089,Dealer,Diesel,Manual,20.14 kmpl,1498 CC,88.8 bhp,170Nm@ 1800-2400rpm,5.0,450000
Maruti Swift,Maruti,Swift,2,7200,  Individual ,Petrol,Automatic,21.21 kmpl,1197 CC,81.8 bhp,91Nm@ 3500rpm,5.0,635000
Volkswagen Vento,Volkswagen,Vento,8,114000,DEALER,Diesel,Manual,20.54 kmpl,1598 CC,103.6 bhp,170Nm@ 1800-2400rpm,5.0,425000
Honda City,Honda,City,4,50000,  Individual ,petrol,Manual,17.14 kmpl,1497 CC,,91Nm@ 3500rpm,5.0,1050000
Renault Duster,Renault,Duster,4,40000,Individual,Petrol,Automatic,14.99 kmpl,1498 CC,104.5 bhp,91Nm@ 3500rpm,5.0,900000
Toyota Fortuner,Toyota,Fortuner,3,35000,Dealer,DIESEL,Automatic,,2755 CC,174.5 bhp,"12.7@ 2,700(kgm@ rpm)",7.0,2950000
Hyundai Verna,Hyundai,Verna,8,48000,Dealer,petrol,Automatic,17.01 kmpl,1591 CC,121.4 bhp,200Nm@ 1750rpm,5.0,490000
Hyundai Verna,Hyundai,Verna,9,94892,DEALER,diesel,Manual,22.32 kmpl,1582 CC,126.3 bhp,113Nm@ 4000rpm,5.0,310000
Maruti Alto,Maruti,Alto,4,150000,Individual,Petrol,Manual,24.7 kmpl,796 CC,47.3 bhp,91Nm@ 3500rpm,5.0,320000
Maruti Alto,Maruti,Alto,5,65000,DEALER,PETROL,Manual,22.74 kmpl,796 CC,47.3 bhp,200Nm@ 1750rpm,5.0,285000
Maruti Ertiga,Maruti,Ertiga,2,25000,Individual,  Diesel ,Manual,25.47 kmpl,1248 CC,88.5 bhp,200Nm@ 1750rpm,7.0,950000
Maruti Baleno,Maruti,Baleno,5,60201,trustmark dealer,petrol,Manual,21.01 kmpl,1197 CC,81.8 bhp,91Nm@ 3500rpm,5.0,490000
Hyundai i10,Hyundai,i10,6,70000,individual,  Petrol ,Manual,19.81 kmpl,1086 CC,68.05 bhp,91Nm@ 3500rpm,5.0,260000
Maruti Ciaz,Maruti,Ciaz,5,40000,individual,petrol,Manual,20.73 kmpl,1373 CC,91.1 bhp,200Nm@ 1750rpm,5.0,650000
Toyota Innova,Toyota,Innova,6,60200,Individual,Diesel,Manual,12.99 kmpl,2494 CC,100.6 bhp,170Nm@ 1800-2400rpm,8.0,820000
Maruti Wagon R,Maruti,Wagon R,10,20000,Individual,Petrol,Manual,18.9 kmpl,998 CC,67.1 bhp,190Nm@ 2000rpm,5.0,250000
Toyota Innova,Toyota,Innova,7,52000,Dealer,Diesel,Manual,12.99 kmpl,2494 CC,100.6 bhp,91Nm@ 3500rpm,7.0,825000
Hyundai i10,Hyundai,i10,12,97341,Dealer,Petrol,Manual,20.36 kmpl,1197 CC,78.9 bhp,"12.7@ 2,700(kgm@ rpm)",5.0,165000
Jaguar XF,Jaguar,XF,6,49000,Dealer,Diesel,Automatic,16.36 kmpl,,,,5.0,2650000
Renault KWID,Renault,KWID,3,30038,Dealer,Petrol,Manual,,799 CC,53.3 bhp,24@ 1900(kgm@ rpm),5.0,295000
Hyundai Creta,Hyundai,Creta,4,66000,Dealer,Diesel,Manual,19.67 kmpl,1582 CC,126.2 bhp,24@ 1900(kgm@ rpm),5.0,1040000
Toyota Innova,Toyota,Innova,4,100000,Individual,Diesel,Manual,13.68 kmpl,2393 CC,147.8 bhp,91Nm@ 3500rpm,7.0,1500000
Mahindra XUV300,Mahindra,XUV300,2,7900,dealer,Petrol,Manual,17.0 kmpl,1197 CC,110.0 bhp,24@ 1900(kgm@ rpm),5.0,850000
Honda Amaze,Honda,Amaze,6,42012,  Dealer ,  Petrol ,Manual,18.6 kmpl,1199 CC,88.76 bhp,190Nm@ 2000rpm,5.0,475000
Renault Duster,Renault,Duster,5,44213,Dealer,Diesel,Manual,19.6 kmpl,1461 CC,108.45 bhp,200Nm@ 1750rpm,5.0,745000
Mercedes-Benz C-Class,Mercedes-Benz,C-Class,10,10948,Dealer,Diesel,Automatic,14.84 kmpl,2143 CC,,200Nm@ 1750rpm,5.0,1350000
Maruti Swift Dzire,Maruti,Swift Dzire,6,40000,INDIVIDUAL,Diesel,Manual,26.59 kmpl,1248 CC,74.0 bhp,113Nm@ 4000rpm,5.0,530000
Maruti Baleno,Maruti,Baleno,5,37072,dealer,Petrol,Manual,,1197 CC,83.1 bhp,170Nm@ 1800-2400rpm,5.0,615000
Renault KWID,Renault,KWID,1,4000,Individual,PETROL,Manual,25.17 kmpl,799 CC,53.3 bhp,"12.7@ 2,700(kgm@ rpm)",5.0,429000
Hyundai i20,Hyundai,i20,4,35000,Dealer,  Petrol ,Manual,18.5 kmpl,1197 CC,82.85 bhp,170Nm@ 1800-2400rpm,5.0,545000
Hyundai Santro,Hyundai,Santro,2,20000,individual,Petrol,Manual,,1086 CC,68.0 bhp,170Nm@ 1800-2400rpm,5.0,475000
Toyota Yaris,Toyota,Yaris,3,16000,DEALER,Petrol,Automatic,18.1 kmpl,1496 CC,105.94 bhp,200Nm@ 1750rpm,5.0,950000
Maruti Wagon R,Maruti,Wagon R,7,76470,dealer,Petrol,Manual,20.51 kmpl,998 CC,67.04 bhp,190Nm@ 2000rpm,5.0,310000
Mahindra Bolero,Mahindra,Bolero,6,62248,dealer,diesel,Manual,13.6 kmpl,2523 CC,63.0 bhp,250Nm@ 1500-2500rpm,7.0,650000
Maruti Alto,Maruti,Alto,12,110000,Individual,Petrol,Manual,24.7 kmpl,796 CC,47.3 bhp,200Nm@ 1750rpm,5.0,150000
Honda City,Honda,City,7,190000,Individual,diesel,Manual,25.1 kmpl,1498 CC,98.6 bhp,170Nm@ 1800-2400rpm,5.0,550000
Renault Duster,Renault,Duster,8,65000,Dealer,Diesel,Manual,19.01 kmpl,1461 CC,108.45 bhp,91Nm@ 3500rpm,5.0,390000
Honda Amaze,Honda,Amaze,6,33000,Dealer,PETROL,Manual,18.0 kmpl,1198 CC,86.7 bhp,113Nm@ 4000rpm,5.0,425000
Maruti Ciaz,Maruti,Ciaz,5,21000,Dealer,Petrol,Automatic,,1373 CC,91.1 bhp,113Nm@ 4000rpm,5.0,825000
Maruti Ciaz,Maruti,Ciaz,3,36000,Dealer,Diesel,Manual,28.09 kmpl,1248 CC,88.5 bhp,"12.7@ 2,700(kgm@ rpm)",5.0,975000
Maruti Swift Dzire,Maruti,Swift Dzire,10,80000,Dealer,Diesel,Manual,19.3 kmpl,1248 CC,73.9 bhp,200Nm@ 1750rpm,5.0,360000
Hyundai Grand,Hyundai,Grand,4,22000,  Dealer ,Petrol,Manual,18.9 kmpl,1197 CC,81.86 bhp,190Nm@ 2000rpm,5.0,485000
BMW 3,BMW,3,11,45000,Dealer,PETROL,Automatic,12.05 kmpl,1995 CC,154.0 bhp,200Nm@ 1750rpm,5.0,675000
Maruti Ertiga,Maruti,Ertiga,4,53393,Dealer,CNG,Manual,17.5 km/kg,1373 CC,80.46 bhp,170Nm@ 1800-2400rpm,7.0,800000
Maruti Ciaz,Maruti,Ciaz,6,49000,Dealer,DIESEL,Manual,28.09 kmpl,1248 CC,88.5 bhp,200Nm@ 1750rpm,5.0,550000
Volkswagen Polo,Volkswagen,Polo,8,90000,Dealer,DIESEL,Manual,22.07 kmpl,1199 CC,73.9 bhp,24@ 1900(kgm@ rpm),5.0,365000
Hyundai Verna,Hyundai,Verna,6,57000,dealer,Diesel,Manual,22.32 kmpl,1582 CC,126.32 bhp,"12.7@ 2,700(kgm@ rpm)",5.0,599000
Hyundai Grand,Hyundai,Grand,8,70000,Dealer,Diesel,Manual,24.0 kmpl,1120 CC,70.0 bhp,170Nm@ 1800-2400rpm,5.0,290000
Hyundai Creta,Hyundai,Creta,5,21000,INDIVIDUAL,Diesel,Automatic,17.01 kmpl,1582 CC,126.2 bhp,24@ 1900(kgm@ rpm),5.0,1100000
Hyundai i20,Hyundai,i20,6,90000,  Individual ,Diesel,Manual,22.54 kmpl,1396 CC,88.73 bhp,170Nm@ 1800-2400rpm,5.0,625000
Jeep Compass,Jeep,Compass,3,9800,dealer,petrol,Manual,16.0 kmpl,1368 CC,160.0 bhp,170Nm@ 1800-2400rpm,5.0,1325000
BMW 5,BMW,5,11,65000,Individual,Petrol,Automatic,10.8 kmpl,2497 CC,215.0 bhp,24@ 1900(kgm@ rpm),,1000000
Renault Duster,Renault,Duster,8,70000,INDIVIDUAL,Diesel,Manual,,1461 CC,108.45 bhp,200Nm@ 1750rpm,5.0,400000
Maruti Swift,Maruti,Swift,6,64366,DEALER,DIESEL,Manual,28.4 kmpl,1248 CC,74.0 bhp,24@ 1900(kgm@ rpm),5.0,468000
Hyundai Grand,Hyundai,Grand,3,15000,dealer,PETROL,Automatic,18.9 kmpl,1197 CC,81.86 bhp,190Nm@ 2000rpm,5.0,645000
Hyundai Grand,Hyundai,Grand,2,9000,Individual,  Petrol ,Manual,20.7 kmpl,1197 CC,81.86 bhp,200Nm@ 1750rpm,5.0,710000
Volkswagen Polo,Volkswagen,Polo,5,110000,DEALER,Petrol,Manual,16.2 kmpl,1199 CC,,200Nm@ 1750rpm,5.0,525000
Skoda Superb,Skoda,Superb,10,62500,Dealer,Petrol,Automatic,13.7 kmpl,1798 CC,157.75 bhp,91Nm@ 3500rpm,5.0,499000
Maruti Wagon R,Maruti,Wagon R,8,20670,dealer,Petrol,Manual,20.51 kmpl,998 CC,67.04 bhp,190Nm@ 2000rpm,5.0,345000
Volkswagen Polo,Volkswagen,Polo,4,75000,  Dealer ,Diesel,Manual,20.14 kmpl,1498 CC,88.8 bhp,200Nm@ 1750rpm,5.0,590000
Nissan X-Trail,Nissan,X-Trail,11,107000,DEALER,Diesel,Automatic,13.29 kmpl,1995 CC,147.6 bhp,250Nm@ 1500-2500rpm,5.0,440000
Maruti Wagon R,Maruti,Wagon R,9,40000,  Individual ,petrol,Manual,18.9 kmpl,998 CC,67.1 bhp,113Nm@ 4000rpm,5.0,350000
Maruti Eeco,Maruti,Eeco,8,40000,Individual,petrol,Manual,15.37 kmpl,1196 CC,73.0 bhp,"12.7@ 2,700(kgm@ rpm)",7.0,162000
Hyundai Verna,Hyundai,Verna,4,40667,  Dealer ,diesel,Manual,25.0 kmpl,1493 CC,113.42 bhp,190Nm@ 2000rpm,5.0,845000
Maruti Eeco,Maruti,Eeco,6,60000,Individual,PETROL,Manual,15.37 kmpl,1196 CC,73.0 bhp,200Nm@ 1750rpm,7.0,250000
Maruti Dzire LXI,Maruti,Dzire LXI,6,50000,Dealer,Petrol,Manual,23.26 kmpl,1197 CC,,190Nm@ 2000rpm,,385000
BMW X1,BMW,X1,5,50000,DEALER,diesel,Automatic,20.68 kmpl,1995 CC,188.0 bhp,91Nm@ 3500rpm,5.0,2250000
Maruti Alto,Maruti,Alto,5,23774,Dealer,Petrol,Manual,23.95 kmpl,998 CC,67.05 bhp,24@ 1900(kgm@ rpm),5.0,335000
Honda City,Honda,City,7,63200,DEALER,  Diesel ,Manual,25.1 kmpl,1498 CC,,200Nm@ 1750rpm,5.0,785000
Hyundai Verna,Hyundai,Verna,2,15000,Individual,PETROL,Manual,17.0 kmpl,1591 CC,121.3 bhp,91Nm@ 3500rpm,5.0,970000
Maruti Ertiga,Maruti,Ertiga,7,60000,Individual,Petrol,Manual,16.02 kmpl,1373 CC,93.7 bhp,200Nm@ 1750rpm,7.0,650000
Maruti Alto,Maruti,Alto,5,78950,Dealer,CNG,Manual,30.46 km/kg,,47.3 bhp,,5.0,299000
Maruti Wagon R,Maruti,Wagon R,3,80000,Individual,Petrol,Automatic,20.51 kmpl,998 CC,67.0 bhp,250Nm@ 1500-2500rpm,5.0,400000
Mahindra Bolero,Mahindra,Bolero,7,84000,DEALER,Diesel,Manual,,2523 CC,62.1 bhp,"12.7@ 2,700(kgm@ rpm)",7.0,500000
Hyundai i20,Hyundai,i20,11,60000,  Individual ,PETROL,Manual,17.0 kmpl,1197 CC,80.0 bhp,190Nm@ 2000rpm,5.0,350000
Honda Amaze,Honda,Amaze,7,20000,INDIVIDUAL,PETROL,Manual,18.0 kmpl,1198 CC,86.7 bhp,200Nm@ 1750rpm,5.0,550000
Maruti Wagon R,Maruti,Wagon R,4,17745,dealer,petrol,Manual,20.51 kmpl,998 CC,67.04 bhp,"12.7@ 2,700(kgm@ rpm)",5.0,500000
Hyundai Elantra,Hyundai,Elantra,8,89234,DEALER,PETROL,Manual,16.3 kmpl,1797 CC,147.5 bhp,200Nm@ 1750rpm,5.0,685000
Hyundai Grand,Hyundai,Grand,4,35000,INDIVIDUAL,petrol,Manual,18.9 kmpl,1197 CC,81.86 bhp,113Nm@ 4000rpm,5.0,490000
Maruti Alto,Maruti,Alto,18,90000,Individual,PETROL,Manual,19.7 kmpl,796 CC,46.3 bhp,200Nm@ 1750rpm,5.0,80000
Renault KWID,Renault,KWID,4,12000,dealer,petrol,Manual,23.01 kmpl,999 CC,67.0 bhp,250Nm@ 1500-2500rpm,5.0,385000
Hyundai i10,Hyundai,i10,11,56000,DEALER,Petrol,Manual,20.36 kmpl,1197 CC,78.9 bhp,170Nm@ 1800-2400rpm,5.0,375000
Honda City,Honda,City,6,57530,Dealer,Petrol,Automatic,18.0 kmpl,1497 CC,117.3 bhp,113Nm@ 4000rpm,5.0,725000
Honda City,Honda,City,9,47000,dealer,PETROL,Manual,16.8 kmpl,1497 CC,116.4 bhp,250Nm@ 1500-2500rpm,5.0,395000
Mahindra Scorpio,Mahindra,Scorpio,3,70000,  Individual ,Diesel,Manual,16.36 kmpl,2179 CC,140.0 bhp,24@ 1900(kgm@ rpm),7.0,1500000
Toyota Innova,Toyota,Innova,9,180000,Individual,diesel,Manual,12.8 kmpl,2494 CC,102.0 bhp,113Nm@ 4000rpm,7.0,775000
Maruti Baleno,Maruti,Baleno,15,43000,INDIVIDUAL,Petrol,Manual,15.4 kmpl,1590 CC,94.0 bhp,"12.7@ 2,700(kgm@ rpm)",5.0,120000
Ford Figo,Ford,Figo,9,49754,  Dealer ,diesel,Manual,20.0 kmpl,1399 CC,68.0 bhp,91Nm@ 3500rpm,5.0,169000
Hyundai Creta,Hyundai,Creta,2,5000,Individual,petrol,Automatic,,1591 CC,121.3 bhp,113Nm@ 4000rpm,5.0,1350000
Maruti Swift,Maruti,Swift,13,70000,Individual,Diesel,Manual,17.8 kmpl,1248 CC,75.0 bhp,190Nm@ 2000rpm,5.0,170000
Hyundai i20,Hyundai,i20,5,65000,DEALER,Petrol,Manual,17.19 kmpl,1197 CC,81.86 bhp,"12.7@ 2,700(kgm@ rpm)",,545000
Maruti Wagon R,Maruti,Wagon R,9,16000,  Individual ,Petrol,Manual,,998 CC,67.1 bhp,113Nm@ 4000rpm,5.0,400000
Hyundai i10,Hyundai,i10,11,52000,  Dealer ,petrol,Manual,20.36 kmpl,1197 CC,78.9 bhp,250Nm@ 1500-2500rpm,5.0,310000
Hyundai i10,Hyundai,i10,12,81000,Dealer,Petrol,Manual,19.81 kmpl,1086 CC,68.05 bhp,24@ 1900(kgm@ rpm),5.0,190000
Maruti Ertiga,Maruti,Ertiga,7,70000,individual,DIESEL,Manual,20.77 kmpl,1248 CC,88.76 bhp,250Nm@ 1500-2500rpm,7.0,500000
Volkswagen Vento,Volkswagen,Vento,5,39428,DEALER,petrol,Automatic,16.93 kmpl,1197 CC,103.2 bhp,200Nm@ 1750rpm,5.0,651000
Honda Civic,Honda,Civic,14,60000,INDIVIDUAL,  Petrol ,Manual,13.5 kmpl,1799 CC,130.0 bhp,"12.7@ 2,700(kgm@ rpm)",5.0,200000
Maruti Wagon R,Maruti,Wagon R,6,32000,  Individual ,Petrol,Manual,20.51 kmpl,998 CC,67.04 bhp,190Nm@ 2000rpm,5.0,320000
Maruti Wagon R,Maruti,Wagon R,6,30000,individual,Petrol,Automatic,20.51 kmpl,998 CC,67.04 bhp,24@ 1900(kgm@ rpm),5.0,330000
Maruti Baleno,Maruti,Baleno,2,7801,Dealer,Petrol,Manual,21.01 kmpl,1197 CC,81.8 bhp,24@ 1900(kgm@ rpm),5.0,800000
Hyundai i10,Hyundai,i10,9,64000,DEALER,petrol,Manual,20.36 kmpl,1197 CC,78.9 bhp,24@ 1900(kgm@ rpm),5.0,395000
Maruti Eeco,Maruti,Eeco,10,34304,Dealer,Petrol,Manual,16.11 kmpl,1196 CC,72.42 bhp,"12.7@ 2,700(kgm@ rpm)",5.0,299000
Maruti Swift,Maruti,Swift,7,29052,Dealer,  Petrol ,Manual,22.0 kmpl,1197 CC,81.8 bhp,190Nm@ 2000rpm,5.0,385000
Maruti Alto,Maruti,Alto,14,69000,Dealer,Petrol,Manual,,796 CC,46.3 bhp,"12.7@ 2,700(kgm@ rpm)",5.0,178000
Mahindra KUV100,Mahindra,KUV100,3,17000,Individual,petrol,Manual,18.15 kmpl,1198 CC,82.0 bhp,113Nm@ 4000rpm,5.0,550000
Jaguar XF,Jaguar,XF,4,7600,dealer,Diesel,Automatic,19.33 kmpl,1999 CC,177.0 bhp,24@ 1900(kgm@ rpm),5.0,3500000
Honda City,Honda,City,6,29675,Dealer,Petrol,Automatic,,1497 CC,117.3 bhp,24@ 1900(kgm@ rpm),5.0,795000
Hyundai Grand,Hyundai,Grand,6,59000,Dealer,Petrol,Manual,18.9 kmpl,1197 CC,82.0 bhp,250Nm@ 1500-2500rpm,5.0,425000
Maruti Swift,Maruti,Swift,11,80000,Individual,DIESEL,Manual,17.8 kmpl,1248 CC,75.0 bhp,24@ 1900(kgm@ rpm),5.0,325000
Maruti Swift Dzire,Maruti,Swift Dzire,11,46100,INDIVIDUAL,PETROL,Automatic,21.21 kmpl,1197 CC,81.8 bhp,170Nm@ 1800-2400rpm,5.0,280000
Maruti Vitara,Maruti,Vitara,5,54000,Dealer,DIESEL,Manual,24.3 kmpl,1248 CC,,91Nm@ 3500rpm,,750000
BMW 3,BMW,3,6,33000,Dealer,Diesel,Automatic,18.88 kmpl,1995 CC,184.0 bhp,91Nm@ 3500rpm,5.0,2080000
Volkswagen Vento,Volkswagen,Vento,10,80000,individual,Diesel,Manual,20.54 kmpl,1598 CC,103.6 bhp,170Nm@ 1800-2400rpm,5.0,315000
Ford Figo,Ford,Figo,9,80000,Individual,Diesel,Manual,20.0 kmpl,1399 CC,68.0 bhp,190Nm@ 2000rpm,5.0,180000
Maruti Alto,Maruti,Alto,9,70450,Dealer,PETROL,Manual,23.95 kmpl,998 CC,67.05 bhp,190Nm@ 2000rpm,5.0,289000
BMW 3,BMW,3,5,55202,Dealer,Diesel,Automatic,18.88 kmpl,1995 CC,184.0 bhp,24@ 1900(kgm@ rpm),5.0,2900000
Ford Ecosport,Ford,Ecosport,6,46000,Dealer,Diesel,Manual,22.7 kmpl,1498 CC,89.84 bhp,91Nm@ 3500rpm,5.0,570000
Maruti Ertiga,Maruti,Ertiga,4,49000,DEALER,  CNG ,Manual,17.5 km/kg,1373 CC,80.46 bhp,170Nm@ 1800-2400rpm,7.0,825000
Honda City,Honda,City,8,55243,Dealer,petrol,Manual,17.0 kmpl,1497 CC,118.0 bhp,"12.7@ 2,700(kgm@ rpm)",5.0,560000
Ford Figo,Ford,Figo,7,57000,INDIVIDUAL,DIESEL,Manual,20.0 kmpl,1399 CC,68.05 bhp,190Nm@ 2000rpm,5.0,275000
Maruti Swift Dzire,Maruti,Swift Dzire,5,84000,Dealer,diesel,Manual,26.59 kmpl,1248 CC,74.0 bhp,170Nm@ 1800-2400rpm,5.0,465000
Maruti Celerio,Maruti,Celerio,2,25000,INDIVIDUAL,Petrol,Automatic,23.1 kmpl,998 CC,67.04 bhp,190Nm@ 2000rpm,5.0,530000
Hyundai i10,Hyundai,i10,8,52000,Dealer,Petrol,Manual,20.36 kmpl,1197 CC,78.9 bhp,113Nm@ 4000rpm,5.0,235000
Volkswagen Vento,Volkswagen,Vento,8,58969,DEALER,Diesel,Manual,20.54 kmpl,1598 CC,103.6 bhp,200Nm@ 1750rpm,5.0,350000
Ford Freestyle,Ford,Freestyle,3,7000,individual,Petrol,Manual,19.0 kmpl,1194 CC,94.68 bhp,250Nm@ 1500-2500rpm,5.0,750000
Hyundai Creta,Hyundai,Creta,4,116589,Dealer,  Diesel ,Manual,19.67 kmpl,1582 CC,126.2 bhp,200Nm@ 1750rpm,5.0,1100000
Honda City,Honda,City,3,48959,Dealer,Petrol,Manual,17.4 kmpl,1497 CC,117.6 bhp,200Nm@ 1750rpm,5.0,875000
Maruti Alto,Maruti,Alto,12,35000,Dealer,Petrol,Manual,19.7 kmpl,796 CC,46.3 bhp,250Nm@ 1500-2500rpm,5.0,220000
Hyundai i10,Hyundai,i10,10,66000,Dealer,  Petrol ,Manual,20.36 kmpl,1197 CC,78.9 bhp,250Nm@ 1500-2500rpm,5.0,210000
Maruti Baleno,Maruti,Baleno,4,52000,Dealer,Diesel,Manual,27.39 kmpl,1248 CC,74.0 bhp,24@ 1900(kgm@ rpm),5.0,575000
Toyota Innova,Toyota,Innova,7,60000,Dealer,diesel,Manual,12.99 kmpl,2494 CC,100.6 bhp,190Nm@ 2000rpm,7.0,775000
Tata Harrier,Tata,Harrier,2,16700,Dealer,  Diesel ,Manual,17.0 kmpl,1956 CC,,"12.7@ 2,700(kgm@ rpm)",5.0,1725000
Toyota Innova,Toyota,Innova,13,185000,dealer,diesel,Manual,12.8 kmpl,2494 CC,102.0 bhp,24@ 1900(kgm@ rpm),7.0,710000
Ford Aspire,Ford,Aspire,5,53500,Individual,Diesel,Manual,25.83 kmpl,1498 CC,99.0 bhp,"12.7@ 2,700(kgm@ rpm)",5.0,575000
Volkswagen Vento,Volkswagen,Vento,9,120000,Individual,  Diesel ,Manual,20.54 kmpl,1598 CC,103.6 bhp,250Nm@ 1500-2500rpm,5.0,450000
Hyundai i10,Hyundai,i10,7,32111,Trustmark Dealer,PETROL,Manual,19.81 kmpl,1086 CC,68.05 bhp,24@ 1900(kgm@ rpm),5.0,310000
Maruti Ertiga,Maruti,Ertiga,2,22000,DEALER,Petrol,Manual,19.34 kmpl,1462 CC,103.0 bhp,24@ 1900(kgm@ rpm),7.0,935000
Toyota Innova,Toyota,Innova,9,120000,INDIVIDUAL,Diesel,Manual,12.8 kmpl,2494 CC,102.0 bhp,113Nm@ 4000rpm,7.0,800000
Maruti Vitara,Maruti,Vitara,4,77665,Dealer,Diesel,Manual,24.3 kmpl,1248 CC,88.5 bhp,24@ 1900(kgm@ rpm),5.0,850000
Mahindra Scorpio,Mahindra,Scorpio,7,213000,Individual,Diesel,Manual,14.0 kmpl,2523 CC,75.0 bhp,24@ 1900(kgm@ rpm),8.0,450000
Maruti Swift Dzire,Maruti,Swift Dzire,6,88000,Dealer,DIESEL,Manual,28.4 kmpl,1248 CC,74.02 bhp,24@ 1900(kgm@ rpm),5.0,665000
Maruti Vitara,Maruti,Vitara,2,19000,Dealer,Diesel,Automatic,24.3 kmpl,1248 CC,,113Nm@ 4000rpm,5.0,1035000
Hyundai Grand,Hyundai,Grand,7,75570,dealer,PETROL,Automatic,18.9 kmpl,1197 CC,82.0 bhp,250Nm@ 1500-2500rpm,5.0,430000
Honda Amaze,Honda,Amaze,4,35000,Individual,PETROL,Manual,17.8 kmpl,1198 CC,86.7 bhp,250Nm@ 1500-2500rpm,5.0,525000
Renault Duster,Renault,Duster,8,74000,DEALER,diesel,Manual,19.87 kmpl,1461 CC,83.8 bhp,"12.7@ 2,700(kgm@ rpm)",5.0,335000
Maruti Dzire ZXI,Maruti,Dzire ZXI,6,41021,Dealer,petrol,Manual,23.26 kmpl,1197 CC,88.5 bhp,24@ 1900(kgm@ rpm),5.0,500000
Maruti Wagon R,Maruti,Wagon R,14,90000,Individual,LPG,Manual,17.3 km/kg,1061 CC,57.5 bhp,113Nm@ 4000rpm,5.0,90000
Maruti Celerio,Maruti,Celerio,3,40000,individual,Petrol,Automatic,21.63 kmpl,998 CC,67.0 bhp,250Nm@ 1500-2500rpm,5.0,450000
Hyundai i20,Hyundai,i20,6,52000,Dealer,Diesel,Manual,21.19 kmpl,1396 CC,88.73 bhp,250Nm@ 1500-2500rpm,5.0,600000
Ford Freestyle,Ford,Freestyle,2,25000,Individual,Diesel,Manual,24.4 kmpl,1498 CC,98.63 bhp,250Nm@ 1500-2500rpm,,790000
Maruti Ciaz,Maruti,Ciaz,6,64000,  Dealer ,  Diesel ,Manual,28.09 kmpl,1248 CC,88.5 bhp,91Nm@ 3500rpm,5.0,695000
Maruti Alto,Maruti,Alto,3,20000,Individual,Petrol,Manual,24.7 kmpl,796 CC,47.3 bhp,170Nm@ 1800-2400rpm,5.0,310000
Hyundai Verna,Hyundai,Verna,3,32000,Dealer,Diesel,Automatic,22.0 kmpl,1582 CC,126.2 bhp,113Nm@ 4000rpm,5.0,1200000
Maruti Swift Dzire,Maruti,Swift Dzire,11,155522,Dealer,Diesel,Manual,23.4 kmpl,1248 CC,,113Nm@ 4000rpm,5.0,255000
Mahindra Bolero,Mahindra,Bolero,7,89000,Dealer,diesel,Manual,15.96 kmpl,2523 CC,62.1 bhp,113Nm@ 4000rpm,7.0,625000
Hyundai i20,Hyundai,i20,5,40000,INDIVIDUAL,PETROL,Manual,18.6 kmpl,1197 CC,81.83 bhp,91Nm@ 3500rpm,5.0,550000
Maruti Ertiga,Maruti,Ertiga,9,50000,INDIVIDUAL,Diesel,Manual,20.77 kmpl,1248 CC,88.76 bhp,113Nm@ 4000rpm,7.0,600000
Mahindra Bolero,Mahindra,Bolero,5,120000,Individual,Diesel,Manual,15.96 kmpl,2523 CC,62.1 bhp,200Nm@ 1750rpm,7.0,610000
Hyundai Grand,Hyundai,Grand,6,38000,DEALER,petrol,Manual,18.9 kmpl,1197 CC,82.0 bhp,200Nm@ 1750rpm,,485000
Maruti Celerio,Maruti,Celerio,4,38963,Dealer,Petrol,Manual,21.63 kmpl,998 CC,67.04 bhp,"12.7@ 2,700(kgm@ rpm)",5.0,425000
Honda Jazz,Honda,Jazz,6,40000,Dealer,Diesel,Manual,27.3 kmpl,1498 CC,98.6 bhp,91Nm@ 3500rpm,5.0,665000
Volkswagen Polo,Volkswagen,Polo,5,20000,Dealer,Petrol,Manual,16.2 kmpl,1199 CC,74.0 bhp,250Nm@ 1500-2500rpm,5.0,550000
Ford Figo,Ford,Figo,10,40000,Dealer,Petrol,Manual,15.6 kmpl,1196 CC,70.0 bhp,190Nm@ 2000rpm,5.0,355000
Honda City,Honda,City,5,49625,Dealer,Petrol,Manual,17.8 kmpl,1497 CC,117.3 bhp,200Nm@ 1750rpm,5.0,725000
Hyundai i20,Hyundai,i20,6,52900,DEALER,DIESEL,Manual,23.0 kmpl,1396 CC,90.0 bhp,250Nm@ 1500-2500rpm,5.0,530000
Toyota Innova,Toyota,Innova,3,69000,Dealer,Diesel,Manual,13.68 kmpl,2393 CC,147.8 bhp,,7.0,2090000
Hyundai Grand,Hyundai,Grand,7,52117,DEALER,PETROL,Manual,18.9 kmpl,1197 CC,82.0 bhp,250Nm@ 1500-2500rpm,5.0,380000
Toyota Innova,Toyota,Innova,11,333000,Individual,  Diesel ,Manual,12.8 kmpl,2494 CC,102.0 bhp,"12.7@ 2,700(kgm@ rpm)",7.0,415000
Renault Duster,Renault,Duster,8,80000,individual,Diesel,Manual,19.64 kmpl,1461 CC,108.45 bhp,190Nm@ 2000rpm,5.0,367000
Mahindra XUV300,Mahindra,XUV300,2,25000,individual,Diesel,Manual,20.0 kmpl,1497 CC,115.0 bhp,200Nm@ 1750rpm,5.0,1079000
Ford Ecosport,Ford,Ecosport,4,35000,dealer,PETROL,Automatic,14.8 kmpl,1497 CC,121.36 bhp,91Nm@ 3500rpm,5.0,850000
Ford Figo,Ford,Figo,4,17000,Dealer,Petrol,Manual,18.16 kmpl,1196 CC,86.8 bhp,,5.0,485000
Maruti Alto,Maruti,Alto,10,24895,dealer,Petrol,Manual,20.92 kmpl,998 CC,67.1 bhp,"12.7@ 2,700(kgm@ rpm)",5.0,185000
Maruti Ciaz,Maruti,Ciaz,4,110000,  Individual ,Diesel,Manual,28.09 kmpl,1248 CC,88.5 bhp,24@ 1900(kgm@ rpm),5.0,600000
Toyota Innova,Toyota,Innova,6,110000,dealer,  Diesel ,Manual,12.99 kmpl,2494 CC,100.6 bhp,170Nm@ 1800-2400rpm,7.0,1285000
Tata Tigor,Tata,Tigor,3,80000,Individual,Petrol,Manual,20.3 kmpl,1199 CC,84.0 bhp,113Nm@ 4000rpm,5.0,450000
Ford Ecosport,Ford,Ecosport,3,32387,Dealer,Diesel,Manual,22.77 kmpl,1498 CC,98.59 bhp,250Nm@ 1500-2500rpm,5.0,965000
Hyundai i20,Hyundai,i20,5,30000,Individual,Diesel,Manual,22.54 kmpl,1396 CC,88.73 bhp,91Nm@ 3500rpm,5.0,820000
Honda Amaze,Honda,Amaze,7,60000,  Individual ,Diesel,Manual,25.8 kmpl,1498 CC,98.6 bhp,91Nm@ 3500rpm,5.0,342000
Ford Freestyle,Ford,Freestyle,2,30000,Individual,Diesel,Manual,24.4 kmpl,1498 CC,98.63 bhp,200Nm@ 1750rpm,5.0,775000
Maruti Swift Dzire,Maruti,Swift Dzire,6,12000,INDIVIDUAL,PETROL,Manual,19.1 kmpl,1197 CC,85.8 bhp,200Nm@ 1750rpm,5.0,650000
Toyota Innova,Toyota,Innova,4,63000,  Dealer ,diesel,Automatic,11.36 kmpl,2755 CC,171.5 bhp,"12.7@ 2,700(kgm@ rpm)",7.0,1450000
Maruti Wagon R,Maruti,Wagon R,13,28640,Individual,Petrol,Manual,18.9 kmpl,998 CC,67.1 bhp,91Nm@ 3500rpm,5.0,166000
Ford Freestyle,Ford,Freestyle,3,29303,Dealer,Diesel,Manual,23.8 kmpl,1499 CC,98.97 bhp,200Nm@ 1750rpm,5.0,665000
Maruti Swift Dzire,Maruti,Swift Dzire,4,120000,Individual,CNG,Manual,19.0 km/kg,1197 CC,85.8 bhp,190Nm@ 2000rpm,5.0,525000
Toyota Innova,Toyota,Innova,15,110000,Dealer,Diesel,Manual,12.8 kmpl,2494 CC,102.0 bhp,170Nm@ 1800-2400rpm,7.0,390000
Mahindra XUV500,Mahindra,XUV500,5,42485,Dealer,Diesel,Manual,16.0 kmpl,2179 CC,140.0 bhp,91Nm@ 3500rpm,7.0,1350000
Maruti Wagon R,Maruti,Wagon R,4,14000,DEALER,Petrol,Manual,21.5 kmpl,1197 CC,81.8 bhp,170Nm@ 1800-2400rpm,5.0,445000
Datsun RediGO,Datsun,RediGO,3,1830,DEALER,PETROL,Manual,22.7 kmpl,799 CC,53.64 bhp,250Nm@ 1500-2500rpm,5.0,360000
Skoda Superb,Skoda,Superb,11,100000,  Individual ,petrol,Manual,13.14 kmpl,1798 CC,157.8 bhp,91Nm@ 3500rpm,5.0,235000
Maruti Vitara,Maruti,Vitara,3,15000,INDIVIDUAL,Diesel,Automatic,24.3 kmpl,1248 CC,88.5 bhp,91Nm@ 3500rpm,5.0,1000000
Hyundai Santro,Hyundai,Santro,8,29000,Dealer,Petrol,Manual,17.92 kmpl,1086 CC,62.1 bhp,190Nm@ 2000rpm,5.0,250000
Mahindra XUV500,Mahindra,XUV500,9,185000,Individual,Diesel,Manual,15.1 kmpl,2179 CC,140.0 bhp,200Nm@ 1750rpm,7.0,600000
Maruti Swift,Maruti,Swift,7,25000,Individual,DIESEL,Manual,25.2 kmpl,1248 CC,74.0 bhp,250Nm@ 1500-2500rpm,5.0,405000
Hyundai i20,Hyundai,i20,8,90000,Individual,Diesel,Manual,22.54 kmpl,1396 CC,88.76 bhp,113Nm@ 4000rpm,5.0,285000
Hyundai Verna,Hyundai,Verna,2,30000,Individual,  Diesel ,Manual,24.0 kmpl,1396 CC,88.76 bhp,,5.0,995000
Ford Ecosport,Ford,Ecosport,4,50852,Dealer,diesel,Manual,23.0 kmpl,1498 CC,98.96 bhp,190Nm@ 2000rpm,5.0,780000
Honda City,Honda,City,7,120000,Individual,Diesel,Manual,,1498 CC,98.6 bhp,250Nm@ 1500-2500rpm,5.0,500000
Honda Amaze,Honda,Amaze,6,16942,  Dealer ,Petrol,Manual,18.0 kmpl,1198 CC,86.7 bhp,200Nm@ 1750rpm,5.0,439000
Mahindra Scorpio,Mahindra,Scorpio,3,50000,Individual,  Diesel ,Manual,16.36 kmpl,2179 CC,140.0 bhp,250Nm@ 1500-2500rpm,7.0,1450000
Ford Figo,Ford,Figo,10,45452,  Dealer ,Petrol,Manual,15.6 kmpl,1196 CC,70.0 bhp,170Nm@ 1800-2400rpm,5.0,175000
Maruti Wagon R,Maruti,Wagon R,7,40330,Individual,Petrol,Manual,,998 CC,67.04 bhp,,5.0,290000
Jaguar XF,Jaguar,XF,6,28000,Dealer,diesel,Automatic,16.36 kmpl,,187.7 bhp,,5.0,2400000
Honda Amaze,Honda,Amaze,8,54642,Dealer,DIESEL,Manual,25.8 kmpl,1498 CC,98.6 bhp,91Nm@ 3500rpm,5.0,390000
BMW 6,BMW,6,3,12000,Dealer,Diesel,Automatic,17.09 kmpl,2993 CC,261.4 bhp,113Nm@ 4000rpm,4.0,6400000
Maruti Swift,Maruti,Swift,5,110000,Dealer,diesel,Manual,25.2 kmpl,1248 CC,74.0 bhp,"12.7@ 2,700(kgm@ rpm)",5.0,650000
Maruti Wagon R,Maruti,Wagon R,9,82088,Individual,Petrol,Manual,18.9 kmpl,998 CC,67.1 bhp,250Nm@ 1500-2500rpm,5.0,210000
Hyundai Creta,Hyundai,Creta,5,71000,Dealer,  Diesel ,Automatic,17.01 kmpl,1582 CC,126.2 bhp,113Nm@ 4000rpm,5.0,1080000
Hyundai i10,Hyundai,i10,9,16000,Dealer,Petrol,Manual,19.81 kmpl,1086 CC,68.05 bhp,200Nm@ 1750rpm,5.0,275000
Maruti Swift Dzire,Maruti,Swift Dzire,12,94000,DEALER,DIESEL,Manual,19.3 kmpl,1248 CC,73.9 bhp,170Nm@ 1800-2400rpm,5.0,255000
Hyundai i20,Hyundai,i20,4,38120,  Dealer ,Petrol,Manual,18.6 kmpl,1197 CC,81.83 bhp,190Nm@ 2000rpm,5.0,690000
Tata Hexa,Tata,Hexa,4,25000,INDIVIDUAL,  Diesel ,Manual,17.6 kmpl,2179 CC,153.86 bhp,91Nm@ 3500rpm,,1500000
Hyundai i20,Hyundai,i20,6,18745,  Dealer ,petrol,Manual,18.6 kmpl,1197 CC,,200Nm@ 1750rpm,5.0,535000
Maruti Alto,Maruti,Alto,15,20000,Individual,PETROL,Manual,19.7 kmpl,796 CC,46.3 bhp,250Nm@ 1500-2500rpm,5.0,85000
Audi Q7,Audi,Q7,5,40182,DEALER,diesel,Automatic,14.75 kmpl,2967 CC,245.0 bhp,250Nm@ 1500-2500rpm,7.0,4800000
Tata Hexa,Tata,Hexa,4,78000,Individual,DIESEL,Manual,17.6 kmpl,2179 CC,153.86 bhp,,7.0,1300000
Maruti Swift,Maruti,Swift,7,117962,individual,diesel,Manual,25.2 kmpl,1248 CC,74.0 bhp,190Nm@ 2000rpm,5.0,480000
Renault KWID,Renault,KWID,2,10000,Individual,Petrol,Manual,25.17 kmpl,799 CC,53.3 bhp,91Nm@ 3500rpm,5.0,375000
Maruti Wagon R,Maruti,Wagon R,3,52000,DEALER,CNG,Manual,33.54 km/kg,998 CC,67.04 bhp,170Nm@ 1800-2400rpm,5.0,435000
Maruti Wagon R,Maruti,Wagon R,5,26000,DEALER,Petrol,Manual,18.9 kmpl,998 CC,67.1 bhp,190Nm@ 2000rpm,5.0,375000
Mahindra Bolero,Mahindra,Bolero,5,50000,Individual,Diesel,Manual,16.5 kmpl,1493 CC,70.0 bhp,170Nm@ 1800-2400rpm,7.0,650000
Maruti Alto,Maruti,Alto,9,120000,INDIVIDUAL,Petrol,Manual,22.74 kmpl,796 CC,47.3 bhp,24@ 1900(kgm@ rpm),5.0,140000
Maruti Alto,Maruti,Alto,7,34000,DEALER,petrol,Manual,23.95 kmpl,998 CC,67.05 bhp,200Nm@ 1750rpm,5.0,251000
Renault Duster,Renault,Duster,8,54000,DEALER,Diesel,Manual,,1461 CC,,91Nm@ 3500rpm,5.0,315000
Hyundai Creta,Hyundai,Creta,3,40000,Dealer,DIESEL,Manual,19.67 kmpl,1582 CC,126.2 bhp,,,1275000
Maruti Alto,Maruti,Alto,11,50000,INDIVIDUAL,  Petrol ,Manual,19.7 kmpl,796 CC,46.3 bhp,91Nm@ 3500rpm,5.0,135000
Mahindra Thar,Mahindra,Thar,3,36000,DEALER,Diesel,Manual,18.06 kmpl,2523 CC,63.0 bhp,24@ 1900(kgm@ rpm),7.0,745000
Maruti Alto,Maruti,Alto,5,28000,  Dealer ,Petrol,Automatic,23.95 kmpl,998 CC,67.1 bhp,91Nm@ 3500rpm,5.0,350000
Maruti Eeco,Maruti,Eeco,3,14000,individual,CNG,Manual,21.94 km/kg,1196 CC,61.7 bhp,250Nm@ 1500-2500rpm,5.0,375000
Toyota Fortuner,Toyota,Fortuner,3,9000,Dealer,Diesel,Automatic,12.9 kmpl,2755 CC,174.5 bhp,24@ 1900(kgm@ rpm),7.0,3400000
Ford Ecosport,Ford,Ecosport,5,72000,Dealer,DIESEL,Manual,21.7 kmpl,1498 CC,98.96 bhp,113Nm@ 4000rpm,5.0,660000
Mahindra Scorpio,Mahindra,Scorpio,6,60000,dealer,  Diesel ,Manual,15.4 kmpl,2179 CC,120.0 bhp,24@ 1900(kgm@ rpm),7.0,925000
Toyota Innova,Toyota,Innova,9,126657,Dealer,diesel,Manual,12.99 kmpl,2494 CC,100.0 bhp,190Nm@ 2000rpm,7.0,535000
Hyundai i20,Hyundai,i20,3,25000,Dealer,  Petrol ,Manual,17.19 kmpl,1197 CC,81.86 bhp,"12.7@ 2,700(kgm@ rpm)",5.0,750000
Mahindra Scorpio,Mahindra,Scorpio,8,100000,individual,Diesel,Manual,15.4 kmpl,2179 CC,120.0 bhp,190Nm@ 2000rpm,8.0,650000
Honda City,Honda,City,6,25720,Dealer,Petrol,Manual,17.8 kmpl,1497 CC,117.3 bhp,170Nm@ 1800-2400rpm,5.0,765000
Maruti Alto,Maruti,Alto,7,60000,Individual,petrol,Manual,23.95 kmpl,998 CC,67.05 bhp,113Nm@ 4000rpm,5.0,315000
Tata Safari,Tata,Safari,12,80000,Individual,Diesel,Manual,13.93 kmpl,,138.0 bhp,,7.0,265000
Maruti Alto,Maruti,Alto,2,5000,INDIVIDUAL,PETROL,Manual,23.95 kmpl,998 CC,67.05 bhp,"12.7@ 2,700(kgm@ rpm)",5.0,355000
Honda City,Honda,City,6,67897,Dealer,DIESEL,Manual,26.0 kmpl,1498 CC,98.6 bhp,170Nm@ 1800-2400rpm,5.0,635000
Renault KWID,Renault,KWID,4,20966,Dealer,PETROL,Manual,25.17 kmpl,799 CC,53.3 bhp,113Nm@ 4000rpm,,349000
Maruti Celerio,Maruti,Celerio,6,43000,Dealer,CNG,Manual,31.79 km/kg,998 CC,58.2 bhp,250Nm@ 1500-2500rpm,5.0,435000
Hyundai Verna,Hyundai,Verna,4,36000,Individual,Petrol,Manual,17.43 kmpl,1396 CC,105.5 bhp,200Nm@ 1750rpm,5.0,650000
Hyundai Grand,Hyundai,Grand,6,68000,Dealer,  Petrol ,Manual,18.9 kmpl,1197 CC,82.0 bhp,"12.7@ 2,700(kgm@ rpm)",5.0,421000
Tata Safari,Tata,Safari,11,60893,DEALER,Diesel,Manual,11.57 kmpl,2179 CC,138.1 bhp,,7.0,350000
Honda City,Honda,City,16,60000,INDIVIDUAL,PETROL,Manual,13.0 kmpl,1493 CC,100.0 bhp,"12.7@ 2,700(kgm@ rpm)",5.0,225000
Maruti Alto,Maruti,Alto,7,62485,  Dealer ,PETROL,Manual,22.74 kmpl,796 CC,47.3 bhp,250Nm@ 1500-2500rpm,5.0,260000
Mercedes-Benz C-Class,Mercedes-Benz,C-Class,9,88000,Dealer,DIESEL,Automatic,14.84 kmpl,2143 CC,170.0 bhp,91Nm@ 3500rpm,5.0,1150000
Ford Ecosport,Ford,Ecosport,6,36000,DEALER,  Diesel ,Manual,22.77 kmpl,1498 CC,98.59 bhp,113Nm@ 4000rpm,5.0,565000
Honda Amaze,Honda,Amaze,7,100000,  Individual ,Diesel,Manual,25.8 kmpl,1498 CC,98.6 bhp,,5.0,550000
Maruti Alto,Maruti,Alto,9,33700,Dealer,  Petrol ,Manual,20.92 kmpl,998 CC,67.1 bhp,113Nm@ 4000rpm,5.0,200000
Hyundai Creta,Hyundai,Creta,6,73000,  Dealer ,  Petrol ,Manual,15.29 kmpl,1591 CC,121.3 bhp,24@ 1900(kgm@ rpm),5.0,790000
Hyundai Creta,Hyundai,Creta,4,30000,INDIVIDUAL,  Petrol ,Manual,15.29 kmpl,1591 CC,121.3 bhp,170Nm@ 1800-2400rpm,5.0,780000
Maruti Wagon R,Maruti,Wagon R,8,120000,Individual,Petrol,Manual,20.51 kmpl,998 CC,67.04 bhp,113Nm@ 4000rpm,,220000
Mercedes-Benz C-Class,Mercedes-Benz,C-Class,12,56000,Dealer,petrol,Automatic,11.74 kmpl,1796 CC,,113Nm@ 4000rpm,5.0,649000
Hyundai i10,Hyundai,i10,5,59265,dealer,Petrol,Manual,19.81 kmpl,1086 CC,68.05 bhp,113Nm@ 4000rpm,5.0,350000
Maruti Ertiga,Maruti,Ertiga,4,54688,Dealer,  CNG ,Manual,17.5 km/kg,1373 CC,80.46 bhp,190Nm@ 2000rpm,7.0,785000
Volkswagen Vento,Volkswagen,Vento,4,57700,Dealer,PETROL,Manual,15.04 kmpl,1598 CC,103.2 bhp,91Nm@ 3500rpm,5.0,750000
Mahindra XUV500,Mahindra,XUV500,6,67067,Dealer,DIESEL,Manual,16.0 kmpl,1997 CC,140.0 bhp,"12.7@ 2,700(kgm@ rpm)",7.0,1320000
Renault KWID,Renault,KWID,5,40500,Dealer,Petrol,Manual,25.17 kmpl,799 CC,53.3 bhp,"12.7@ 2,700(kgm@ rpm)",5.0,310000
Ford Figo,Ford,Figo,9,190000,Individual,Diesel,Manual,20.0 kmpl,1399 CC,68.0 bhp,,5.0,200000
Toyota Innova,Toyota,Innova,4,30000,INDIVIDUAL,Diesel,Manual,13.68 kmpl,2393 CC,147.8 bhp,170Nm@ 1800-2400rpm,7.0,1950000
Ford Figo,Ford,Figo,10,57342,Dealer,petrol,Manual,15.6 kmpl,1196 CC,70.0 bhp,170Nm@ 1800-2400rpm,5.0,250000
Maruti Ciaz,Maruti,Ciaz,6,39085,Dealer,Diesel,Manual,28.09 kmpl,1248 CC,88.5 bhp,113Nm@ 4000rpm,5.0,525000
Hyundai i20,Hyundai,i20,5,48000,Dealer,Diesel,Manual,22.54 kmpl,1396 CC,88.73 bhp,200Nm@ 1750rpm,5.0,750000
Maruti Alto,Maruti,Alto,9,15000,individual,PETROL,Manual,20.92 kmpl,998 CC,67.1 bhp,250Nm@ 1500-2500rpm,5.0,200000
Toyota Innova,Toyota,Innova,12,110000,Individual,  Diesel ,Manual,12.8 kmpl,2494 CC,102.0 bhp,170Nm@ 1800-2400rpm,8.0,625000
Honda City,Honda,City,8,68000,dealer,Petrol,Manual,16.8 kmpl,1497 CC,116.3 bhp,170Nm@ 1800-2400rpm,,500000
Maruti Swift Dzire,Maruti,Swift Dzire,4,70000,individual,DIESEL,Manual,28.4 kmpl,1248 CC,74.02 bhp,"12.7@ 2,700(kgm@ rpm)",5.0,600000
Volkswagen Vento,Volkswagen,Vento,10,45000,dealer,Petrol,Manual,15.04 kmpl,1598 CC,103.6 bhp,190Nm@ 2000rpm,5.0,335000
Skoda Rapid,Skoda,Rapid,6,85000,Dealer,DIESEL,Manual,,1598 CC,103.5 bhp,250Nm@ 1500-2500rpm,5.0,575000
Hyundai Creta,Hyundai,Creta,3,25000,Individual,diesel,Manual,20.5 kmpl,1582 CC,126.2 bhp,170Nm@ 1800-2400rpm,5.0,1500000
Tata Nexon,Tata,Nexon,2,18593,dealer,PETROL,Manual,17.0 kmpl,1198 CC,108.5 bhp,"12.7@ 2,700(kgm@ rpm)",5.0,675000
Maruti Wagon R,Maruti,Wagon R,15,45000,Dealer,PETROL,Manual,21.79 kmpl,998 CC,67.05 bhp,"12.7@ 2,700(kgm@ rpm)",5.0,55000
Maruti Swift Dzire,Maruti,Swift Dzire,4,15000,INDIVIDUAL,Petrol,Automatic,18.5 kmpl,1197 CC,83.14 bhp,91Nm@ 3500rpm,5.0,580000
Toyota Fortuner,Toyota,Fortuner,6,91000,DEALER,Diesel,Manual,13.0 kmpl,2982 CC,168.5 bhp,113Nm@ 4000rpm,7.0,1550000
Honda City,Honda,City,6,40000,Individual,PETROL,Manual,17.4 kmpl,1497 CC,,190Nm@ 2000rpm,5.0,800000
Maruti Ciaz,Maruti,Ciaz,5,67518,Dealer,DIESEL,Manual,28.09 kmpl,1248 CC,88.5 bhp,91Nm@ 3500rpm,5.0,755000
Maruti Swift,Maruti,Swift,6,76400,dealer,  Diesel ,Manual,,1248 CC,74.0 bhp,24@ 1900(kgm@ rpm),5.0,575000
Land Rover Rover,Land Rover,Rover,11,120000,Dealer,Diesel,Automatic,12.35 kmpl,2179 CC,187.74 bhp,91Nm@ 3500rpm,5.0,2150000
Renault KWID,Renault,KWID,6,60000,Dealer,Petrol,Manual,23.01 kmpl,999 CC,67.0 bhp,170Nm@ 1800-2400rpm,5.0,315000
Jeep Compass,Jeep,Compass,2,13500,individual,DIESEL,Manual,17.1 kmpl,1956 CC,170.0 bhp,190Nm@ 2000rpm,5.0,1750000
Volkswagen Vento,Volkswagen,Vento,8,90000,INDIVIDUAL,PETROL,Manual,15.04 kmpl,1598 CC,103.6 bhp,250Nm@ 1500-2500rpm,5.0,375000
Mahindra Bolero,Mahindra,Bolero,2,35000,Individual,DIESEL,Manual,,1493 CC,70.0 bhp,"12.7@ 2,700(kgm@ rpm)",7.0,850000
Hyundai Santro,Hyundai,Santro,13,128880,Dealer,Petrol,Manual,17.92 kmpl,1086 CC,62.1 bhp,91Nm@ 3500rpm,5.0,125000
Maruti Celerio,Maruti,Celerio,6,28951,dealer,Petrol,Automatic,23.1 kmpl,998 CC,67.04 bhp,"12.7@ 2,700(kgm@ rpm)",5.0,448000
Toyota Innova,Toyota,Innova,11,200000,dealer,Diesel,Manual,12.99 kmpl,2494 CC,100.6 bhp,24@ 1900(kgm@ rpm),7.0,650000
Maruti Alto,Maruti,Alto,7,48828,  Dealer ,petrol,Manual,22.74 kmpl,796 CC,47.3 bhp,200Nm@ 1750rpm,5.0,275000
Maruti Swift,Maruti,Swift,7,60001,DEALER,Diesel,Manual,25.2 kmpl,1248 CC,74.0 bhp,91Nm@ 3500rpm,5.0,310000
Hyundai Creta,Hyundai,Creta,2,25000,INDIVIDUAL,Diesel,Manual,20.5 kmpl,1582 CC,126.2 bhp,190Nm@ 2000rpm,5.0,1500000
Maruti Baleno,Maruti,Baleno,4,4414,dealer,Petrol,Manual,21.4 kmpl,,,,5.0,640000
Maruti Ertiga,Maruti,Ertiga,8,72000,Dealer,Diesel,Manual,25.47 kmpl,1248 CC,88.5 bhp,170Nm@ 1800-2400rpm,7.0,475000
Maruti Vitara,Maruti,Vitara,2,37095,Dealer,Diesel,Manual,24.3 kmpl,1248 CC,88.5 bhp,113Nm@ 4000rpm,5.0,895000
Maruti Swift Dzire,Maruti,Swift Dzire,5,35000,Dealer,Petrol,Manual,22.0 kmpl,1197 CC,81.8 bhp,24@ 1900(kgm@ rpm),5.0,550000
Maruti Celerio,Maruti,Celerio,5,35000,  Dealer ,Petrol,Manual,,998 CC,67.04 bhp,91Nm@ 3500rpm,5.0,385000
Maruti Alto,Maruti,Alto,14,52235,Dealer,petrol,Manual,19.7 kmpl,796 CC,46.3 bhp,170Nm@ 1800-2400rpm,5.0,110000
Hyundai Verna,Hyundai,Verna,8,113000,INDIVIDUAL,Diesel,Manual,22.32 kmpl,1582 CC,126.3 bhp,113Nm@ 4000rpm,5.0,480000
Maruti Eeco,Maruti,Eeco,2,28500,Individual,CNG,Manual,21.94 km/kg,1196 CC,61.7 bhp,190Nm@ 2000rpm,5.0,410000
Hyundai i10,Hyundai,i10,4,32000,Individual,PETROL,Manual,19.81 kmpl,1086 CC,68.05 bhp,250Nm@ 1500-2500rpm,5.0,410000
Hyundai Creta,Hyundai,Creta,5,35000,INDIVIDUAL,Petrol,Manual,15.29 kmpl,1591 CC,,24@ 1900(kgm@ rpm),5.0,850000
Hyundai i10,Hyundai,i10,12,52000,Dealer,Petrol,Manual,19.81 kmpl,1086 CC,68.05 bhp,91Nm@ 3500rpm,5.0,190000
Volkswagen Vento,Volkswagen,Vento,11,78000,Dealer,Diesel,Manual,20.5 kmpl,1598 CC,105.0 bhp,250Nm@ 1500-2500rpm,5.0,289000
Volkswagen Vento,Volkswagen,Vento,6,49700,dealer,PETROL,Manual,15.04 kmpl,1598 CC,103.2 bhp,170Nm@ 1800-2400rpm,5.0,620000
Honda City,Honda,City,7,62000,Dealer,Diesel,Manual,26.0 kmpl,1498 CC,98.6 bhp,113Nm@ 4000rpm,5.0,475000
Maruti Swift Dzire,Maruti,Swift Dzire,8,90000,Individual,Diesel,Manual,23.4 kmpl,1248 CC,74.0 bhp,91Nm@ 3500rpm,5.0,475000
Ford Ecosport,Ford,Ecosport,5,55000,Dealer,  Diesel ,Manual,22.7 kmpl,1498 CC,89.84 bhp,113Nm@ 4000rpm,5.0,750000
Maruti Swift,Maruti,Swift,6,31000,Dealer,Diesel,Manual,28.4 kmpl,1248 CC,74.0 bhp,190Nm@ 2000rpm,5.0,630000
Mahindra Bolero,Mahindra,Bolero,10,95000,INDIVIDUAL,DIESEL,Manual,13.6 kmpl,2523 CC,63.0 bhp,170Nm@ 1800-2400rpm,7.0,330000
Maruti Swift Dzire,Maruti,Swift Dzire,5,20000,INDIVIDUAL,Diesel,Manual,26.59 kmpl,1248 CC,74.0 bhp,170Nm@ 1800-2400rpm,5.0,620000
Hyundai Grand,Hyundai,Grand,4,29945,dealer,Petrol,Automatic,18.9 kmpl,1197 CC,81.86 bhp,24@ 1900(kgm@ rpm),5.0,625000
Maruti Alto,Maruti,Alto,9,24943,trustmark dealer,Petrol,Manual,23.95 kmpl,998 CC,67.05 bhp,91Nm@ 3500rpm,5.0,235000
Toyota Innova,Toyota,Innova,6,51452,Dealer,diesel,Manual,12.99 kmpl,2494 CC,100.6 bhp,200Nm@ 1750rpm,8.0,1095000
Hyundai i20,Hyundai,i20,4,34004,Dealer,PETROL,Manual,18.6 kmpl,1197 CC,81.83 bhp,,5.0,690000
Datsun RediGO,Datsun,RediGO,3,14001,Dealer,petrol,Automatic,23.0 kmpl,999 CC,67.0 bhp,113Nm@ 4000rpm,5.0,349000
BMW 3,BMW,3,5,13500,Dealer,DIESEL,Automatic,22.69 kmpl,1995 CC,190.0 bhp,250Nm@ 1500-2500rpm,5.0,2275000
Hyundai Creta,Hyundai,Creta,6,85000,  Individual ,  Diesel ,Manual,19.67 kmpl,1582 CC,126.2 bhp,24@ 1900(kgm@ rpm),5.0,860000
BMW 3,BMW,3,6,45833,Dealer,diesel,Automatic,19.59 kmpl,1995 CC,187.74 bhp,24@ 1900(kgm@ rpm),5.0,2700000
Skoda Rapid,Skoda,Rapid,7,34000,dealer,  Diesel ,Manual,20.5 kmpl,1598 CC,103.5 bhp,200Nm@ 1750rpm,5.0,485000
Hyundai Grand,Hyundai,Grand,4,30000,Dealer,Petrol,Automatic,18.9 kmpl,1197 CC,81.86 bhp,91Nm@ 3500rpm,5.0,575000
Mercedes-Benz E-Class,Mercedes-Benz,E-Class,10,50000,Dealer,Diesel,Automatic,14.21 kmpl,2143 CC,203.0 bhp,91Nm@ 3500rpm,5.0,1450000
Mahindra Scorpio,Mahindra,Scorpio,11,127000,Individual,Diesel,Manual,12.05 kmpl,2179 CC,120.0 bhp,170Nm@ 1800-2400rpm,8.0,400000
Ford Ecosport,Ford,Ecosport,3,39000,Dealer,Diesel,Manual,21.7 kmpl,1498 CC,98.96 bhp,200Nm@ 1750rpm,5.0,1025000
Maruti Wagon R,Maruti,Wagon R,4,82000,dealer,Petrol,Manual,18.9 kmpl,998 CC,67.1 bhp,200Nm@ 1750rpm,5.0,410000
Volkswagen Polo,Volkswagen,Polo,5,49000,Dealer,Petrol,Automatic,17.21 kmpl,1197 CC,103.5 bhp,91Nm@ 3500rpm,5.0,650000
Maruti Swift Dzire,Maruti,Swift Dzire,4,52000,Dealer,Petrol,Manual,20.85 kmpl,1197 CC,83.14 bhp,250Nm@ 1500-2500rpm,5.0,690000
Maruti Swift Dzire,Maruti,Swift Dzire,4,35000,Dealer,DIESEL,Automatic,28.4 kmpl,1248 CC,74.0 bhp,170Nm@ 1800-2400rpm,5.0,825000
Maruti Celerio,Maruti,Celerio,6,40000,individual,petrol,Automatic,23.1 kmpl,998 CC,67.04 bhp,190Nm@ 2000rpm,5.0,400000
Datsun GO,Datsun,GO,5,50000,  Individual ,petrol,Manual,20.63 kmpl,1198 CC,67.0 bhp,200Nm@ 1750rpm,5.0,235000
Maruti Ertiga,Maruti,Ertiga,7,69000,Dealer,CNG,Manual,22.8 km/kg,1373 CC,80.9 bhp,190Nm@ 2000rpm,7.0,615000
Hyundai Grand,Hyundai,Grand,6,80000,Dealer,diesel,Manual,24.0 kmpl,1120 CC,70.0 bhp,"12.7@ 2,700(kgm@ rpm)",5.0,520000
Mahindra Scorpio,Mahindra,Scorpio,6,90000,INDIVIDUAL,Diesel,Manual,15.4 kmpl,2179 CC,120.0 bhp,24@ 1900(kgm@ rpm),7.0,650000
Ford Figo,Ford,Figo,6,100000,Individual,diesel,Manual,25.83 kmpl,1498 CC,99.0 bhp,200Nm@ 1750rpm,5.0,350000
Mahindra Thar,Mahindra,Thar,6,64000,dealer,diesel,Manual,16.55 kmpl,2498 CC,105.0 bhp,91Nm@ 3500rpm,7.0,750000
Tata Nexon,Tata,Nexon,3,9000,DEALER,Petrol,Automatic,17.0 kmpl,1198 CC,108.5 bhp,91Nm@ 3500rpm,5.0,895000
Skoda Rapid,Skoda,Rapid,9,41900,dealer,petrol,Automatic,14.3 kmpl,1598 CC,105.0 bhp,"12.7@ 2,700(kgm@ rpm)",5.0,350000
Hyundai i10,Hyundai,i10,12,84255,  Dealer ,Petrol,Manual,19.81 kmpl,1086 CC,68.05 bhp,91Nm@ 3500rpm,5.0,215000
Hyundai Creta,Hyundai,Creta,6,110000,individual,Diesel,Manual,19.67 kmpl,1582 CC,126.2 bhp,250Nm@ 1500-2500rpm,5.0,800000
Maruti Swift,Maruti,Swift,4,50000,DEALER,diesel,Manual,28.4 kmpl,1248 CC,74.0 bhp,24@ 1900(kgm@ rpm),5.0,680000
Hyundai i20,Hyundai,i20,5,63669,trustmark dealer,petrol,Manual,18.6 kmpl,1197 CC,81.83 bhp,200Nm@ 1750rpm,5.0,645000
Maruti Wagon R,Maruti,Wagon R,4,30000,Individual,CNG,Manual,33.54 km/kg,998 CC,67.04 bhp,113Nm@ 4000rpm,5.0,450000
Mahindra Scorpio,Mahindra,Scorpio,11,60000,INDIVIDUAL,Diesel,Manual,13.5 kmpl,2609 CC,115.0 bhp,190Nm@ 2000rpm,5.0,500000
Maruti Baleno,Maruti,Baleno,5,30000,  Individual ,Diesel,Manual,27.39 kmpl,1248 CC,74.0 bhp,200Nm@ 1750rpm,5.0,585000
Maruti Swift,Maruti,Swift,3,38815,Dealer,Diesel,Automatic,,1248 CC,74.0 bhp,200Nm@ 1750rpm,5.0,775000
Hyundai i20,Hyundai,i20,5,29842,Dealer,Petrol,Manual,18.5 kmpl,1197 CC,82.9 bhp,200Nm@ 1750rpm,5.0,499000
Volkswagen Polo,Volkswagen,Polo,9,70000,Individual,Diesel,Manual,22.07 kmpl,1199 CC,73.9 bhp,24@ 1900(kgm@ rpm),5.0,425000
Maruti Wagon R,Maruti,Wagon R,5,40000,individual,Petrol,Manual,20.51 kmpl,998 CC,67.04 bhp,190Nm@ 2000rpm,5.0,325000
Hyundai Grand,Hyundai,Grand,2,13800,Dealer,Petrol,Manual,20.7 kmpl,1197 CC,,113Nm@ 4000rpm,5.0,695000
Maruti Ertiga,Maruti,Ertiga,6,31000,DEALER,CNG,Manual,22.8 km/kg,1373 CC,80.9 bhp,91Nm@ 3500rpm,7.0,685000
Maruti Wagon R,Maruti,Wagon R,5,50000,individual,Petrol,Automatic,20.51 kmpl,998 CC,67.0 bhp,91Nm@ 3500rpm,5.0,425000
Skoda Rapid,Skoda,Rapid,6,54000,Dealer,Diesel,Automatic,21.66 kmpl,1498 CC,103.52 bhp,"12.7@ 2,700(kgm@ rpm)",5.0,650000
Honda City,Honda,City,9,52000,Dealer,Petrol,Manual,16.8 kmpl,1497 CC,116.3 bhp,170Nm@ 1800-2400rpm,5.0,410000
Mahindra XUV500,Mahindra,XUV500,9,90000,individual,DIESEL,Manual,15.1 kmpl,2179 CC,140.0 bhp,113Nm@ 4000rpm,7.0,611000
Hyundai Verna,Hyundai,Verna,10,170000,Individual,Diesel,Manual,22.32 kmpl,1582 CC,126.3 bhp,24@ 1900(kgm@ rpm),5.0,370000
Maruti Swift,Maruti,Swift,6,102000,INDIVIDUAL,DIESEL,Manual,25.2 kmpl,1248 CC,74.0 bhp,170Nm@ 1800-2400rpm,5.0,550000
Maruti Alto,Maruti,Alto,11,9100,DEALER,Petrol,Manual,23.95 kmpl,998 CC,67.05 bhp,170Nm@ 1800-2400rpm,5.0,210000
BMW 3,BMW,3,8,69000,DEALER,Diesel,Automatic,18.88 kmpl,1995 CC,184.0 bhp,170Nm@ 1800-2400rpm,5.0,1460000
Maruti Swift,Maruti,Swift,8,90000,Individual,DIESEL,Manual,22.9 kmpl,1248 CC,74.0 bhp,200Nm@ 1750rpm,5.0,430000
Hyundai Grand,Hyundai,Grand,4,67000,DEALER,Petrol,Manual,18.9 kmpl,1197 CC,82.0 bhp,24@ 1900(kgm@ rpm),5.0,519000
Maruti Wagon R,Maruti,Wagon R,7,54099,Dealer,Petrol,Manual,18.9 kmpl,998 CC,67.1 bhp,"12.7@ 2,700(kgm@ rpm)",5.0,280000
Hyundai i20,Hyundai,i20,3,40000,Individual,  Petrol ,Automatic,17.4 kmpl,1197 CC,81.86 bhp,91Nm@ 3500rpm,5.0,790000
Renault KWID,Renault,KWID,3,30000,Individual,Petrol,Manual,25.17 kmpl,799 CC,53.3 bhp,113Nm@ 4000rpm,5.0,320000
Mercedes-Benz E-Class,Mercedes-Benz,E-Class,4,35000,DEALER,Petrol,Automatic,12.0 kmpl,1991 CC,184.0 bhp,200Nm@ 1750rpm,5.0,3995000
Maruti Wagon R,Maruti,Wagon R,6,18650,Dealer,Petrol,Manual,21.5 kmpl,1197 CC,81.8 bhp,24@ 1900(kgm@ rpm),5.0,299000
Maruti Alto,Maruti,Alto,6,49000,Dealer,Petrol,Manual,22.74 kmpl,796 CC,47.3 bhp,91Nm@ 3500rpm,5.0,235000
Maruti Baleno,Maruti,Baleno,5,35000,Dealer,Petrol,Automatic,21.4 kmpl,,83.1 bhp,,5.0,750000
Mercedes-Benz C-Class,Mercedes-Benz,C-Class,4,58000,Dealer,Diesel,Automatic,19.71 kmpl,2143 CC,201.15 bhp,91Nm@ 3500rpm,5.0,2800000
Maruti Vitara,Maruti,Vitara,5,20000,individual,Diesel,Manual,24.3 kmpl,1248 CC,88.5 bhp,170Nm@ 1800-2400rpm,5.0,900000
Ford Endeavour,Ford,Endeavour,5,38000,  Dealer ,Diesel,Automatic,12.62 kmpl,2198 CC,,91Nm@ 3500rpm,7.0,2250000
Maruti Swift Dzire,Maruti,Swift Dzire,4,10000,dealer,petrol,Manual,21.21 kmpl,1197 CC,81.8 bhp,"12.7@ 2,700(kgm@ rpm)",5.0,675000
Hyundai i20,Hyundai,i20,5,37962,DEALER,Diesel,Manual,21.19 kmpl,1396 CC,88.73 bhp,91Nm@ 3500rpm,5.0,715000
Hyundai i20,Hyundai,i20,7,90000,Individual,DIESEL,Manual,22.54 kmpl,1396 CC,88.73 bhp,24@ 1900(kgm@ rpm),5.0,444000
Ford Ecosport,Ford,Ecosport,5,37000,Individual,Diesel,Manual,22.77 kmpl,1498 CC,98.59 bhp,"12.7@ 2,700(kgm@ rpm)",5.0,850000
Hyundai Verna,Hyundai,Verna,3,60000,individual,Diesel,Automatic,22.0 kmpl,1582 CC,126.2 bhp,24@ 1900(kgm@ rpm),5.0,1100000
Renault KWID,Renault,KWID,3,40746,DEALER,Petrol,Manual,25.17 kmpl,799 CC,,91Nm@ 3500rpm,5.0,300000
Honda City,Honda,City,6,120000,Individual,Petrol,Automatic,18.0 kmpl,1497 CC,117.3 bhp,113Nm@ 4000rpm,5.0,660000
Honda City,Honda,City,9,59100,Dealer,PETROL,Automatic,15.6 kmpl,1497 CC,116.3 bhp,190Nm@ 2000rpm,5.0,575000
Maruti Wagon R,Maruti,Wagon R,10,30000,Individual,PETROL,Manual,18.9 kmpl,998 CC,67.1 bhp,190Nm@ 2000rpm,5.0,215000
Honda City,Honda,City,7,100000,Individual,Petrol,Manual,17.4 kmpl,1497 CC,117.3 bhp,"12.7@ 2,700(kgm@ rpm)",5.0,600000
Hyundai i20,Hyundai,i20,4,60000,individual,Petrol,Manual,17.19 kmpl,1197 CC,81.86 bhp,170Nm@ 1800-2400rpm,5.0,660000
Honda City,Honda,City,9,29512,Dealer,Petrol,Manual,16.8 kmpl,1497 CC,116.3 bhp,170Nm@ 1800-2400rpm,5.0,380000
Maruti Swift,Maruti,Swift,9,76000,Dealer,Diesel,Manual,22.9 kmpl,1248 CC,74.0 bhp,113Nm@ 4000rpm,5.0,440000
Maruti Celerio,Maruti,Celerio,4,68000,dealer,  CNG ,Manual,,998 CC,58.33 bhp,"12.7@ 2,700(kgm@ rpm)",5.0,475000
Hyundai i20,Hyundai,i20,3,32000,Individual,Petrol,Manual,18.6 kmpl,1197 CC,81.83 bhp,"12.7@ 2,700(kgm@ rpm)",5.0,650000
Maruti Celerio,Maruti,Celerio,2,25202,  Dealer ,PETROL,Automatic,21.63 kmpl,998 CC,67.04 bhp,113Nm@ 4000rpm,5.0,595000
Hyundai i20,Hyundai,i20,4,30000,Dealer,Petrol,Manual,18.6 kmpl,1197 CC,81.83 bhp,"12.7@ 2,700(kgm@ rpm)",5.0,525000
Jeep Compass,Jeep,Compass,3,17500,dealer,Petrol,Manual,16.0 kmpl,1368 CC,160.0 bhp,250Nm@ 1500-2500rpm,5.0,1335000
BMW X1,BMW,X1,9,50000,individual,Diesel,Automatic,17.05 kmpl,1995 CC,184.0 bhp,113Nm@ 4000rpm,,1200000
Maruti Alto,Maruti,Alto,4,2700,Dealer,Petrol,Manual,23.95 kmpl,998 CC,67.05 bhp,24@ 1900(kgm@ rpm),5.0,376000
Maruti Ignis,Maruti,Ignis,3,14188,Dealer,petrol,Manual,,1197 CC,81.8 bhp,113Nm@ 4000rpm,5.0,470000
Honda Amaze,Honda,Amaze,2,8000,DEALER,Petrol,Manual,18.6 kmpl,1199 CC,88.76 bhp,190Nm@ 2000rpm,5.0,675000
Maruti Alto,Maruti,Alto,4,40000,individual,petrol,Manual,23.95 kmpl,998 CC,67.05 bhp,91Nm@ 3500rpm,5.0,306000
Maruti Ciaz,Maruti,Ciaz,5,41000,Dealer,DIESEL,Manual,28.09 kmpl,1248 CC,88.5 bhp,24@ 1900(kgm@ rpm),5.0,750000
Hyundai i10,Hyundai,i10,5,42000,DEALER,petrol,Manual,19.81 kmpl,1086 CC,68.05 bhp,"12.7@ 2,700(kgm@ rpm)",5.0,375000
Maruti Ciaz,Maruti,Ciaz,5,50000,individual,Diesel,Manual,28.09 kmpl,1248 CC,88.5 bhp,200Nm@ 1750rpm,5.0,650000
Volkswagen Vento,Volkswagen,Vento,8,44000,dealer,Petrol,Manual,15.04 kmpl,1598 CC,103.6 bhp,190Nm@ 2000rpm,5.0,395000
Maruti Swift Dzire,Maruti,Swift Dzire,7,70310,DEALER,Diesel,Manual,23.4 kmpl,1248 CC,74.0 bhp,24@ 1900(kgm@ rpm),5.0,575000
Skoda Superb,Skoda,Superb,5,50000,  Individual ,Diesel,Automatic,18.19 kmpl,1968 CC,174.5 bhp,113Nm@ 4000rpm,5.0,2100000
Hyundai Creta,Hyundai,Creta,2,23000,Dealer,DIESEL,Manual,19.67 kmpl,1582 CC,126.2 bhp,113Nm@ 4000rpm,5.0,1575000
Hyundai Grand,Hyundai,Grand,6,46497,Dealer,petrol,Manual,,1197 CC,82.0 bhp,91Nm@ 3500rpm,5.0,385000
Hyundai i10,Hyundai,i10,9,36834,Dealer,petrol,Manual,20.36 kmpl,1197 CC,78.9 bhp,113Nm@ 4000rpm,5.0,365000
Datsun GO,Datsun,GO,6,450000,Individual,Petrol,Manual,20.63 kmpl,1198 CC,67.0 bhp,"12.7@ 2,700(kgm@ rpm)",5.0,295000
Honda City,Honda,City,17,170000,Individual,Petrol,Automatic,12.0 kmpl,1493 CC,100.0 bhp,"12.7@ 2,700(kgm@ rpm)",5.0,150000
Maruti Baleno,Maruti,Baleno,4,20000,Dealer,PETROL,Automatic,19.56 kmpl,1197 CC,81.8 bhp,190Nm@ 2000rpm,5.0,700000
Mahindra XUV500,Mahindra,XUV500,5,95961,Dealer,DIESEL,Manual,16.0 kmpl,2179 CC,,113Nm@ 4000rpm,7.0,1225000
Maruti Swift Dzire,Maruti,Swift Dzire,7,63000,Dealer,Diesel,Manual,23.4 kmpl,1248 CC,74.0 bhp,"12.7@ 2,700(kgm@ rpm)",5.0,595000
Ford Figo,Ford,Figo,8,46000,Dealer,Diesel,Manual,20.0 kmpl,1399 CC,68.05 bhp,190Nm@ 2000rpm,5.0,294000
Hyundai i10,Hyundai,i10,8,35000,Dealer,petrol,Manual,20.36 kmpl,1197 CC,78.9 bhp,91Nm@ 3500rpm,5.0,400000
Maruti Swift Dzire,Maruti,Swift Dzire,4,79224,Dealer,diesel,Automatic,28.4 kmpl,1248 CC,74.02 bhp,250Nm@ 1500-2500rpm,5.0,750000
Maruti Celerio,Maruti,Celerio,3,17000,individual,Petrol,Automatic,23.1 kmpl,998 CC,67.04 bhp,250Nm@ 1500-2500rpm,5.0,500000
Maruti Vitara,Maruti,Vitara,5,65000,Dealer,Diesel,Manual,24.3 kmpl,1248 CC,88.5 bhp,200Nm@ 1750rpm,5.0,675000
Tata Tiago,Tata,Tiago,4,31000,  Individual ,Petrol,Manual,23.84 kmpl,1199 CC,84.0 bhp,"12.7@ 2,700(kgm@ rpm)",5.0,350000
BMW 3,BMW,3,9,60000,Individual,DIESEL,Automatic,16.07 kmpl,1995 CC,181.0 bhp,,4.0,950000
Volkswagen Vento,Volkswagen,Vento,9,81000,Dealer,Diesel,Manual,20.54 kmpl,1598 CC,103.6 bhp,"12.7@ 2,700(kgm@ rpm)",5.0,465000
Hyundai Grand,Hyundai,Grand,7,56000,Dealer,Diesel,Manual,24.0 kmpl,1120 CC,70.0 bhp,"12.7@ 2,700(kgm@ rpm)",5.0,460000
Hyundai i20,Hyundai,i20,6,80000,individual,Diesel,Manual,21.19 kmpl,1396 CC,88.73 bhp,170Nm@ 1800-2400rpm,5.0,430000
Maruti Celerio,Maruti,Celerio,4,20000,Individual,Petrol,Automatic,23.1 kmpl,998 CC,67.04 bhp,113Nm@ 4000rpm,5.0,450000
Hyundai Creta,Hyundai,Creta,6,64907,Dealer,Diesel,Manual,19.67 kmpl,1582 CC,126.2 bhp,"12.7@ 2,700(kgm@ rpm)",,800000
Tata Tiago,Tata,Tiago,5,9500,INDIVIDUAL,Petrol,Manual,23.84 kmpl,1199 CC,84.0 bhp,24@ 1900(kgm@ rpm),5.0,530000
BMW 3,BMW,3,6,35000,  Dealer ,Diesel,Automatic,22.69 kmpl,1995 CC,190.0 bhp,190Nm@ 2000rpm,5.0,1545000
Maruti Swift,Maruti,Swift,9,78000,DEALER,Diesel,Manual,22.9 kmpl,1248 CC,74.0 bhp,200Nm@ 1750rpm,5.0,475000
Maruti Wagon R,Maruti,Wagon R,3,29000,Dealer,PETROL,Manual,21.79 kmpl,998 CC,67.05 bhp,91Nm@ 3500rpm,5.0,365000
Skoda Octavia,Skoda,Octavia,4,67001,Dealer,Diesel,Automatic,19.5 kmpl,1968 CC,141.0 bhp,250Nm@ 1500-2500rpm,5.0,1650000
Maruti Ciaz,Maruti,Ciaz,3,2700,individual,Petrol,Manual,20.73 kmpl,1373 CC,91.1 bhp,190Nm@ 2000rpm,5.0,812000
Hyundai Elantra,Hyundai,Elantra,4,55000,Dealer,Diesel,Automatic,18.23 kmpl,1582 CC,126.2 bhp,190Nm@ 2000rpm,5.0,1500000
BMW 7,BMW,7,6,24501,Dealer,Diesel,Automatic,,2993 CC,258.0 bhp,91Nm@ 3500rpm,5.0,4990000
Mahindra KUV,Mahindra,KUV,4,100000,Individual,diesel,Manual,25.32 kmpl,1198 CC,77.0 bhp,250Nm@ 1500-2500rpm,5.0,450000
Tata Safari,Tata,Safari,8,50000,Individual,Diesel,Manual,11.57 kmpl,2179 CC,138.1 bhp,170Nm@ 1800-2400rpm,7.0,550000
Maruti Baleno,Maruti,Baleno,1,20000,INDIVIDUAL,petrol,Manual,21.01 kmpl,,81.8 bhp,,5.0,700000
Hyundai Grand,Hyundai,Grand,7,75000,dealer,Petrol,Manual,,1197 CC,82.0 bhp,250Nm@ 1500-2500rpm,5.0,390000
Maruti Eeco,Maruti,Eeco,6,58000,Dealer,Petrol,Manual,15.37 kmpl,1196 CC,73.0 bhp,170Nm@ 1800-2400rpm,5.0,375000
Maruti Vitara,Maruti,Vitara,3,20900,Dealer,Diesel,Automatic,24.3 kmpl,1248 CC,88.5 bhp,250Nm@ 1500-2500rpm,5.0,995000
Volkswagen Vento,Volkswagen,Vento,7,70462,Dealer,Diesel,Automatic,21.21 kmpl,1498 CC,103.2 bhp,190Nm@ 2000rpm,5.0,540000
Hyundai i10,Hyundai,i10,5,15000,individual,petrol,Manual,19.81 kmpl,1086 CC,68.05 bhp,170Nm@ 1800-2400rpm,5.0,390000
Ford Figo,Ford,Figo,7,73500,dealer,Diesel,Manual,20.0 kmpl,1399 CC,68.05 bhp,113Nm@ 4000rpm,5.0,275000
Hyundai i10,Hyundai,i10,11,25000,Individual,Petrol,Manual,20.36 kmpl,1197 CC,78.9 bhp,24@ 1900(kgm@ rpm),5.0,300000
Mercedes-Benz GL-Class,Mercedes-Benz,GL-Class,2,4000,DEALER,Petrol,Automatic,11.5 kmpl,1991 CC,245.0 bhp,250Nm@ 1500-2500rpm,5.0,4800000
Mahindra Bolero,Mahindra,Bolero,6,50000,INDIVIDUAL,DIESEL,Manual,15.96 kmpl,2523 CC,62.1 bhp,113Nm@ 4000rpm,7.0,550000
BMW 3,BMW,3,10,35000,  Dealer ,Diesel,Automatic,16.07 kmpl,1995 CC,181.0 bhp,190Nm@ 2000rpm,5.0,1150000
Mercedes-Benz S-Class,Mercedes-Benz,S-Class,6,19500,dealer,DIESEL,Automatic,13.5 kmpl,2987 CC,254.79 bhp,24@ 1900(kgm@ rpm),5.0,5700000
Mahindra Bolero,Mahindra,Bolero,9,150000,  Individual ,  Diesel ,Manual,15.96 kmpl,,62.1 bhp,,9.0,500000
Honda Civic,Honda,Civic,13,64537,  Dealer ,PETROL,Automatic,12.9 kmpl,1799 CC,,170Nm@ 1800-2400rpm,5.0,295000
Maruti Ciaz,Maruti,Ciaz,4,64000,Dealer,  Diesel ,Manual,28.09 kmpl,1248 CC,88.5 bhp,24@ 1900(kgm@ rpm),5.0,710000
Honda City,Honda,City,5,68000,Individual,Diesel,Manual,26.0 kmpl,1498 CC,98.6 bhp,113Nm@ 4000rpm,5.0,630000
Maruti Swift Dzire,Maruti,Swift Dzire,10,70000,Individual,Petrol,Manual,17.5 kmpl,1298 CC,85.8 bhp,170Nm@ 1800-2400rpm,5.0,315000
Mercedes-Benz C-Class,Mercedes-Benz,C-Class,8,59000,Dealer,Diesel,Automatic,14.84 kmpl,2143 CC,170.0 bhp,200Nm@ 1750rpm,5.0,1280000
Maruti Swift Dzire,Maruti,Swift Dzire,7,35000,Individual,Diesel,Manual,23.4 kmpl,1248 CC,74.0 bhp,190Nm@ 2000rpm,5.0,600000
Mercedes-Benz E-Class,Mercedes-Benz,E-Class,10,55000,dealer,diesel,Automatic,14.21 kmpl,2143 CC,203.0 bhp,91Nm@ 3500rpm,5.0,1299000
Mahindra Scorpio,Mahindra,Scorpio,4,93000,DEALER,Diesel,Manual,15.4 kmpl,1997 CC,120.0 bhp,250Nm@ 1500-2500rpm,7.0,1060000
Honda WR-V,Honda,WR-V,3,19000,Individual,petrol,Manual,17.5 kmpl,1199 CC,88.7 bhp,24@ 1900(kgm@ rpm),5.0,835000
Hyundai Grand,Hyundai,Grand,5,47500,Dealer,Petrol,Manual,18.9 kmpl,1197 CC,82.0 bhp,200Nm@ 1750rpm,5.0,450000
Maruti Wagon R,Maruti,Wagon R,2,36000,Individual,Petrol,Manual,21.79 kmpl,998 CC,67.05 bhp,113Nm@ 4000rpm,,410000
Maruti Ertiga,Maruti,Ertiga,7,119000,DEALER,  Diesel ,Manual,20.77 kmpl,1248 CC,88.8 bhp,113Nm@ 4000rpm,7.0,700000
Hyundai i20,Hyundai,i20,8,20000,individual,PETROL,Manual,18.5 kmpl,1197 CC,82.85 bhp,170Nm@ 1800-2400rpm,5.0,400000
Ford Figo,Ford,Figo,11,80000,INDIVIDUAL,DIESEL,Manual,20.0 kmpl,1399 CC,68.0 bhp,24@ 1900(kgm@ rpm),5.0,210000
Tata Tiago,Tata,Tiago,2,10000,Individual,petrol,Manual,23.84 kmpl,1199 CC,84.0 bhp,250Nm@ 1500-2500rpm,5.0,515000
Maruti Eeco,Maruti,Eeco,11,22000,Individual,Petrol,Manual,,1196 CC,73.0 bhp,24@ 1900(kgm@ rpm),5.0,130000
Maruti Wagon R,Maruti,Wagon R,7,76000,dealer,petrol,Manual,21.79 kmpl,998 CC,67.05 bhp,91Nm@ 3500rpm,5.0,325000
Maruti Baleno,Maruti,Baleno,4,22000,Dealer,Petrol,Manual,21.01 kmpl,1197 CC,81.8 bhp,113Nm@ 4000rpm,5.0,789000
Skoda Rapid,Skoda,Rapid,6,62500,Individual,Diesel,Manual,21.14 kmpl,1498 CC,103.52 bhp,190Nm@ 2000rpm,5.0,410000
Maruti Alto,Maruti,Alto,5,30000,INDIVIDUAL,PETROL,Manual,24.7 kmpl,796 CC,47.3 bhp,91Nm@ 3500rpm,5.0,228000
Honda Amaze,Honda,Amaze,3,22000,Dealer,Diesel,Manual,25.8 kmpl,1498 CC,98.6 bhp,200Nm@ 1750rpm,5.0,660000
Volkswagen Vento,Volkswagen,Vento,7,70000,Dealer,Diesel,Manual,20.34 kmpl,1498 CC,103.2 bhp,113Nm@ 4000rpm,5.0,470000
Tata Safari,Tata,Safari,11,120000,  Individual ,DIESEL,Manual,13.93 kmpl,2179 CC,138.1 bhp,250Nm@ 1500-2500rpm,7.0,250000
Honda City,Honda,City,5,56210,DEALER,PETROL,Manual,16.9 kmpl,1497 CC,100.0 bhp,250Nm@ 1500-2500rpm,5.0,700000
Ford Ecosport,Ford,Ecosport,5,65000,Individual,  Diesel ,Manual,22.77 kmpl,1498 CC,98.59 bhp,113Nm@ 4000rpm,5.0,530000
Maruti Swift Dzire,Maruti,Swift Dzire,3,52300,dealer,Diesel,Manual,26.59 kmpl,1248 CC,74.0 bhp,190Nm@ 2000rpm,5.0,660000
Mahindra XUV500,Mahindra,XUV500,6,72500,dealer,Diesel,Manual,15.1 kmpl,2179 CC,140.0 bhp,24@ 1900(kgm@ rpm),7.0,811000
Hyundai i20,Hyundai,i20,6,35000,Dealer,PETROL,Manual,17.19 kmpl,1197 CC,81.86 bhp,250Nm@ 1500-2500rpm,5.0,575000
Maruti Wagon R,Maruti,Wagon R,4,44000,Dealer,petrol,Manual,20.51 kmpl,998 CC,67.04 bhp,170Nm@ 1800-2400rpm,5.0,410000
Hyundai i10,Hyundai,i10,10,50038,DEALER,Petrol,Manual,20.36 kmpl,1197 CC,78.9 bhp,190Nm@ 2000rpm,5.0,300000
Mahindra XUV500,Mahindra,XUV500,3,21500,Individual,  Diesel ,Automatic,15.1 kmpl,2179 CC,152.87 bhp,200Nm@ 1750rpm,7.0,1650000
Maruti S-Presso,Maruti,S-Presso,2,3000,individual,Petrol,Manual,21.7 kmpl,998 CC,67.0 bhp,113Nm@ 4000rpm,5.0,432000
Hyundai i10,Hyundai,i10,10,40000,Individual,Petrol,Manual,20.36 kmpl,1197 CC,78.9 bhp,91Nm@ 3500rpm,5.0,350000
Maruti Ciaz,Maruti,Ciaz,5,47000,Dealer,diesel,Manual,28.09 kmpl,1248 CC,88.5 bhp,113Nm@ 4000rpm,5.0,725000
Maruti Alto,Maruti,Alto,3,35000,individual,Petrol,Manual,23.95 kmpl,998 CC,67.05 bhp,250Nm@ 1500-2500rpm,5.0,350000
Honda Civic,Honda,Civic,13,60000,Individual,Petrol,Manual,13.5 kmpl,1799 CC,130.0 bhp,190Nm@ 2000rpm,5.0,350000
Honda Amaze,Honda,Amaze,7,58000,  Dealer ,Diesel,Manual,25.8 kmpl,1498 CC,,"12.7@ 2,700(kgm@ rpm)",5.0,350000
Skoda Rapid,Skoda,Rapid,7,70000,DEALER,Petrol,Manual,15.0 kmpl,1598 CC,103.52 bhp,24@ 1900(kgm@ rpm),5.0,425000
Hyundai Verna,Hyundai,Verna,5,63000,dealer,Diesel,Automatic,21.3 kmpl,1493 CC,113.42 bhp,24@ 1900(kgm@ rpm),5.0,751000
Maruti Eeco,Maruti,Eeco,2,40000,Individual,CNG,Manual,21.94 km/kg,1196 CC,61.7 bhp,113Nm@ 4000rpm,5.0,400000
Maruti Wagon R,Maruti,Wagon R,14,90000,INDIVIDUAL,LPG,Manual,17.3 km/kg,1061 CC,57.5 bhp,250Nm@ 1500-2500rpm,5.0,80000
Hyundai Grand,Hyundai,Grand,6,36000,dealer,Petrol,Manual,18.9 kmpl,,82.0 bhp,,5.0,405000
Maruti Wagon R,Maruti,Wagon R,10,66000,Dealer,Petrol,Manual,18.9 kmpl,998 CC,67.1 bhp,,5.0,245000
Renault Duster,Renault,Duster,6,56308,DEALER,Diesel,Manual,20.45 kmpl,1461 CC,83.8 bhp,"12.7@ 2,700(kgm@ rpm)",5.0,440000
Hyundai Santro,Hyundai,Santro,10,64000,Dealer,Petrol,Manual,17.92 kmpl,1086 CC,62.1 bhp,250Nm@ 1500-2500rpm,5.0,275000
Hyundai Santro,Hyundai,Santro,11,32400,Dealer,Petrol,Manual,17.92 kmpl,1086 CC,,113Nm@ 4000rpm,5.0,270000
Honda Jazz,Honda,Jazz,4,35000,Individual,Petrol,Automatic,19.0 kmpl,1199 CC,,190Nm@ 2000rpm,5.0,725000
Maruti Swift,Maruti,Swift,6,43000,Dealer,petrol,Manual,22.0 kmpl,1197 CC,81.8 bhp,24@ 1900(kgm@ rpm),5.0,540000
Maruti Alto,Maruti,Alto,6,70000,Individual,Petrol,Manual,23.95 kmpl,998 CC,67.1 bhp,200Nm@ 1750rpm,5.0,300000
Maruti Eeco,Maruti,Eeco,4,48000,Dealer,CNG,Manual,15.1 km/kg,1196 CC,73.0 bhp,190Nm@ 2000rpm,5.0,421000
Ford Endeavour,Ford,Endeavour,5,50000,Dealer,Diesel,Automatic,10.91 kmpl,3198 CC,197.0 bhp,24@ 1900(kgm@ rpm),7.0,2650000
Toyota Innova,Toyota,Innova,14,95000,dealer,Diesel,Manual,12.8 kmpl,2494 CC,102.0 bhp,200Nm@ 1750rpm,8.0,474000
Maruti Alto,Maruti,Alto,4,7000,Individual,Petrol,Manual,23.95 kmpl,998 CC,67.05 bhp,250Nm@ 1500-2500rpm,5.0,300000
Mercedes-Benz E-Class,Mercedes-Benz,E-Class,9,67000,Dealer,Diesel,Automatic,10.0 kmpl,2148 CC,170.0 bhp,24@ 1900(kgm@ rpm),5.0,890000
Mercedes-Benz E-Class,Mercedes-Benz,E-Class,10,100000,Individual,Petrol,Manual,12.3 kmpl,1796 CC,185.0 bhp,200Nm@ 1750rpm,5.0,950000
Volkswagen Polo,Volkswagen,Polo,3,22000,Dealer,Petrol,Automatic,17.21 kmpl,1197 CC,103.6 bhp,,5.0,760000
Hyundai Grand,Hyundai,Grand,2,5000,individual,Petrol,Manual,18.9 kmpl,1197 CC,81.86 bhp,91Nm@ 3500rpm,5.0,590000
Maruti Alto,Maruti,Alto,10,68203,Dealer,Petrol,Manual,23.95 kmpl,998 CC,67.05 bhp,190Nm@ 2000rpm,5.0,210000
Honda Jazz,Honda,Jazz,4,14000,Dealer,PETROL,Automatic,18.2 kmpl,1199 CC,88.7 bhp,113Nm@ 4000rpm,5.0,680000
Volkswagen Polo,Volkswagen,Polo,6,41000,Dealer,Petrol,Manual,16.47 kmpl,1198 CC,74.0 bhp,113Nm@ 4000rpm,5.0,465000
Honda Amaze,Honda,Amaze,4,55000,  Individual ,DIESEL,Manual,25.8 kmpl,1498 CC,98.6 bhp,170Nm@ 1800-2400rpm,5.0,700000
Toyota Innova,Toyota,Innova,9,75000,dealer,diesel,Manual,12.99 kmpl,2494 CC,100.0 bhp,24@ 1900(kgm@ rpm),7.0,840000
Maruti Swift,Maruti,Swift,3,50000,Individual,Petrol,Manual,21.21 kmpl,,81.8 bhp,,,540000
Maruti Vitara,Maruti,Vitara,4,24000,Dealer,Diesel,Manual,24.3 kmpl,1248 CC,88.5 bhp,24@ 1900(kgm@ rpm),5.0,785000
Maruti Ertiga,Maruti,Ertiga,7,36000,Dealer,Petrol,Manual,16.02 kmpl,1373 CC,93.7 bhp,"12.7@ 2,700(kgm@ rpm)",7.0,645000
Hyundai Verna,Hyundai,Verna,8,51000,Dealer,petrol,Manual,17.1 kmpl,1591 CC,121.3 bhp,113Nm@ 4000rpm,5.0,690000
Mahindra Scorpio,Mahindra,Scorpio,11,91000,dealer,Diesel,Manual,13.5 kmpl,2179 CC,115.0 bhp,170Nm@ 1800-2400rpm,5.0,365000
Renault KWID,Renault,KWID,4,31851,Dealer,Petrol,Manual,25.17 kmpl,799 CC,53.3 bhp,190Nm@ 2000rpm,5.0,278000
Skoda Rapid,Skoda,Rapid,7,20000,Individual,petrol,Manual,15.0 kmpl,1598 CC,103.6 bhp,190Nm@ 2000rpm,5.0,450000
Maruti Wagon R,Maruti,Wagon R,4,32013,  Trustmark Dealer ,CNG,Manual,33.54 km/kg,998 CC,67.04 bhp,113Nm@ 4000rpm,5.0,380000
Toyota Innova,Toyota,Innova,6,73000,Dealer,diesel,Manual,12.99 kmpl,2494 CC,100.6 bhp,91Nm@ 3500rpm,8.0,1050000
Hyundai Grand,Hyundai,Grand,3,6500,  Individual ,PETROL,Manual,18.9 kmpl,1197 CC,81.86 bhp,"12.7@ 2,700(kgm@ rpm)",5.0,480000
Maruti Alto,Maruti,Alto,11,35760,  Dealer ,petrol,Manual,23.95 kmpl,998 CC,67.05 bhp,24@ 1900(kgm@ rpm),5.0,205000
Hyundai Grand,Hyundai,Grand,5,45898,Dealer,Petrol,Manual,18.9 kmpl,1197 CC,82.0 bhp,250Nm@ 1500-2500rpm,5.0,575000
Maruti Alto,Maruti,Alto,7,50000,Dealer,petrol,Manual,22.74 kmpl,796 CC,47.3 bhp,91Nm@ 3500rpm,5.0,240000
Toyota Fortuner,Toyota,Fortuner,11,131000,DEALER,DIESEL,Manual,11.5 kmpl,2982 CC,171.0 bhp,113Nm@ 4000rpm,7.0,1185000
Maruti Swift Dzire,Maruti,Swift Dzire,4,27000,Dealer,Diesel,Manual,28.4 kmpl,1248 CC,74.02 bhp,190Nm@ 2000rpm,,875000
Ford Ecosport,Ford,Ecosport,5,51000,Dealer,Diesel,Manual,22.77 kmpl,1498 CC,98.59 bhp,250Nm@ 1500-2500rpm,5.0,576000
Hyundai Santro,Hyundai,Santro,13,74000,DEALER,Petrol,Manual,,1086 CC,,200Nm@ 1750rpm,5.0,150000
Audi Q7,Audi,Q7,8,48000,  Dealer ,Diesel,Automatic,,2967 CC,,190Nm@ 2000rpm,7.0,2011000
BMW X5,BMW,X5,5,48000,Dealer,diesel,Automatic,15.97 kmpl,2993 CC,258.0 bhp,91Nm@ 3500rpm,5.0,4495000
Mahindra XUV500,Mahindra,XUV500,8,163168,Individual,Diesel,Manual,15.1 kmpl,2179 CC,140.0 bhp,190Nm@ 2000rpm,7.0,600000
Maruti Vitara,Maruti,Vitara,5,100000,Individual,Diesel,Manual,24.3 kmpl,1248 CC,88.5 bhp,190Nm@ 2000rpm,5.0,800000
Renault Duster,Renault,Duster,7,65000,Dealer,Diesel,Manual,19.64 kmpl,1461 CC,,190Nm@ 2000rpm,5.0,400000
Maruti Vitara,Maruti,Vitara,5,54287,  Dealer ,Diesel,Manual,24.3 kmpl,1248 CC,88.5 bhp,91Nm@ 3500rpm,5.0,660000
Maruti Wagon R,Maruti,Wagon R,9,68000,Dealer,CNG,Manual,26.2 km/kg,998 CC,58.2 bhp,190Nm@ 2000rpm,5.0,315000
Honda Amaze,Honda,Amaze,7,109000,Dealer,Diesel,Manual,25.8 kmpl,1498 CC,98.6 bhp,91Nm@ 3500rpm,5.0,450000
Hyundai Verna,Hyundai,Verna,8,81000,DEALER,Petrol,Automatic,17.1 kmpl,1591 CC,121.4 bhp,"12.7@ 2,700(kgm@ rpm)",5.0,425000
Maruti Swift,Maruti,Swift,7,55000,  Dealer ,Petrol,Manual,21.21 kmpl,1197 CC,81.8 bhp,190Nm@ 2000rpm,5.0,390000
Hyundai i10,Hyundai,i10,10,56000,dealer,  Petrol ,Manual,19.81 kmpl,1086 CC,68.05 bhp,200Nm@ 1750rpm,5.0,225000
Hyundai i20,Hyundai,i20,5,50507,  Dealer ,Petrol,Manual,18.6 kmpl,1197 CC,81.83 bhp,200Nm@ 1750rpm,5.0,650000
Maruti Ertiga,Maruti,Ertiga,7,42000,Dealer,  Diesel ,Manual,20.77 kmpl,1248 CC,88.8 bhp,250Nm@ 1500-2500rpm,7.0,750000
Honda Amaze,Honda,Amaze,5,40000,Individual,diesel,Manual,25.8 kmpl,1498 CC,,190Nm@ 2000rpm,5.0,515000
Jaguar XF,Jaguar,XF,7,19000,Dealer,Diesel,Automatic,16.36 kmpl,2179 CC,187.7 bhp,113Nm@ 4000rpm,5.0,2100000
Hyundai i20,Hyundai,i20,9,42000,DEALER,Diesel,Manual,21.9 kmpl,1396 CC,90.0 bhp,"12.7@ 2,700(kgm@ rpm)",5.0,275000
Volkswagen Vento,Volkswagen,Vento,6,102000,DEALER,Diesel,Automatic,22.15 kmpl,1498 CC,108.6 bhp,91Nm@ 3500rpm,5.0,590000
Maruti Swift Dzire,Maruti,Swift Dzire,7,61500,Dealer,DIESEL,Manual,23.4 kmpl,1248 CC,74.0 bhp,"12.7@ 2,700(kgm@ rpm)",5.0,390000
Hyundai Grand,Hyundai,Grand,6,75000,Dealer,Diesel,Manual,24.0 kmpl,1120 CC,70.0 bhp,170Nm@ 1800-2400rpm,5.0,350000
Maruti Alto,Maruti,Alto,9,19455,Dealer,Petrol,Manual,19.7 kmpl,796 CC,46.3 bhp,200Nm@ 1750rpm,5.0,185000
Mercedes-Benz C-Class,Mercedes-Benz,C-Class,9,65000,Dealer,PETROL,Automatic,11.7 kmpl,1796 CC,178.0 bhp,200Nm@ 1750rpm,5.0,1225000
Hyundai Santro,Hyundai,Santro,3,30650,dealer,CNG,Manual,30.48 km/kg,1086 CC,59.18 bhp,24@ 1900(kgm@ rpm),5.0,480000
Hyundai Grand,Hyundai,Grand,7,49000,dealer,Petrol,Automatic,18.9 kmpl,1197 CC,81.86 bhp,190Nm@ 2000rpm,5.0,475000
Hyundai Grand,Hyundai,Grand,5,42845,Dealer,Petrol,Manual,18.9 kmpl,1197 CC,82.0 bhp,113Nm@ 4000rpm,5.0,438000
Ford Figo,Ford,Figo,9,90000,individual,diesel,Manual,20.0 kmpl,1399 CC,,"12.7@ 2,700(kgm@ rpm)",5.0,150000
Maruti Swift,Maruti,Swift,3,40000,individual,Petrol,Manual,22.0 kmpl,1197 CC,81.8 bhp,190Nm@ 2000rpm,5.0,570000
Volkswagen Vento,Volkswagen,Vento,9,120000,Individual,Diesel,Manual,,1598 CC,103.6 bhp,250Nm@ 1500-2500rpm,5.0,300000
Maruti Celerio,Maruti,Celerio,5,2200,Dealer,Petrol,Automatic,23.1 kmpl,998 CC,67.04 bhp,200Nm@ 1750rpm,5.0,465000
Ford Figo,Ford,Figo,5,49392,Dealer,Petrol,Manual,18.16 kmpl,1196 CC,86.8 bhp,170Nm@ 1800-2400rpm,5.0,575000
Maruti Celerio,Maruti,Celerio,4,50000,Individual,  Petrol ,Automatic,23.1 kmpl,998 CC,67.04 bhp,250Nm@ 1500-2500rpm,5.0,410000
Mahindra Scorpio,Mahindra,Scorpio,3,47000,DEALER,Diesel,Manual,16.36 kmpl,2179 CC,140.0 bhp,"12.7@ 2,700(kgm@ rpm)",7.0,1350000
Hyundai i10,Hyundai,i10,10,55000,DEALER,petrol,Manual,20.36 kmpl,1197 CC,78.9 bhp,113Nm@ 4000rpm,5.0,200000
Ford Endeavour,Ford,Endeavour,5,67000,Dealer,DIESEL,Automatic,11.4 kmpl,2953 CC,153.86 bhp,91Nm@ 3500rpm,7.0,2340000
Honda City,Honda,City,9,65000,Dealer,Petrol,Automatic,16.8 kmpl,1497 CC,118.0 bhp,170Nm@ 1800-2400rpm,5.0,440000
Ford Figo,Ford,Figo,8,125000,Individual,DIESEL,Manual,20.0 kmpl,1399 CC,68.1 bhp,200Nm@ 1750rpm,5.0,350000
Ford Figo,Ford,Figo,9,74000,Dealer,  Diesel ,Manual,,,68.05 bhp,,5.0,185000
Hyundai i20,Hyundai,i20,8,22000,dealer,PETROL,Manual,18.5 kmpl,1197 CC,82.9 bhp,190Nm@ 2000rpm,5.0,375000
Renault Duster,Renault,Duster,8,53000,Individual,Diesel,Manual,19.01 kmpl,1461 CC,108.45 bhp,"12.7@ 2,700(kgm@ rpm)",5.0,650000
Maruti Alto,Maruti,Alto,6,49163,dealer,PETROL,Manual,22.74 kmpl,796 CC,47.3 bhp,170Nm@ 1800-2400rpm,5.0,285000
Maruti Baleno,Maruti,Baleno,2,20000,Individual,Diesel,Manual,27.39 kmpl,1248 CC,74.0 bhp,190Nm@ 2000rpm,5.0,750000
Hyundai Santro,Hyundai,Santro,10,50000,  Individual ,petrol,Manual,17.92 kmpl,1086 CC,62.1 bhp,"12.7@ 2,700(kgm@ rpm)",5.0,170000
Hyundai i20,Hyundai,i20,10,62540,DEALER,Petrol,Manual,18.5 kmpl,1197 CC,80.0 bhp,91Nm@ 3500rpm,5.0,270000
Maruti Swift,Maruti,Swift,9,43000,individual,Petrol,Manual,18.6 kmpl,1197 CC,,91Nm@ 3500rpm,5.0,400000
Datsun RediGO,Datsun,RediGO,5,41000,DEALER,petrol,Manual,22.7 kmpl,799 CC,53.64 bhp,190Nm@ 2000rpm,5.0,215000
Maruti Wagon R,Maruti,Wagon R,6,33000,Dealer,PETROL,Automatic,20.51 kmpl,998 CC,67.04 bhp,200Nm@ 1750rpm,5.0,425000
Skoda Superb,Skoda,Superb,12,98000,  Dealer ,Diesel,Automatic,17.2 kmpl,1968 CC,138.03 bhp,91Nm@ 3500rpm,5.0,350000
Maruti Swift Dzire,Maruti,Swift Dzire,3,12000,Individual,Petrol,Automatic,22.0 kmpl,1197 CC,81.8 bhp,"12.7@ 2,700(kgm@ rpm)",5.0,800000
Mahindra KUV,Mahindra,KUV,5,26000,INDIVIDUAL,Petrol,Manual,18.15 kmpl,1198 CC,82.0 bhp,24@ 1900(kgm@ rpm),6.0,420000
Tata Safari,Tata,Safari,9,77450,Dealer,diesel,Manual,13.93 kmpl,2179 CC,138.03 bhp,200Nm@ 1750rpm,7.0,349000
Mahindra Scorpio,Mahindra,Scorpio,4,59800,Dealer,Diesel,Manual,15.4 kmpl,1997 CC,120.0 bhp,170Nm@ 1800-2400rpm,7.0,850000
Hyundai Grand,Hyundai,Grand,3,35000,Individual,Petrol,Manual,18.9 kmpl,1197 CC,81.86 bhp,"12.7@ 2,700(kgm@ rpm)",5.0,450000
Toyota Innova,Toyota,Innova,8,106000,dealer,  Diesel ,Manual,,2494 CC,100.6 bhp,200Nm@ 1750rpm,8.0,950000
Tata Tiago,Tata,Tiago,2,5000,Individual,Petrol,Automatic,23.84 kmpl,1199 CC,83.83 bhp,170Nm@ 1800-2400rpm,5.0,590000
Mahindra Bolero,Mahindra,Bolero,5,80000,INDIVIDUAL,Diesel,Manual,16.5 kmpl,1493 CC,70.0 bhp,113Nm@ 4000rpm,7.0,700000
Hyundai Santro,Hyundai,Santro,3,6500,Individual,CNG,Manual,30.48 km/kg,,58.0 bhp,,5.0,525000
Mercedes-Benz E-Class,Mercedes-Benz,E-Class,8,140000,Dealer,Diesel,Automatic,14.21 kmpl,2143 CC,203.0 bhp,,5.0,1500000
Maruti Ertiga,Maruti,Ertiga,8,36000,Dealer,Petrol,Manual,16.02 kmpl,1373 CC,93.7 bhp,91Nm@ 3500rpm,7.0,665000
Ford Ecosport,Ford,Ecosport,4,60000,Dealer,Diesel,Manual,21.7 kmpl,1498 CC,98.96 bhp,200Nm@ 1750rpm,5.0,650000
Maruti Swift Dzire,Maruti,Swift Dzire,8,70000,Dealer,Diesel,Manual,23.4 kmpl,1248 CC,74.0 bhp,250Nm@ 1500-2500rpm,5.0,325000
Tata Tigor,Tata,Tigor,2,5000,Individual,petrol,Manual,,1199 CC,83.81 bhp,"12.7@ 2,700(kgm@ rpm)",5.0,740000
Maruti Ertiga,Maruti,Ertiga,4,25000,individual,Petrol,Manual,17.5 kmpl,1373 CC,,113Nm@ 4000rpm,7.0,630000
Audi A4,Audi,A4,9,80000,Dealer,  Diesel ,Automatic,17.11 kmpl,1968 CC,174.33 bhp,113Nm@ 4000rpm,5.0,1100000
Maruti Alto,Maruti,Alto,17,80000,individual,petrol,Manual,19.7 kmpl,796 CC,46.3 bhp,190Nm@ 2000rpm,5.0,80000
Maruti Swift,Maruti,Swift,3,12550,Individual,Petrol,Manual,22.0 kmpl,,81.8 bhp,,5.0,750000
Maruti Alto,Maruti,Alto,4,60000,Individual,PETROL,Manual,24.7 kmpl,796 CC,47.3 bhp,113Nm@ 4000rpm,5.0,250000
Maruti Alto,Maruti,Alto,4,80000,Individual,Petrol,Manual,24.7 kmpl,796 CC,47.3 bhp,91Nm@ 3500rpm,5.0,280000
Honda City,Honda,City,7,35000,individual,Petrol,Manual,17.4 kmpl,1497 CC,117.3 bhp,190Nm@ 2000rpm,5.0,500000
Honda Amaze,Honda,Amaze,5,57000,Dealer,Petrol,Manual,18.0 kmpl,1198 CC,86.7 bhp,200Nm@ 1750rpm,5.0,550000
Skoda Superb,Skoda,Superb,10,54000,DEALER,Petrol,Manual,13.14 kmpl,1798 CC,160.0 bhp,"12.7@ 2,700(kgm@ rpm)",5.0,479000
Maruti Ertiga,Maruti,Ertiga,9,70000,Dealer,Petrol,Manual,16.02 kmpl,1373 CC,93.7 bhp,"12.7@ 2,700(kgm@ rpm)",7.0,425000
Hyundai Creta,Hyundai,Creta,3,22000,Dealer,Petrol,Automatic,14.8 kmpl,1591 CC,121.3 bhp,"12.7@ 2,700(kgm@ rpm)",5.0,1350000
Maruti Wagon R,Maruti,Wagon R,6,15000,INDIVIDUAL,Petrol,Manual,20.51 kmpl,998 CC,67.04 bhp,170Nm@ 1800-2400rpm,5.0,350000
Hyundai Grand,Hyundai,Grand,5,6600,Dealer,petrol,Manual,18.9 kmpl,1197 CC,,190Nm@ 2000rpm,5.0,440000
Ford Ecosport,Ford,Ecosport,7,65554,dealer,Diesel,Manual,22.7 kmpl,1498 CC,89.84 bhp,,5.0,565000
Maruti Alto,Maruti,Alto,2,33000,Dealer,Petrol,Manual,23.95 kmpl,998 CC,67.05 bhp,250Nm@ 1500-2500rpm,5.0,375000
Hyundai Verna,Hyundai,Verna,9,71452,DEALER,DIESEL,Automatic,19.08 kmpl,1582 CC,126.32 bhp,91Nm@ 3500rpm,5.0,495000
Maruti Wagon R,Maruti,Wagon R,12,50000,INDIVIDUAL,lpg,Manual,17.3 km/kg,1061 CC,57.5 bhp,200Nm@ 1750rpm,5.0,145000
Hyundai Santro,Hyundai,Santro,2,18000,Individual,Petrol,Manual,20.3 kmpl,1086 CC,68.0 bhp,24@ 1900(kgm@ rpm),5.0,450000
Ford Figo,Ford,Figo,6,68140,Dealer,Petrol,Manual,15.6 kmpl,1196 CC,70.0 bhp,,5.0,355000
Honda Amaze,Honda,Amaze,3,17716,  Dealer ,DIESEL,Automatic,23.8 kmpl,1498 CC,78.9 bhp,"12.7@ 2,700(kgm@ rpm)",5.0,880000
Hyundai Grand,Hyundai,Grand,3,54000,Individual,Diesel,Manual,24.0 kmpl,1186 CC,73.97 bhp,190Nm@ 2000rpm,5.0,430000
Toyota Fortuner,Toyota,Fortuner,8,65000,DEALER,Diesel,Manual,13.0 kmpl,2982 CC,168.5 bhp,"12.7@ 2,700(kgm@ rpm)",7.0,1300000
Maruti Wagon R,Maruti,Wagon R,12,87000,dealer,Petrol,Manual,18.9 kmpl,998 CC,67.1 bhp,170Nm@ 1800-2400rpm,5.0,200000
Maruti Wagon R,Maruti,Wagon R,3,57000,Dealer,  CNG ,Manual,32.52 km/kg,998 CC,58.33 bhp,200Nm@ 1750rpm,5.0,435000
Honda Jazz,Honda,Jazz,5,17012,Dealer,petrol,Automatic,19.0 kmpl,1199 CC,88.7 bhp,200Nm@ 1750rpm,5.0,540000
Maruti Swift Dzire,Maruti,Swift Dzire,6,94000,Dealer,diesel,Manual,,1248 CC,73.9 bhp,,5.0,650000
Maruti Wagon R,Maruti,Wagon R,2,8401,DEALER,Petrol,Automatic,21.79 kmpl,998 CC,,113Nm@ 4000rpm,5.0,545000
Maruti Alto,Maruti,Alto,7,60000,Individual,petrol,Manual,22.74 kmpl,796 CC,47.3 bhp,"12.7@ 2,700(kgm@ rpm)",5.0,200000
Maruti Wagon R,Maruti,Wagon R,5,29000,Dealer,petrol,Manual,20.51 kmpl,998 CC,67.04 bhp,170Nm@ 1800-2400rpm,5.0,365000
Hyundai i20,Hyundai,i20,2,8405,Dealer,Petrol,Manual,,1197 CC,,,5.0,590000
Hyundai i20,Hyundai,i20,6,25000,Individual,Petrol,Manual,18.6 kmpl,1197 CC,81.83 bhp,91Nm@ 3500rpm,5.0,475000
Skoda Rapid,Skoda,Rapid,6,35000,Individual,Petrol,Automatic,14.3 kmpl,1598 CC,103.52 bhp,190Nm@ 2000rpm,5.0,650000
Renault KWID,Renault,KWID,2,11000,Dealer,PETROL,Manual,23.01 kmpl,999 CC,67.0 bhp,190Nm@ 2000rpm,5.0,450000
Ford Ecosport,Ford,Ecosport,4,43000,DEALER,  Petrol ,Automatic,14.8 kmpl,1497 CC,121.36 bhp,170Nm@ 1800-2400rpm,5.0,795000
Renault KWID,Renault,KWID,3,11051,  Dealer ,Petrol,Manual,23.01 kmpl,,67.0 bhp,,5.0,365000
Maruti Swift,Maruti,Swift,3,36000,Dealer,DIESEL,Manual,28.4 kmpl,1248 CC,,"12.7@ 2,700(kgm@ rpm)",5.0,625000
Hyundai Elantra,Hyundai,Elantra,2,10000,INDIVIDUAL,Petrol,Automatic,14.62 kmpl,1999 CC,149.92 bhp,190Nm@ 2000rpm,5.0,1890000
Maruti Alto,Maruti,Alto,12,26097,  Dealer ,Petrol,Manual,19.7 kmpl,796 CC,46.3 bhp,91Nm@ 3500rpm,5.0,175000
Maruti Ertiga,Maruti,Ertiga,4,62000,DEALER,DIESEL,Manual,24.52 kmpl,1248 CC,88.5 bhp,190Nm@ 2000rpm,7.0,795000
MG Hector,MG,Hector,2,35803,Dealer,Diesel,Manual,17.41 kmpl,1956 CC,167.68 bhp,24@ 1900(kgm@ rpm),5.0,2075000
Mercedes-Benz E-Class,Mercedes-Benz,E-Class,6,57000,  Dealer ,DIESEL,Automatic,13.0 kmpl,2143 CC,201.1 bhp,190Nm@ 2000rpm,5.0,2850000
Maruti Swift Dzire,Maruti,Swift Dzire,4,33800,individual,Diesel,Manual,28.4 kmpl,1248 CC,74.02 bhp,24@ 1900(kgm@ rpm),5.0,580000
Maruti Wagon R,Maruti,Wagon R,7,25932,Dealer,Petrol,Manual,21.79 kmpl,998 CC,67.05 bhp,250Nm@ 1500-2500rpm,5.0,382000
Maruti Celerio,Maruti,Celerio,6,49955,dealer,PETROL,Manual,21.63 kmpl,998 CC,67.04 bhp,91Nm@ 3500rpm,5.0,400000
Datsun GO,Datsun,GO,7,35000,Individual,  Petrol ,Manual,20.63 kmpl,1198 CC,67.0 bhp,113Nm@ 4000rpm,5.0,190000
Maruti Swift Dzire,Maruti,Swift Dzire,4,31000,Dealer,Petrol,Manual,20.85 kmpl,1197 CC,83.14 bhp,170Nm@ 1800-2400rpm,5.0,650000
Hyundai Grand,Hyundai,Grand,4,60000,  Dealer ,Petrol,Manual,18.9 kmpl,1197 CC,81.86 bhp,200Nm@ 1750rpm,5.0,450000
Maruti Wagon R,Maruti,Wagon R,3,40000,individual,Petrol,Automatic,20.51 kmpl,998 CC,67.0 bhp,24@ 1900(kgm@ rpm),5.0,400000
Maruti Swift Dzire,Maruti,Swift Dzire,3,36725,Dealer,petrol,Automatic,21.21 kmpl,1197 CC,81.8 bhp,190Nm@ 2000rpm,5.0,725000
Hyundai Santro,Hyundai,Santro,3,5000,Individual,Petrol,Manual,20.3 kmpl,1086 CC,68.0 bhp,113Nm@ 4000rpm,5.0,500000
Hyundai i10,Hyundai,i10,12,59740,Dealer,PETROL,Manual,20.36 kmpl,1197 CC,78.9 bhp,113Nm@ 4000rpm,5.0,230000
Volkswagen Polo,Volkswagen,Polo,7,35000,  Individual ,  Petrol ,Manual,16.47 kmpl,1198 CC,74.0 bhp,200Nm@ 1750rpm,5.0,530000
Honda WR-V,Honda,WR-V,4,86300,Dealer,Diesel,Manual,,1498 CC,98.6 bhp,24@ 1900(kgm@ rpm),5.0,800000
Toyota Innova,Toyota,Innova,6,35000,INDIVIDUAL,Diesel,Manual,,2494 CC,100.6 bhp,113Nm@ 4000rpm,7.0,990000
Honda City,Honda,City,8,47000,Dealer,Petrol,Manual,16.8 kmpl,1497 CC,116.3 bhp,200Nm@ 1750rpm,5.0,400000
Maruti Wagon R,Maruti,Wagon R,4,28500,Dealer,PETROL,Automatic,20.51 kmpl,998 CC,67.0 bhp,113Nm@ 4000rpm,5.0,525000
Hyundai i10,Hyundai,i10,9,80000,Individual,  Petrol ,Manual,19.81 kmpl,1086 CC,68.05 bhp,170Nm@ 1800-2400rpm,5.0,210000
Hyundai Grand,Hyundai,Grand,7,73000,DEALER,DIESEL,Manual,24.0 kmpl,1120 CC,70.0 bhp,250Nm@ 1500-2500rpm,5.0,335000
Maruti Eeco,Maruti,Eeco,4,27000,DEALER,Petrol,Manual,15.37 kmpl,1196 CC,73.0 bhp,,5.0,410000
Maruti Wagon R,Maruti,Wagon R,17,50000,Individual,Petrol,Manual,18.9 kmpl,998 CC,67.1 bhp,200Nm@ 1750rpm,5.0,80000
Maruti Eeco,Maruti,Eeco,4,33304,Dealer,CNG,Manual,21.94 km/kg,1196 CC,61.7 bhp,200Nm@ 1750rpm,5.0,331000
Maruti Swift,Maruti,Swift,9,106600,INDIVIDUAL,Petrol,Manual,18.6 kmpl,1197 CC,85.8 bhp,"12.7@ 2,700(kgm@ rpm)",5.0,300000
Mahindra Bolero,Mahindra,Bolero,9,200000,Individual,Diesel,Manual,13.6 kmpl,2523 CC,63.0 bhp,113Nm@ 4000rpm,8.0,400000
Maruti Wagon R,Maruti,Wagon R,3,50000,Individual,Petrol,Manual,,,67.04 bhp,,5.0,400000
Skoda Superb,Skoda,Superb,11,74000,dealer,petrol,Automatic,13.7 kmpl,1798 CC,157.75 bhp,91Nm@ 3500rpm,5.0,365000
Honda City,Honda,City,4,28000,Dealer,PETROL,Manual,17.4 kmpl,1497 CC,117.3 bhp,200Nm@ 1750rpm,5.0,880000
Maruti Celerio,Maruti,Celerio,2,35000,Dealer,Petrol,Automatic,23.1 kmpl,998 CC,67.04 bhp,"12.7@ 2,700(kgm@ rpm)",5.0,480000
Maruti Ertiga,Maruti,Ertiga,4,45000,DEALER,CNG,Manual,26.08 km/kg,1462 CC,91.19 bhp,113Nm@ 4000rpm,7.0,775000
Hyundai Verna,Hyundai,Verna,13,120000,Individual,diesel,Manual,16.8 kmpl,1493 CC,110.0 bhp,113Nm@ 4000rpm,5.0,215000
Volkswagen Polo,Volkswagen,Polo,6,23569,Dealer,Petrol,Manual,16.2 kmpl,1199 CC,74.0 bhp,200Nm@ 1750rpm,5.0,425000
Hyundai i20,Hyundai,i20,8,37000,DEALER,  Petrol ,Manual,18.5 kmpl,1197 CC,82.9 bhp,91Nm@ 3500rpm,5.0,395000
Renault KWID,Renault,KWID,4,35000,Individual,Petrol,Automatic,24.04 kmpl,999 CC,67.0 bhp,190Nm@ 2000rpm,5.0,350000
Toyota Fortuner,Toyota,Fortuner,8,60000,  Individual ,diesel,Automatic,11.5 kmpl,2982 CC,169.0 bhp,24@ 1900(kgm@ rpm),7.0,1300000
Hyundai i20,Hyundai,i20,7,80000,Individual,Diesel,Manual,21.9 kmpl,1396 CC,88.76 bhp,24@ 1900(kgm@ rpm),5.0,350000
Maruti Vitara,Maruti,Vitara,4,72312,Dealer,Diesel,Manual,24.3 kmpl,1248 CC,88.5 bhp,91Nm@ 3500rpm,5.0,930000
Hyundai i20,Hyundai,i20,6,42000,DEALER,PETROL,Manual,18.5 kmpl,1197 CC,80.0 bhp,"12.7@ 2,700(kgm@ rpm)",5.0,490000
Maruti Swift,Maruti,Swift,9,79000,Dealer,Diesel,Manual,28.4 kmpl,1248 CC,74.0 bhp,250Nm@ 1500-2500rpm,5.0,425000
Honda Civic,Honda,Civic,15,120000,Individual,Petrol,Automatic,12.9 kmpl,1799 CC,130.0 bhp,170Nm@ 1800-2400rpm,5.0,150000
Maruti Vitara,Maruti,Vitara,3,25000,Dealer,Diesel,Manual,24.3 kmpl,1248 CC,88.5 bhp,200Nm@ 1750rpm,5.0,885000
Hyundai i20,Hyundai,i20,3,43000,dealer,Petrol,Manual,18.6 kmpl,1197 CC,81.83 bhp,200Nm@ 1750rpm,5.0,595000
Maruti Ciaz,Maruti,Ciaz,5,45000,  Dealer ,Petrol,Manual,20.73 kmpl,1373 CC,91.1 bhp,24@ 1900(kgm@ rpm),5.0,725000
Hyundai i20,Hyundai,i20,6,120000,individual,DIESEL,Manual,22.54 kmpl,1396 CC,88.73 bhp,113Nm@ 4000rpm,5.0,650000
Mahindra XUV500,Mahindra,XUV500,4,119000,INDIVIDUAL,DIESEL,Manual,16.0 kmpl,2179 CC,140.0 bhp,91Nm@ 3500rpm,7.0,950000
Maruti Swift Dzire,Maruti,Swift Dzire,5,120000,INDIVIDUAL,diesel,Manual,26.59 kmpl,1248 CC,74.0 bhp,113Nm@ 4000rpm,5.0,500000
Hyundai Santro,Hyundai,Santro,2,10000,INDIVIDUAL,PETROL,Manual,20.3 kmpl,1086 CC,68.0 bhp,170Nm@ 1800-2400rpm,5.0,450000
Maruti Swift,Maruti,Swift,7,58000,Dealer,Petrol,Manual,18.6 kmpl,1197 CC,85.8 bhp,"12.7@ 2,700(kgm@ rpm)",5.0,370000
Hyundai i10,Hyundai,i10,10,105000,Individual,Petrol,Manual,20.36 kmpl,1197 CC,78.9 bhp,250Nm@ 1500-2500rpm,5.0,165000
Ford Ecosport,Ford,Ecosport,6,32000,Dealer,Diesel,Manual,22.77 kmpl,1498 CC,98.59 bhp,,5.0,575000
Honda Civic,Honda,Civic,13,90000,individual,petrol,Manual,13.5 kmpl,1799 CC,130.0 bhp,24@ 1900(kgm@ rpm),5.0,235000
Hyundai Grand,Hyundai,Grand,7,56494,dealer,  Diesel ,Manual,24.0 kmpl,1120 CC,70.0 bhp,"12.7@ 2,700(kgm@ rpm)",5.0,390000
Hyundai Verna,Hyundai,Verna,3,28000,individual,Diesel,Automatic,22.0 kmpl,1582 CC,126.2 bhp,200Nm@ 1750rpm,5.0,1300000
Jaguar XF,Jaguar,XF,2,14000,Dealer,diesel,Automatic,19.33 kmpl,1999 CC,177.0 bhp,91Nm@ 3500rpm,5.0,4550000
Maruti Wagon R,Maruti,Wagon R,14,35986,  Dealer ,Petrol,Manual,18.9 kmpl,998 CC,67.1 bhp,24@ 1900(kgm@ rpm),5.0,150000
Maruti Swift Dzire,Maruti,Swift Dzire,3,70000,INDIVIDUAL,Diesel,Automatic,,1248 CC,74.02 bhp,,5.0,725000
Hyundai Grand,Hyundai,Grand,5,50000,Individual,PETROL,Manual,18.9 kmpl,1197 CC,82.0 bhp,200Nm@ 1750rpm,5.0,465000
Mahindra Scorpio,Mahindra,Scorpio,8,140000,Individual,Diesel,Manual,12.05 kmpl,2179 CC,120.0 bhp,91Nm@ 3500rpm,8.0,530000
Maruti Swift,Maruti,Swift,7,54000,Individual,PETROL,Manual,18.6 kmpl,1197 CC,85.8 bhp,"12.7@ 2,700(kgm@ rpm)",5.0,411000
Maruti Alto,Maruti,Alto,8,25000,Individual,  CNG ,Manual,30.46 km/kg,796 CC,47.3 bhp,250Nm@ 1500-2500rpm,5.0,220000
Mercedes-Benz E-Class,Mercedes-Benz,E-Class,4,26000,Dealer,Petrol,Automatic,12.0 kmpl,1991 CC,184.0 bhp,24@ 1900(kgm@ rpm),5.0,4150000
Toyota Camry,Toyota,Camry,6,64500,Dealer,Petrol,Automatic,19.16 kmpl,2494 CC,157.7 bhp,24@ 1900(kgm@ rpm),5.0,1699000
Mercedes-Benz C-Class,Mercedes-Benz,C-Class,6,26000,Dealer,DIESEL,Automatic,19.27 kmpl,2143 CC,170.0 bhp,24@ 1900(kgm@ rpm),5.0,1450000
Honda City,Honda,City,6,31180,DEALER,Petrol,Automatic,18.0 kmpl,1497 CC,117.3 bhp,91Nm@ 3500rpm,5.0,700000
Hyundai i20,Hyundai,i20,7,43000,DEALER,Petrol,Manual,18.6 kmpl,1197 CC,81.83 bhp,200Nm@ 1750rpm,5.0,450000
Ford Figo,Ford,Figo,5,61706,  Dealer ,DIESEL,Manual,25.83 kmpl,1498 CC,99.0 bhp,170Nm@ 1800-2400rpm,5.0,595000
Kia Seltos,Kia,Seltos,1,8000,Dealer,Petrol,Manual,16.8 kmpl,1497 CC,113.4 bhp,24@ 1900(kgm@ rpm),5.0,1290000
Maruti Wagon R,Maruti,Wagon R,12,70000,Individual,Petrol,Manual,,1061 CC,67.0 bhp,200Nm@ 1750rpm,5.0,134000
Maruti Swift Dzire,Maruti,Swift Dzire,3,24381,dealer,Petrol,Automatic,18.5 kmpl,1197 CC,83.14 bhp,91Nm@ 3500rpm,5.0,725000
Honda City,Honda,City,6,75000,Individual,Diesel,Manual,26.0 kmpl,1498 CC,98.6 bhp,113Nm@ 4000rpm,5.0,550000
Honda Jazz,Honda,Jazz,4,26000,  Individual ,Petrol,Automatic,19.0 kmpl,1199 CC,88.7 bhp,91Nm@ 3500rpm,5.0,675000
Land Rover Rover,Land Rover,Rover,2,12000,dealer,Diesel,Automatic,12.63 kmpl,2179 CC,147.5 bhp,91Nm@ 3500rpm,5.0,4000000
BMW Z4,BMW,Z4,5,17000,DEALER,Petrol,Automatic,10.37 kmpl,2979 CC,301.72 bhp,"12.7@ 2,700(kgm@ rpm)",2.0,4800000
Mahindra KUV100,Mahindra,KUV100,4,15000,Dealer,Diesel,Manual,25.32 kmpl,1198 CC,77.0 bhp,91Nm@ 3500rpm,5.0,570000
Volkswagen Polo,Volkswagen,Polo,7,68000,Dealer,Diesel,Manual,20.14 kmpl,1498 CC,88.8 bhp,250Nm@ 1500-2500rpm,5.0,450000
Ford Ecosport,Ford,Ecosport,5,100000,Individual,DIESEL,Manual,22.77 kmpl,1498 CC,98.59 bhp,170Nm@ 1800-2400rpm,5.0,600000
Maruti Eeco,Maruti,Eeco,2,15000,Individual,petrol,Manual,15.37 kmpl,1196 CC,,"12.7@ 2,700(kgm@ rpm)",5.0,322000
Maruti Swift Dzire,Maruti,Swift Dzire,4,70000,individual,Diesel,Manual,26.59 kmpl,1248 CC,74.0 bhp,190Nm@ 2000rpm,5.0,560000
Maruti Swift,Maruti,Swift,3,18000,Dealer,Petrol,Manual,22.0 kmpl,1197 CC,81.8 bhp,200Nm@ 1750rpm,5.0,570000
Maruti Swift Dzire,Maruti,Swift Dzire,3,18000,Dealer,diesel,Automatic,28.4 kmpl,1248 CC,74.02 bhp,200Nm@ 1750rpm,5.0,775000
Maruti Swift Dzire,Maruti,Swift Dzire,6,32900,Dealer,Petrol,Manual,20.85 kmpl,1197 CC,,250Nm@ 1500-2500rpm,5.0,560000
Maruti Wagon R,Maruti,Wagon R,3,30000,Individual,Petrol,Manual,20.51 kmpl,998 CC,67.04 bhp,"12.7@ 2,700(kgm@ rpm)",5.0,440000
Hyundai i20,Hyundai,i20,10,160000,Individual,  Diesel ,Manual,21.9 kmpl,1396 CC,90.0 bhp,"12.7@ 2,700(kgm@ rpm)",5.0,270000
Honda City,Honda,City,5,129000,Dealer,petrol,Manual,17.8 kmpl,1497 CC,117.3 bhp,200Nm@ 1750rpm,5.0,725000
Tata Tiago,Tata,Tiago,3,70000,INDIVIDUAL,Diesel,Manual,27.28 kmpl,1047 CC,69.0 bhp,113Nm@ 4000rpm,5.0,410000
Ford Endeavour,Ford,Endeavour,4,43000,Dealer,Diesel,Automatic,10.91 kmpl,3198 CC,197.0 bhp,24@ 1900(kgm@ rpm),,2875000
Maruti Swift,Maruti,Swift,10,150000,Individual,DIESEL,Manual,17.8 kmpl,1248 CC,75.0 bhp,"12.7@ 2,700(kgm@ rpm)",5.0,200000
Toyota Innova,Toyota,Innova,6,51000,Dealer,Diesel,Manual,12.99 kmpl,2494 CC,100.6 bhp,"12.7@ 2,700(kgm@ rpm)",7.0,1090000
Maruti Eeco,Maruti,Eeco,7,53000,Individual,CNG,Manual,21.94 km/kg,1196 CC,,113Nm@ 4000rpm,5.0,395000
Hyundai Grand,Hyundai,Grand,3,20000,Individual,  Petrol ,Manual,18.9 kmpl,1197 CC,81.86 bhp,91Nm@ 3500rpm,5.0,520000
Renault Duster,Renault,Duster,8,70931,Dealer,Diesel,Manual,19.01 kmpl,1461 CC,108.45 bhp,250Nm@ 1500-2500rpm,5.0,425000
Hyundai i20,Hyundai,i20,3,13000,Dealer,Diesel,Manual,22.54 kmpl,1396 CC,,190Nm@ 2000rpm,5.0,875000
Maruti Baleno,Maruti,Baleno,5,52000,  Dealer ,  Petrol ,Manual,21.01 kmpl,1197 CC,81.8 bhp,113Nm@ 4000rpm,5.0,575000
Hyundai i10,Hyundai,i10,8,60000,Individual,Petrol,Manual,20.36 kmpl,1197 CC,78.9 bhp,200Nm@ 1750rpm,5.0,230000
Honda City,Honda,City,6,41000,Dealer,Petrol,Manual,17.0 kmpl,1497 CC,118.0 bhp,200Nm@ 1750rpm,5.0,650000
Hyundai Verna,Hyundai,Verna,8,70000,Individual,Diesel,Manual,22.32 kmpl,1582 CC,126.3 bhp,190Nm@ 2000rpm,5.0,700000
Mahindra XUV300,Mahindra,XUV300,2,30000,  Individual ,Petrol,Manual,17.0 kmpl,1197 CC,108.6 bhp,113Nm@ 4000rpm,5.0,900000
Kia Seltos,Kia,Seltos,2,12120,INDIVIDUAL,PETROL,Manual,,1497 CC,113.4 bhp,113Nm@ 4000rpm,5.0,1080000
BMW 3,BMW,3,5,13900,  Dealer ,Diesel,Automatic,22.69 kmpl,1995 CC,190.0 bhp,200Nm@ 1750rpm,5.0,2300000
Hyundai i20,Hyundai,i20,6,69482,dealer,Petrol,Manual,18.6 kmpl,1197 CC,81.83 bhp,91Nm@ 3500rpm,5.0,565000
Hyundai Creta,Hyundai,Creta,3,60000,Individual,Diesel,Manual,22.1 kmpl,1396 CC,88.7 bhp,190Nm@ 2000rpm,,875000
Volkswagen Vento,Volkswagen,Vento,4,23000,Dealer,petrol,Automatic,18.19 kmpl,1197 CC,103.2 bhp,91Nm@ 3500rpm,5.0,840000
Maruti Swift,Maruti,Swift,3,25000,individual,Petrol,Automatic,22.0 kmpl,1197 CC,81.8 bhp,250Nm@ 1500-2500rpm,5.0,590000
BMW 7,BMW,7,4,26000,  Dealer ,Diesel,Automatic,,2993 CC,261.49 bhp,170Nm@ 1800-2400rpm,4.0,6600000
Hyundai Venue,Hyundai,Venue,2,15000,Individual,Petrol,Manual,18.27 kmpl,998 CC,118.35 bhp,200Nm@ 1750rpm,5.0,958000
Hyundai Verna,Hyundai,Verna,3,16443,Dealer,Petrol,Manual,19.1 kmpl,1368 CC,98.6 bhp,91Nm@ 3500rpm,5.0,770000
Maruti Swift,Maruti,Swift,3,77600,DEALER,diesel,Automatic,28.4 kmpl,1248 CC,74.0 bhp,24@ 1900(kgm@ rpm),5.0,695000
Toyota Innova,Toyota,Innova,11,195000,Individual,Diesel,Manual,12.8 kmpl,2494 CC,102.0 bhp,200Nm@ 1750rpm,8.0,480000
Maruti Swift,Maruti,Swift,6,75000,Dealer,Diesel,Manual,25.2 kmpl,1248 CC,74.0 bhp,190Nm@ 2000rpm,5.0,400000
BMW X1,BMW,X1,9,70000,Dealer,  Diesel ,Automatic,17.05 kmpl,1995 CC,184.0 bhp,170Nm@ 1800-2400rpm,5.0,1350000
Maruti XL6,Maruti,XL6,1,23000,Dealer,Petrol,Manual,19.01 kmpl,1462 CC,103.2 bhp,"12.7@ 2,700(kgm@ rpm)",6.0,1045000
Maruti Eeco,Maruti,Eeco,9,65000,Dealer,PETROL,Manual,,1196 CC,73.0 bhp,113Nm@ 4000rpm,5.0,175000
Ford Ecosport,Ford,Ecosport,8,47000,Dealer,diesel,Manual,22.7 kmpl,,89.84 bhp,,5.0,460000
Maruti Celerio,Maruti,Celerio,7,35000,Individual,Petrol,Manual,,998 CC,67.04 bhp,24@ 1900(kgm@ rpm),5.0,350000
Toyota Camry,Toyota,Camry,6,64000,dealer,Electric,Automatic,19.16 kmpl,2494 CC,157.7 bhp,91Nm@ 3500rpm,5.0,1699000
Honda City,Honda,City,3,40000,Dealer,Diesel,Manual,25.6 kmpl,1498 CC,97.9 bhp,"12.7@ 2,700(kgm@ rpm)",5.0,940000
Renault KWID,Renault,KWID,6,74675,Dealer,Petrol,Manual,25.17 kmpl,799 CC,53.3 bhp,"12.7@ 2,700(kgm@ rpm)",5.0,284000
Maruti Swift,Maruti,Swift,5,70000,Dealer,Petrol,Manual,22.0 kmpl,1197 CC,81.8 bhp,91Nm@ 3500rpm,5.0,525000
Maruti Swift Dzire,Maruti,Swift Dzire,5,30000,Individual,Petrol,Manual,17.5 kmpl,1298 CC,85.8 bhp,190Nm@ 2000rpm,5.0,600000
Maruti Wagon R,Maruti,Wagon R,11,48300,  Individual ,Petrol,Manual,18.9 kmpl,998 CC,67.1 bhp,"12.7@ 2,700(kgm@ rpm)",5.0,240000
Hyundai Creta,Hyundai,Creta,3,40000,Individual,Diesel,Manual,21.38 kmpl,1396 CC,88.7 bhp,170Nm@ 1800-2400rpm,5.0,915000
Honda City,Honda,City,4,33000,Dealer,Petrol,Manual,17.8 kmpl,1498 CC,119.35 bhp,91Nm@ 3500rpm,5.0,790000
Maruti Baleno,Maruti,Baleno,3,17000,Dealer,Petrol,Manual,21.4 kmpl,1197 CC,83.1 bhp,"12.7@ 2,700(kgm@ rpm)",5.0,625000
Honda Amaze,Honda,Amaze,2,4387,dealer,Petrol,Manual,17.8 kmpl,1198 CC,86.7 bhp,190Nm@ 2000rpm,,685000
Mercedes-Benz C-Class,Mercedes-Benz,C-Class,10,59000,Dealer,DIESEL,Automatic,14.94 kmpl,2143 CC,204.0 bhp,190Nm@ 2000rpm,5.0,925000
Toyota Innova,Toyota,Innova,7,79000,  Dealer ,Diesel,Manual,,2494 CC,100.6 bhp,24@ 1900(kgm@ rpm),7.0,1140000
Ford Ecosport,Ford,Ecosport,6,61087,Dealer,Petrol,Automatic,15.63 kmpl,1499 CC,110.4 bhp,"12.7@ 2,700(kgm@ rpm)",5.0,785000
Maruti Swift,Maruti,Swift,10,120000,Individual,Diesel,Manual,22.9 kmpl,1248 CC,74.0 bhp,"12.7@ 2,700(kgm@ rpm)",,250000
Toyota Innova,Toyota,Innova,13,142000,Dealer,  Diesel ,Manual,12.8 kmpl,2494 CC,102.0 bhp,170Nm@ 1800-2400rpm,8.0,490000
Hyundai i20,Hyundai,i20,2,30000,Individual,Petrol,Manual,18.6 kmpl,1197 CC,81.86 bhp,190Nm@ 2000rpm,,590000
Mercedes-Benz GL-Class,Mercedes-Benz,GL-Class,6,115000,dealer,Diesel,Automatic,11.3 kmpl,2987 CC,254.8 bhp,24@ 1900(kgm@ rpm),7.0,3700000
Maruti Swift Dzire,Maruti,Swift Dzire,6,68082,Dealer,diesel,Manual,23.4 kmpl,1248 CC,74.0 bhp,200Nm@ 1750rpm,5.0,465000
Toyota Innova,Toyota,Innova,8,82326,DEALER,Diesel,Manual,12.99 kmpl,2494 CC,100.6 bhp,200Nm@ 1750rpm,7.0,875000
BMW 5,BMW,5,10,89000,INDIVIDUAL,DIESEL,Automatic,16.2 kmpl,2993 CC,258.0 bhp,113Nm@ 4000rpm,5.0,2000000
Honda Amaze,Honda,Amaze,3,25000,Individual,Petrol,Manual,19.5 kmpl,1199 CC,88.76 bhp,113Nm@ 4000rpm,5.0,630000
Renault KWID,Renault,KWID,5,22000,  Individual ,PETROL,Manual,25.17 kmpl,799 CC,53.3 bhp,91Nm@ 3500rpm,5.0,300000
Renault Duster,Renault,Duster,8,39000,Dealer,Diesel,Manual,19.01 kmpl,1461 CC,108.45 bhp,190Nm@ 2000rpm,5.0,450000
Maruti Swift Dzire,Maruti,Swift Dzire,8,73000,Dealer,Diesel,Manual,23.4 kmpl,1248 CC,74.0 bhp,200Nm@ 1750rpm,5.0,580000
Toyota Innova,Toyota,Innova,8,126000,Individual,  Diesel ,Manual,12.99 kmpl,2494 CC,100.0 bhp,91Nm@ 3500rpm,8.0,800000
Maruti Vitara,Maruti,Vitara,4,90000,  Individual ,Diesel,Manual,24.3 kmpl,1248 CC,88.5 bhp,91Nm@ 3500rpm,5.0,750000
Mahindra Bolero,Mahindra,Bolero,6,69666,Dealer,Diesel,Manual,16.5 kmpl,1493 CC,70.0 bhp,113Nm@ 4000rpm,7.0,625000
Honda WR-V,Honda,WR-V,3,40000,individual,PETROL,Manual,17.5 kmpl,1199 CC,88.7 bhp,190Nm@ 2000rpm,5.0,700000
Honda City,Honda,City,5,93877,  Individual ,Petrol,Manual,17.8 kmpl,1497 CC,117.3 bhp,190Nm@ 2000rpm,5.0,800000
Honda City,Honda,City,11,57000,Dealer,Petrol,Automatic,15.6 kmpl,1497 CC,116.3 bhp,"12.7@ 2,700(kgm@ rpm)",5.0,350000
Maruti Swift Dzire,Maruti,Swift Dzire,5,52490,  Dealer ,Petrol,Manual,19.0 kmpl,1197 CC,85.8 bhp,91Nm@ 3500rpm,5.0,465000
Maruti Ertiga,Maruti,Ertiga,7,34200,Individual,Petrol,Manual,16.02 kmpl,1373 CC,,91Nm@ 3500rpm,7.0,575000
Mahindra XUV500,Mahindra,XUV500,8,91000,Dealer,  Diesel ,Manual,16.0 kmpl,2179 CC,140.0 bhp,,7.0,550000
Hyundai i20,Hyundai,i20,7,64000,DEALER,  Diesel ,Manual,22.54 kmpl,1396 CC,88.73 bhp,91Nm@ 3500rpm,5.0,425000
Maruti Alto,Maruti,Alto,11,53503,Dealer,  Petrol ,Manual,19.7 kmpl,796 CC,46.3 bhp,24@ 1900(kgm@ rpm),,175000
Ford Ecosport,Ford,Ecosport,6,58000,Dealer,diesel,Manual,22.7 kmpl,1498 CC,89.84 bhp,250Nm@ 1500-2500rpm,5.0,525000
Toyota Innova,Toyota,Innova,11,191876,Dealer,Diesel,Manual,12.8 kmpl,2494 CC,102.0 bhp,113Nm@ 4000rpm,8.0,670000
Renault Duster,Renault,Duster,7,34000,Dealer,Diesel,Manual,19.87 kmpl,1461 CC,83.8 bhp,190Nm@ 2000rpm,,475000
Honda Civic,Honda,Civic,12,23000,dealer,Petrol,Manual,14.8 kmpl,1799 CC,130.2 bhp,250Nm@ 1500-2500rpm,5.0,295000
Volkswagen Polo,Volkswagen,Polo,11,70000,individual,Diesel,Manual,19.7 kmpl,1598 CC,103.6 bhp,91Nm@ 3500rpm,5.0,235000
Hyundai i20,Hyundai,i20,6,64000,individual,Diesel,Manual,22.54 kmpl,1396 CC,88.73 bhp,24@ 1900(kgm@ rpm),5.0,620000
Maruti Ciaz,Maruti,Ciaz,6,49570,DEALER,Diesel,Manual,26.21 kmpl,1248 CC,88.5 bhp,200Nm@ 1750rpm,5.0,600000
Volkswagen Polo,Volkswagen,Polo,8,83703,Dealer,diesel,Manual,22.07 kmpl,1199 CC,73.9 bhp,190Nm@ 2000rpm,5.0,236000
Ford Ecosport,Ford,Ecosport,4,55000,Dealer,Diesel,Manual,23.0 kmpl,1498 CC,98.96 bhp,24@ 1900(kgm@ rpm),5.0,685000
Land Rover Rover,Land Rover,Rover,3,25000,Individual,Petrol,Automatic,,2995 CC,,200Nm@ 1750rpm,7.0,6200000
Honda Amaze,Honda,Amaze,5,51000,Dealer,Petrol,Automatic,19.0 kmpl,1199 CC,88.76 bhp,113Nm@ 4000rpm,5.0,575000
Honda City,Honda,City,4,35000,Individual,Petrol,Manual,,1497 CC,117.3 bhp,113Nm@ 4000rpm,5.0,750000
Renault KWID,Renault,KWID,5,35000,  Individual ,PETROL,Manual,25.17 kmpl,799 CC,53.3 bhp,24@ 1900(kgm@ rpm),5.0,250000
Maruti Swift,Maruti,Swift,10,30000,individual,Petrol,Manual,16.1 kmpl,1197 CC,85.0 bhp,250Nm@ 1500-2500rpm,5.0,350000
Honda City,Honda,City,4,70000,DEALER,diesel,Manual,26.0 kmpl,1498 CC,98.6 bhp,190Nm@ 2000rpm,5.0,825000
Tata Safari,Tata,Safari,14,80000,Individual,Petrol,Manual,12.0 kmpl,2092 CC,127.0 bhp,170Nm@ 1800-2400rpm,7.0,70000
Audi A4,Audi,A4,9,68370,Dealer,DIESEL,Automatic,17.11 kmpl,1968 CC,174.33 bhp,190Nm@ 2000rpm,5.0,1345000
Maruti Swift Dzire,Maruti,Swift Dzire,4,50948,Dealer,Diesel,Automatic,26.59 kmpl,1248 CC,74.0 bhp,190Nm@ 2000rpm,5.0,680000
Hyundai Verna,Hyundai,Verna,3,30000,dealer,Petrol,Manual,17.0 kmpl,1591 CC,121.3 bhp,250Nm@ 1500-2500rpm,5.0,915000
Hyundai Verna,Hyundai,Verna,3,5500,dealer,PETROL,Manual,17.0 kmpl,1591 CC,121.3 bhp,170Nm@ 1800-2400rpm,5.0,1045000
Maruti Alto,Maruti,Alto,18,120000,Individual,Petrol,Manual,19.7 kmpl,796 CC,46.3 bhp,190Nm@ 2000rpm,5.0,65000
Maruti Alto,Maruti,Alto,2,10000,Individual,Petrol,Manual,23.95 kmpl,998 CC,67.05 bhp,113Nm@ 4000rpm,5.0,360000
Skoda Rapid,Skoda,Rapid,8,45000,Individual,Petrol,Manual,15.0 kmpl,1598 CC,103.6 bhp,200Nm@ 1750rpm,5.0,625000
Audi A6,Audi,A6,6,46821,  Dealer ,Diesel,Automatic,17.68 kmpl,1968 CC,174.33 bhp,91Nm@ 3500rpm,5.0,2200000
Mahindra Scorpio,Mahindra,Scorpio,5,65273,Trustmark Dealer,Diesel,Manual,15.4 kmpl,2179 CC,120.0 bhp,250Nm@ 1500-2500rpm,7.0,1240000
Hyundai Verna,Hyundai,Verna,12,110000,Individual,Petrol,Manual,13.9 kmpl,1599 CC,103.2 bhp,190Nm@ 2000rpm,5.0,250000
Maruti Ciaz,Maruti,Ciaz,6,78000,Dealer,DIESEL,Manual,,1248 CC,88.5 bhp,190Nm@ 2000rpm,,575000
Mahindra XUV500,Mahindra,XUV500,5,100000,  Individual ,diesel,Automatic,,1997 CC,140.0 bhp,190Nm@ 2000rpm,,1180000
Ford Ecosport,Ford,Ecosport,7,77984,DEALER,Diesel,Manual,22.7 kmpl,1498 CC,89.84 bhp,200Nm@ 1750rpm,5.0,565000
Tata Tiago,Tata,Tiago,4,80000,INDIVIDUAL,Diesel,Manual,27.28 kmpl,1047 CC,69.0 bhp,113Nm@ 4000rpm,5.0,400000
Maruti S-Presso,Maruti,S-Presso,1,2000,individual,Petrol,Manual,21.7 kmpl,998 CC,67.0 bhp,91Nm@ 3500rpm,5.0,450000
Hyundai Santro,Hyundai,Santro,11,120000,Individual,LPG,Manual,17.8 km/kg,1086 CC,63.0 bhp,170Nm@ 1800-2400rpm,5.0,134000
Maruti Wagon R,Maruti,Wagon R,4,60000,Individual,  Petrol ,Manual,20.51 kmpl,998 CC,67.04 bhp,250Nm@ 1500-2500rpm,5.0,380000
Honda Jazz,Honda,Jazz,5,46858,Dealer,Petrol,Automatic,19.0 kmpl,1199 CC,88.7 bhp,113Nm@ 4000rpm,5.0,725000
Datsun RediGO,Datsun,RediGO,4,40000,DEALER,petrol,Manual,22.5 kmpl,999 CC,67.0 bhp,,5.0,295000
Renault Duster,Renault,Duster,5,55000,Individual,Diesel,Manual,19.87 kmpl,1461 CC,83.8 bhp,250Nm@ 1500-2500rpm,5.0,600000
Maruti Baleno,Maruti,Baleno,4,20000,Individual,PETROL,Manual,21.4 kmpl,1197 CC,83.1 bhp,250Nm@ 1500-2500rpm,5.0,550000
Maruti Swift Dzire,Maruti,Swift Dzire,12,40000,INDIVIDUAL,  Petrol ,Manual,17.5 kmpl,1197 CC,85.8 bhp,200Nm@ 1750rpm,5.0,290000
Maruti Eeco,Maruti,Eeco,8,39600,DEALER,Petrol,Manual,15.37 kmpl,1196 CC,73.0 bhp,"12.7@ 2,700(kgm@ rpm)",5.0,300000
Volkswagen Polo,Volkswagen,Polo,3,9339,dealer,  Petrol ,Manual,18.78 kmpl,999 CC,75.0 bhp,250Nm@ 1500-2500rpm,5.0,750000
Honda CR,Honda,CR,8,55000,Dealer,Petrol,Automatic,12.0 kmpl,2354 CC,187.4 bhp,200Nm@ 1750rpm,5.0,890000
Maruti Swift,Maruti,Swift,6,50000,Individual,Diesel,Manual,25.2 kmpl,1248 CC,74.0 bhp,24@ 1900(kgm@ rpm),5.0,500000
BMW X3,BMW,X3,9,60000,Individual,Diesel,Automatic,16.09 kmpl,1995 CC,184.0 bhp,250Nm@ 1500-2500rpm,5.0,1350000
Honda Amaze,Honda,Amaze,3,18000,Dealer,Petrol,Automatic,18.1 kmpl,1199 CC,88.7 bhp,200Nm@ 1750rpm,5.0,635000
Honda Jazz,Honda,Jazz,5,49000,Dealer,petrol,Manual,16.6 kmpl,,88.51 bhp,,5.0,499000
Hyundai Verna,Hyundai,Verna,9,100000,Individual,Diesel,Manual,23.5 kmpl,1396 CC,88.7 bhp,170Nm@ 1800-2400rpm,5.0,485000
Toyota Camry,Toyota,Camry,5,85000,Dealer,Petrol,Automatic,,,,,5.0,1995000
Volkswagen Vento,Volkswagen,Vento,9,37000,Dealer,Petrol,Manual,15.04 kmpl,1598 CC,103.6 bhp,200Nm@ 1750rpm,5.0,670000
Maruti Eeco,Maruti,Eeco,2,7647,DEALER,PETROL,Manual,16.11 kmpl,1196 CC,72.42 bhp,"12.7@ 2,700(kgm@ rpm)",5.0,465000
Maruti Swift Dzire,Maruti,Swift Dzire,9,110000,Individual,  Diesel ,Manual,19.3 kmpl,1248 CC,73.9 bhp,170Nm@ 1800-2400rpm,5.0,284000
Toyota Fortuner,Toyota,Fortuner,9,150000,Dealer,Diesel,Automatic,,2982 CC,169.0 bhp,91Nm@ 3500rpm,7.0,1400000
Maruti Swift,Maruti,Swift,8,50000,Dealer,diesel,Manual,22.9 kmpl,1248 CC,74.0 bhp,24@ 1900(kgm@ rpm),5.0,350000
Maruti Vitara,Maruti,Vitara,4,20000,Dealer,Diesel,Manual,24.3 kmpl,1248 CC,88.5 bhp,200Nm@ 1750rpm,5.0,775000
Hyundai i20,Hyundai,i20,5,77000,Dealer,Diesel,Manual,22.54 kmpl,1396 CC,88.73 bhp,200Nm@ 1750rpm,5.0,650000
BMW X1,BMW,X1,9,60000,  Dealer ,Diesel,Automatic,17.05 kmpl,1995 CC,184.0 bhp,170Nm@ 1800-2400rpm,5.0,800000
Mahindra Scorpio,Mahindra,Scorpio,11,58200,Dealer,diesel,Manual,12.05 kmpl,2179 CC,120.0 bhp,170Nm@ 1800-2400rpm,,465000
Maruti Ertiga,Maruti,Ertiga,5,72000,DEALER,DIESEL,Manual,24.52 kmpl,1248 CC,,190Nm@ 2000rpm,7.0,840000
Maruti Swift,Maruti,Swift,6,73000,DEALER,diesel,Manual,28.4 kmpl,1248 CC,74.0 bhp,200Nm@ 1750rpm,5.0,425000
Hyundai Santro,Hyundai,Santro,11,60000,individual,Petrol,Manual,17.92 kmpl,1086 CC,62.1 bhp,91Nm@ 3500rpm,5.0,180000
Maruti Vitara,Maruti,Vitara,2,6000,Dealer,  Diesel ,Manual,,1248 CC,88.5 bhp,113Nm@ 4000rpm,5.0,900000
BMW X3,BMW,X3,7,65000,Dealer,Diesel,Automatic,18.56 kmpl,1995 CC,187.7 bhp,190Nm@ 2000rpm,5.0,1725000
Hyundai i10,Hyundai,i10,9,73000,  Dealer ,PETROL,Manual,19.81 kmpl,1086 CC,68.05 bhp,24@ 1900(kgm@ rpm),5.0,240000
Hyundai Grand,Hyundai,Grand,4,30000,Individual,diesel,Manual,24.0 kmpl,1186 CC,73.97 bhp,"12.7@ 2,700(kgm@ rpm)",,390000
Hyundai i10,Hyundai,i10,7,57210,Dealer,Petrol,Manual,20.36 kmpl,1197 CC,78.9 bhp,200Nm@ 1750rpm,5.0,298000
Toyota Fortuner,Toyota,Fortuner,4,94926,dealer,Diesel,Automatic,12.9 kmpl,2755 CC,174.5 bhp,91Nm@ 3500rpm,7.0,2900000
Toyota Innova,Toyota,Innova,12,126950,Dealer,DIESEL,Manual,12.8 kmpl,2494 CC,102.0 bhp,113Nm@ 4000rpm,7.0,775000
Volkswagen Vento,Volkswagen,Vento,2,62000,individual,Petrol,Manual,16.09 kmpl,,103.2 bhp,,5.0,780000
Hyundai i20,Hyundai,i20,11,80000,INDIVIDUAL,petrol,Manual,17.0 kmpl,1197 CC,80.0 bhp,24@ 1900(kgm@ rpm),5.0,250000
Jeep Compass,Jeep,Compass,4,44000,Dealer,Diesel,Manual,16.3 kmpl,1956 CC,170.0 bhp,250Nm@ 1500-2500rpm,5.0,1599000
Maruti Wagon R,Maruti,Wagon R,16,90000,INDIVIDUAL,petrol,Manual,14.0 kmpl,1061 CC,64.0 bhp,"12.7@ 2,700(kgm@ rpm)",5.0,80000
Maruti Alto,Maruti,Alto,6,48000,dealer,PETROL,Manual,22.74 kmpl,796 CC,,250Nm@ 1500-2500rpm,5.0,215000
Maruti Alto,Maruti,Alto,8,13000,dealer,Petrol,Manual,20.92 kmpl,998 CC,67.1 bhp,113Nm@ 4000rpm,,215000
Tata Safari,Tata,Safari,7,151048,DEALER,Diesel,Manual,14.0 kmpl,2179 CC,138.1 bhp,"12.7@ 2,700(kgm@ rpm)",7.0,775000
Renault Duster,Renault,Duster,8,90000,Individual,Diesel,Manual,19.01 kmpl,1461 CC,108.45 bhp,91Nm@ 3500rpm,5.0,550000
Toyota Fortuner,Toyota,Fortuner,3,35000,Dealer,DIESEL,Automatic,,2755 CC,174.5 bhp,"12.7@ 2,700(kgm@ rpm)",7.0,2950000
Maruti Wagon R,Maruti,Wagon R,12,52755,INDIVIDUAL,LPG,Manual,17.3 km/kg,1061 CC,57.5 bhp,"12.7@ 2,700(kgm@ rpm)",5.0,233000
Mahindra Bolero,Mahindra,Bolero,11,85000,Individual,Diesel,Manual,,2523 CC,63.0 bhp,200Nm@ 1750rpm,7.0,330000
Renault KWID,Renault,KWID,4,28600,individual,petrol,Manual,25.17 kmpl,799 CC,53.3 bhp,113Nm@ 4000rpm,5.0,235000
Hyundai Grand,Hyundai,Grand,3,5000,individual,Petrol,Manual,18.9 kmpl,1197 CC,81.86 bhp,113Nm@ 4000rpm,5.0,525000
Honda Jazz,Honda,Jazz,4,20000,individual,Petrol,Automatic,19.0 kmpl,1199 CC,88.7 bhp,24@ 1900(kgm@ rpm),5.0,625000
Mahindra Bolero,Mahindra,Bolero,3,40000,INDIVIDUAL,Diesel,Manual,15.96 kmpl,2523 CC,62.1 bhp,190Nm@ 2000rpm,7.0,580000
Hyundai Verna,Hyundai,Verna,8,60000,DEALER,DIESEL,Manual,22.32 kmpl,1582 CC,126.32 bhp,250Nm@ 1500-2500rpm,5.0,460000
Mahindra XUV500,Mahindra,XUV500,8,80220,Dealer,Diesel,Manual,15.1 kmpl,2179 CC,140.0 bhp,91Nm@ 3500rpm,7.0,675000
Honda WR-V,Honda,WR-V,4,44500,dealer,petrol,Manual,17.5 kmpl,1199 CC,88.7 bhp,91Nm@ 3500rpm,5.0,640000
Maruti Wagon R,Maruti,Wagon R,10,32908,Dealer,Petrol,Manual,18.9 kmpl,998 CC,67.1 bhp,200Nm@ 1750rpm,5.0,250000
Maruti Baleno,Maruti,Baleno,1,5000,INDIVIDUAL,petrol,Manual,21.01 kmpl,1197 CC,81.8 bhp,190Nm@ 2000rpm,5.0,557000
Maruti Eeco,Maruti,Eeco,6,58500,Dealer,  Petrol ,Manual,15.37 kmpl,1196 CC,73.0 bhp,200Nm@ 1750rpm,,349000
Volkswagen Vento,Volkswagen,Vento,4,16219,dealer,petrol,Manual,17.69 kmpl,999 CC,108.62 bhp,250Nm@ 1500-2500rpm,5.0,845000
Hyundai i20,Hyundai,i20,9,60000,Dealer,PETROL,Manual,18.5 kmpl,1197 CC,80.0 bhp,91Nm@ 3500rpm,5.0,290000
Toyota Innova,Toyota,Innova,4,94000,Dealer,Diesel,Manual,13.68 kmpl,2393 CC,147.51 bhp,91Nm@ 3500rpm,7.0,1550000
Hyundai Santro,Hyundai,Santro,2,10290,Dealer,Petrol,Automatic,20.3 kmpl,1086 CC,68.0 bhp,24@ 1900(kgm@ rpm),5.0,470000
Mahindra XUV500,Mahindra,XUV500,2,25000,  Individual ,Diesel,Automatic,15.1 kmpl,2179 CC,152.87 bhp,200Nm@ 1750rpm,7.0,1800000
Maruti Wagon R,Maruti,Wagon R,4,24000,dealer,Petrol,Manual,20.51 kmpl,998 CC,67.04 bhp,250Nm@ 1500-2500rpm,5.0,450000
Tata Tiago,Tata,Tiago,2,20000,Individual,Petrol,Automatic,23.84 kmpl,1199 CC,83.83 bhp,113Nm@ 4000rpm,5.0,540000
BMW 7,BMW,7,4,18000,Dealer,Diesel,Automatic,17.66 kmpl,2993 CC,355.37 bhp,91Nm@ 3500rpm,4.0,6900000
Mahindra XUV500,Mahindra,XUV500,5,56500,  Dealer ,DIESEL,Automatic,16.0 kmpl,1997 CC,140.0 bhp,200Nm@ 1750rpm,7.0,1275000
Mahindra Scorpio,Mahindra,Scorpio,9,94181,Dealer,  Diesel ,Manual,12.05 kmpl,2179 CC,120.0 bhp,24@ 1900(kgm@ rpm),8.0,600000
Datsun RediGO,Datsun,RediGO,2,10000,Individual,Petrol,Manual,22.7 kmpl,799 CC,53.64 bhp,200Nm@ 1750rpm,5.0,260000
Land Rover Rover,Land Rover,Rover,2,4000,Dealer,diesel,Automatic,12.83 kmpl,2179 CC,147.5 bhp,91Nm@ 3500rpm,7.0,4750000
Maruti Swift,Maruti,Swift,8,108000,Dealer,Diesel,Manual,22.9 kmpl,1248 CC,74.0 bhp,113Nm@ 4000rpm,5.0,485000
Maruti Wagon R,Maruti,Wagon R,11,80566,Dealer,petrol,Manual,18.9 kmpl,998 CC,67.1 bhp,91Nm@ 3500rpm,5.0,250000
Tata Tiago,Tata,Tiago,3,60000,Individual,diesel,Manual,27.28 kmpl,1047 CC,69.0 bhp,24@ 1900(kgm@ rpm),5.0,425000
Mercedes-Benz S-Class,Mercedes-Benz,S-Class,2,18000,Dealer,Petrol,Automatic,7.81 kmpl,2996 CC,362.07 bhp,190Nm@ 2000rpm,5.0,11000000
Maruti Ciaz,Maruti,Ciaz,4,54500,Dealer,petrol,Automatic,,1373 CC,91.1 bhp,,5.0,730000
Volkswagen Vento,Volkswagen,Vento,5,17000,dealer,Petrol,Manual,16.09 kmpl,1598 CC,103.2 bhp,190Nm@ 2000rpm,5.0,650000
Maruti Ciaz,Maruti,Ciaz,5,28014,dealer,  Petrol ,Manual,20.73 kmpl,1373 CC,91.1 bhp,"12.7@ 2,700(kgm@ rpm)",5.0,603000
Honda Amaze,Honda,Amaze,7,97000,Individual,diesel,Manual,25.8 kmpl,,98.6 bhp,,5.0,400000
Hyundai Creta,Hyundai,Creta,2,38280,TRUSTMARK DEALER,  Petrol ,Manual,15.29 kmpl,1591 CC,121.3 bhp,24@ 1900(kgm@ rpm),5.0,950000
Honda Amaze,Honda,Amaze,4,53000,  Dealer ,PETROL,Automatic,18.1 kmpl,1199 CC,88.7 bhp,"12.7@ 2,700(kgm@ rpm)",5.0,575000
Maruti Swift Dzire,Maruti,Swift Dzire,8,90000,individual,Diesel,Manual,23.4 kmpl,1248 CC,74.0 bhp,113Nm@ 4000rpm,5.0,550000
Mercedes-Benz E-Class,Mercedes-Benz,E-Class,10,46000,Dealer,Petrol,Automatic,10.93 kmpl,3498 CC,272.0 bhp,24@ 1900(kgm@ rpm),5.0,1250000
Volkswagen Polo,Volkswagen,Polo,6,96000,individual,  Diesel ,Manual,20.14 kmpl,1498 CC,88.8 bhp,113Nm@ 4000rpm,5.0,525000
Maruti Swift,Maruti,Swift,5,53000,Individual,diesel,Manual,25.2 kmpl,1248 CC,74.0 bhp,113Nm@ 4000rpm,5.0,610000
Hyundai Verna,Hyundai,Verna,8,104500,Individual,diesel,Manual,22.32 kmpl,1582 CC,126.3 bhp,"12.7@ 2,700(kgm@ rpm)",5.0,540000
Mercedes-Benz GL-Class,Mercedes-Benz,GL-Class,7,93000,Dealer,DIESEL,Automatic,12.0 kmpl,2987 CC,224.0 bhp,200Nm@ 1750rpm,7.0,3450000
Skoda Octavia,Skoda,Octavia,4,38981,Dealer,Petrol,Automatic,15.1 kmpl,1798 CC,177.0 bhp,24@ 1900(kgm@ rpm),5.0,1780000
Hyundai i20,Hyundai,i20,4,17335,Dealer,Diesel,Manual,21.19 kmpl,1396 CC,88.73 bhp,113Nm@ 4000rpm,5.0,820000
Maruti Alto,Maruti,Alto,7,14971,Trustmark Dealer,Petrol,Manual,22.74 kmpl,796 CC,47.3 bhp,113Nm@ 4000rpm,5.0,230000
Maruti Baleno,Maruti,Baleno,2,6500,Individual,Petrol,Manual,,998 CC,100.5 bhp,"12.7@ 2,700(kgm@ rpm)",5.0,730000
Ford Figo,Ford,Figo,9,23207,Dealer,PETROL,Manual,15.6 kmpl,1196 CC,70.0 bhp,170Nm@ 1800-2400rpm,5.0,220000
Hyundai Grand,Hyundai,Grand,6,46497,Dealer,petrol,Manual,,1197 CC,82.0 bhp,91Nm@ 3500rpm,5.0,385000
Mahindra Bolero,Mahindra,Bolero,9,53270,Dealer,Diesel,Manual,15.96 kmpl,2523 CC,62.1 bhp,190Nm@ 2000rpm,7.0,550000
Maruti Swift,Maruti,Swift,7,28000,  Dealer ,Petrol,Manual,16.1 kmpl,1197 CC,85.0 bhp,190Nm@ 2000rpm,5.0,435000
Hyundai Verna,Hyundai,Verna,12,70000,Dealer,Diesel,Manual,16.8 kmpl,1493 CC,110.0 bhp,190Nm@ 2000rpm,5.0,255000
Toyota Innova,Toyota,Innova,4,40004,DEALER,diesel,Manual,,2393 CC,147.8 bhp,170Nm@ 1800-2400rpm,8.0,1775000
Toyota Innova,Toyota,Innova,6,225000,Individual,Diesel,Manual,12.99 kmpl,2494 CC,100.6 bhp,113Nm@ 4000rpm,7.0,1350000
Maruti Baleno,Maruti,Baleno,3,18000,  Dealer ,PETROL,Manual,21.4 kmpl,1197 CC,83.1 bhp,113Nm@ 4000rpm,5.0,750000
Mahindra KUV,Mahindra,KUV,4,20000,Dealer,petrol,Manual,18.15 kmpl,1198 CC,82.0 bhp,,6.0,450000
Toyota Fortuner,Toyota,Fortuner,6,124000,dealer,Diesel,Manual,13.0 kmpl,2982 CC,168.5 bhp,113Nm@ 4000rpm,7.0,1700000
Maruti Swift Dzire,Maruti,Swift Dzire,7,36000,Dealer,Petrol,Manual,,1197 CC,85.8 bhp,24@ 1900(kgm@ rpm),5.0,435000
BMW 3,BMW,3,10,51048,  Dealer ,DIESEL,Automatic,13.2 kmpl,1995 CC,170.0 bhp,170Nm@ 1800-2400rpm,5.0,815000
Honda Amaze,Honda,Amaze,8,58000,Dealer,DIESEL,Manual,25.8 kmpl,1498 CC,98.6 bhp,113Nm@ 4000rpm,5.0,325000
Ford Figo,Ford,Figo,7,60000,INDIVIDUAL,  Petrol ,Manual,15.6 kmpl,1196 CC,70.02 bhp,190Nm@ 2000rpm,5.0,175000
Hyundai Grand,Hyundai,Grand,5,45000,Dealer,  Petrol ,Manual,18.9 kmpl,1197 CC,82.0 bhp,250Nm@ 1500-2500rpm,5.0,550000
Maruti Celerio,Maruti,Celerio,7,66000,dealer,cng,Manual,,998 CC,58.2 bhp,190Nm@ 2000rpm,5.0,360000
Honda Jazz,Honda,Jazz,6,31298,  Dealer ,Petrol,Automatic,19.0 kmpl,1199 CC,88.7 bhp,170Nm@ 1800-2400rpm,5.0,590000
Toyota Yaris,Toyota,Yaris,2,19000,Dealer,Petrol,Automatic,17.8 kmpl,1496 CC,105.5 bhp,24@ 1900(kgm@ rpm),5.0,1042000
Honda City,Honda,City,4,39744,Dealer,Petrol,Automatic,17.4 kmpl,1497 CC,117.6 bhp,24@ 1900(kgm@ rpm),5.0,950000
Maruti Baleno,Maruti,Baleno,2,10000,Dealer,Petrol,Automatic,19.56 kmpl,1197 CC,81.8 bhp,170Nm@ 1800-2400rpm,5.0,781000
Maruti Swift,Maruti,Swift,5,130130,Dealer,Diesel,Manual,25.2 kmpl,1248 CC,74.0 bhp,24@ 1900(kgm@ rpm),5.0,400000
Maruti Alto,Maruti,Alto,1,10326,TRUSTMARK DEALER,petrol,Manual,19.7 kmpl,796 CC,46.3 bhp,190Nm@ 2000rpm,5.0,350000
Maruti Swift,Maruti,Swift,9,66100,Dealer,Diesel,Manual,22.9 kmpl,1248 CC,74.0 bhp,190Nm@ 2000rpm,5.0,275000
Maruti Swift,Maruti,Swift,4,47050,Dealer,Petrol,Manual,21.21 kmpl,1197 CC,81.8 bhp,113Nm@ 4000rpm,5.0,530000
Maruti Swift Dzire,Maruti,Swift Dzire,2,15000,INDIVIDUAL,  Petrol ,Manual,21.21 kmpl,1197 CC,81.8 bhp,250Nm@ 1500-2500rpm,5.0,600000
Maruti Eeco,Maruti,Eeco,4,73630,dealer,CNG,Manual,15.1 km/kg,1196 CC,73.0 bhp,170Nm@ 1800-2400rpm,5.0,395000
Maruti Ciaz,Maruti,Ciaz,5,100000,INDIVIDUAL,DIESEL,Manual,28.09 kmpl,1248 CC,88.5 bhp,,5.0,650000
Hyundai i10,Hyundai,i10,10,80292,Dealer,PETROL,Manual,20.36 kmpl,1197 CC,78.9 bhp,170Nm@ 1800-2400rpm,,200000
Maruti Vitara,Maruti,Vitara,3,48000,Dealer,  Diesel ,Manual,24.3 kmpl,1248 CC,88.5 bhp,"12.7@ 2,700(kgm@ rpm)",5.0,855000
Hyundai i20,Hyundai,i20,9,155000,individual,DIESEL,Manual,21.9 kmpl,1396 CC,88.76 bhp,250Nm@ 1500-2500rpm,5.0,380000
Hyundai Grand,Hyundai,Grand,3,7245,dealer,Petrol,Manual,18.9 kmpl,1197 CC,81.86 bhp,113Nm@ 4000rpm,5.0,425000
Maruti Wagon R,Maruti,Wagon R,4,33070,Dealer,Petrol,Manual,20.51 kmpl,998 CC,67.04 bhp,"12.7@ 2,700(kgm@ rpm)",5.0,460000
Ford Ecosport,Ford,Ecosport,4,29104,Trustmark Dealer,Petrol,Manual,15.9 kmpl,1496 CC,120.69 bhp,91Nm@ 3500rpm,5.0,625000
Honda Amaze,Honda,Amaze,2,23000,  Individual ,Petrol,Manual,19.5 kmpl,1199 CC,88.76 bhp,113Nm@ 4000rpm,5.0,651000
Hyundai i20,Hyundai,i20,6,52000,Dealer,Petrol,Manual,18.6 kmpl,1197 CC,81.83 bhp,190Nm@ 2000rpm,5.0,486000
Toyota Camry,Toyota,Camry,6,60000,individual,Electric,Automatic,19.16 kmpl,2494 CC,157.7 bhp,91Nm@ 3500rpm,5.0,2000000
Hyundai Elantra,Hyundai,Elantra,8,75000,Dealer,PETROL,Automatic,14.5 kmpl,1797 CC,147.5 bhp,91Nm@ 3500rpm,5.0,630000
Maruti Ertiga,Maruti,Ertiga,4,44000,Dealer,  Diesel ,Manual,24.52 kmpl,1248 CC,88.5 bhp,190Nm@ 2000rpm,7.0,725000
Skoda Octavia,Skoda,Octavia,7,59864,Dealer,Diesel,Manual,18.7 kmpl,1896 CC,66.0 bhp,91Nm@ 3500rpm,5.0,1100000
Maruti Swift Dzire,Maruti,Swift Dzire,4,40000,Individual,Petrol,Manual,20.85 kmpl,1197 CC,83.14 bhp,113Nm@ 4000rpm,5.0,580000
Hyundai i10,Hyundai,i10,9,59000,Dealer,Petrol,Manual,19.81 kmpl,1086 CC,68.05 bhp,91Nm@ 3500rpm,5.0,275000
Maruti Eeco,Maruti,Eeco,9,56000,Dealer,Petrol,Manual,15.37 kmpl,1196 CC,73.0 bhp,113Nm@ 4000rpm,7.0,175000
Mahindra Scorpio,Mahindra,Scorpio,3,27000,  Individual ,Diesel,Manual,15.4 kmpl,2523 CC,75.0 bhp,170Nm@ 1800-2400rpm,7.0,950000
Toyota Innova,Toyota,Innova,10,108800,Dealer,Diesel,Manual,12.8 kmpl,2494 CC,102.0 bhp,200Nm@ 1750rpm,7.0,595000
BMW Z4,BMW,Z4,6,27000,dealer,petrol,Automatic,10.37 kmpl,2979 CC,301.72 bhp,113Nm@ 4000rpm,2.0,3999000
Toyota Fortuner,Toyota,Fortuner,7,67400,  Dealer ,DIESEL,Automatic,12.55 kmpl,2982 CC,168.5 bhp,113Nm@ 4000rpm,7.0,1795000
Hyundai Grand,Hyundai,Grand,5,100000,  Individual ,Petrol,Manual,18.9 kmpl,1197 CC,82.0 bhp,113Nm@ 4000rpm,5.0,430000
Maruti Ertiga,Maruti,Ertiga,4,24000,dealer,Petrol,Manual,19.01 kmpl,1462 CC,103.26 bhp,170Nm@ 1800-2400rpm,7.0,825000
Hyundai Grand,Hyundai,Grand,6,50000,Individual,Diesel,Manual,24.0 kmpl,1120 CC,70.0 bhp,113Nm@ 4000rpm,5.0,345000
Maruti Ciaz,Maruti,Ciaz,3,50000,individual,petrol,Automatic,20.28 kmpl,1462 CC,103.25 bhp,91Nm@ 3500rpm,5.0,900000
Honda Amaze,Honda,Amaze,3,54000,Dealer,Diesel,Manual,,1498 CC,98.6 bhp,250Nm@ 1500-2500rpm,5.0,650000
Maruti Ignis,Maruti,Ignis,3,11000,dealer,Petrol,Automatic,20.89 kmpl,1197 CC,81.8 bhp,170Nm@ 1800-2400rpm,,550000
Hyundai i10,Hyundai,i10,12,38564,dealer,Petrol,Manual,19.81 kmpl,1086 CC,68.05 bhp,170Nm@ 1800-2400rpm,5.0,240000
Mahindra Bolero,Mahindra,Bolero,16,211121,individual,diesel,Manual,13.6 kmpl,2523 CC,63.0 bhp,250Nm@ 1500-2500rpm,7.0,300000
Hyundai i10,Hyundai,i10,12,65000,dealer,PETROL,Manual,,1197 CC,78.9 bhp,"12.7@ 2,700(kgm@ rpm)",5.0,290000
Tata Safari,Tata,Safari,10,130000,INDIVIDUAL,Diesel,Manual,13.93 kmpl,2179 CC,138.03 bhp,170Nm@ 1800-2400rpm,7.0,300000
Maruti Wagon R,Maruti,Wagon R,9,12000,Dealer,Petrol,Manual,18.9 kmpl,998 CC,67.1 bhp,170Nm@ 1800-2400rpm,5.0,265000
Hyundai i10,Hyundai,i10,12,67000,Dealer,Petrol,Manual,19.81 kmpl,1086 CC,68.05 bhp,91Nm@ 3500rpm,5.0,150000
Honda Jazz,Honda,Jazz,3,18000,individual,PETROL,Manual,18.7 kmpl,1199 CC,88.7 bhp,170Nm@ 1800-2400rpm,5.0,600000
Hyundai Verna,Hyundai,Verna,2,14200,DEALER,Petrol,Manual,17.0 kmpl,1591 CC,,200Nm@ 1750rpm,5.0,975000
Hyundai i10,Hyundai,i10,12,73000,Dealer,Petrol,Manual,20.36 kmpl,1197 CC,78.9 bhp,"12.7@ 2,700(kgm@ rpm)",5.0,190000
Hyundai i20,Hyundai,i20,7,40000,Dealer,Petrol,Manual,17.0 kmpl,1197 CC,80.0 bhp,250Nm@ 1500-2500rpm,5.0,475000
Mercedes-Benz C-Class,Mercedes-Benz,C-Class,9,51000,Dealer,Petrol,Automatic,14.74 kmpl,1991 CC,181.04 bhp,200Nm@ 1750rpm,5.0,1190000
Mercedes-Benz S-Class,Mercedes-Benz,S-Class,3,4000,Dealer,Petrol,Automatic,7.81 kmpl,4663 CC,459.0 bhp,"12.7@ 2,700(kgm@ rpm)",4.0,13000000
Ford Figo,Ford,Figo,8,45500,Dealer,diesel,Manual,20.0 kmpl,1399 CC,68.05 bhp,91Nm@ 3500rpm,5.0,375000
Hyundai i20,Hyundai,i20,7,75000,Dealer,Diesel,Manual,22.54 kmpl,1396 CC,88.73 bhp,200Nm@ 1750rpm,5.0,499000
Toyota Innova,Toyota,Innova,8,98000,individual,Diesel,Manual,12.8 kmpl,2494 CC,102.0 bhp,91Nm@ 3500rpm,8.0,1000000
Hyundai Creta,Hyundai,Creta,3,10000,Individual,petrol,Manual,,1591 CC,121.3 bhp,200Nm@ 1750rpm,5.0,995000
Mahindra Scorpio,Mahindra,Scorpio,5,120000,  Individual ,Diesel,Manual,15.4 kmpl,2523 CC,75.0 bhp,170Nm@ 1800-2400rpm,9.0,825000
Hyundai i20,Hyundai,i20,3,35000,Individual,Diesel,Manual,22.54 kmpl,1396 CC,88.73 bhp,113Nm@ 4000rpm,5.0,700000
Hyundai i20,Hyundai,i20,3,50000,Individual,Diesel,Manual,22.54 kmpl,1396 CC,88.73 bhp,200Nm@ 1750rpm,5.0,750000
Maruti Wagon R,Maruti,Wagon R,4,28763,trustmark dealer,cng,Manual,33.54 km/kg,998 CC,67.04 bhp,190Nm@ 2000rpm,5.0,400000
Toyota Fortuner,Toyota,Fortuner,10,91000,DEALER,DIESEL,Manual,11.5 kmpl,2982 CC,171.0 bhp,24@ 1900(kgm@ rpm),7.0,1175000
Toyota Innova,Toyota,Innova,11,106868,Dealer,diesel,Manual,12.8 kmpl,2494 CC,102.0 bhp,190Nm@ 2000rpm,8.0,575000
Maruti Swift Dzire,Maruti,Swift Dzire,6,68000,Dealer,Diesel,Manual,19.3 kmpl,1248 CC,73.9 bhp,24@ 1900(kgm@ rpm),5.0,676000
Honda City,Honda,City,6,63000,Dealer,Diesel,Manual,26.0 kmpl,1498 CC,98.6 bhp,250Nm@ 1500-2500rpm,5.0,525000
Maruti Swift Dzire,Maruti,Swift Dzire,7,110000,INDIVIDUAL,  Petrol ,Manual,19.0 kmpl,1197 CC,85.8 bhp,24@ 1900(kgm@ rpm),5.0,191000
Mercedes-Benz E-Class,Mercedes-Benz,E-Class,10,40000,Individual,Diesel,Automatic,14.21 kmpl,2143 CC,203.0 bhp,113Nm@ 4000rpm,5.0,1050000
Toyota Innova,Toyota,Innova,4,36639,  Dealer ,Diesel,Automatic,13.68 kmpl,2393 CC,147.51 bhp,170Nm@ 1800-2400rpm,8.0,1650000
Hyundai Creta,Hyundai,Creta,4,19543,Individual,Petrol,Manual,13.0 kmpl,1591 CC,121.3 bhp,24@ 1900(kgm@ rpm),5.0,1100000
Hyundai Santro,Hyundai,Santro,2,4800,  Individual ,petrol,Manual,20.3 kmpl,1086 CC,68.0 bhp,190Nm@ 2000rpm,5.0,530000
Maruti Alto,Maruti,Alto,3,58000,Dealer,CNG,Manual,33.44 km/kg,796 CC,40.3 bhp,24@ 1900(kgm@ rpm),4.0,350000
BMW 6,BMW,6,2,2300,Individual,  Diesel ,Automatic,,1995 CC,188.0 bhp,"12.7@ 2,700(kgm@ rpm)",4.0,5899000
Maruti Alto,Maruti,Alto,8,33682,dealer,Petrol,Manual,22.74 kmpl,,47.3 bhp,,5.0,235000
Maruti Vitara,Maruti,Vitara,3,40000,Individual,Diesel,Manual,24.3 kmpl,1248 CC,,24@ 1900(kgm@ rpm),5.0,920000
Toyota Innova,Toyota,Innova,10,200000,Individual,Diesel,Manual,12.8 kmpl,2494 CC,102.0 bhp,113Nm@ 4000rpm,7.0,450000
Renault KWID,Renault,KWID,2,10000,individual,Petrol,Manual,23.01 kmpl,999 CC,67.0 bhp,190Nm@ 2000rpm,5.0,410000
Honda City,Honda,City,6,28000,Dealer,petrol,Automatic,18.0 kmpl,1497 CC,117.3 bhp,250Nm@ 1500-2500rpm,5.0,670000
Maruti Vitara,Maruti,Vitara,5,42000,Dealer,Diesel,Manual,,1248 CC,88.5 bhp,170Nm@ 1800-2400rpm,5.0,725000
Mahindra XUV500,Mahindra,XUV500,3,9000,  Individual ,Diesel,Manual,,2179 CC,152.87 bhp,"12.7@ 2,700(kgm@ rpm)",7.0,1625000
Hyundai Verna,Hyundai,Verna,10,8000,Dealer,PETROL,Manual,17.01 kmpl,1591 CC,121.3 bhp,190Nm@ 2000rpm,5.0,550000
Hyundai Venue,Hyundai,Venue,2,21000,Dealer,Diesel,Manual,23.7 kmpl,1493 CC,98.6 bhp,,5.0,900000
Volkswagen Vento,Volkswagen,Vento,11,41000,Dealer,Diesel,Manual,20.54 kmpl,1598 CC,103.6 bhp,200Nm@ 1750rpm,5.0,285000
Hyundai Verna,Hyundai,Verna,5,70000,INDIVIDUAL,Diesel,Manual,23.9 kmpl,1582 CC,,200Nm@ 1750rpm,5.0,850000
Hyundai Verna,Hyundai,Verna,3,15000,dealer,DIESEL,Automatic,19.08 kmpl,1582 CC,126.2 bhp,190Nm@ 2000rpm,5.0,1225000
Hyundai Creta,Hyundai,Creta,3,20000,INDIVIDUAL,Diesel,Manual,21.38 kmpl,1396 CC,88.7 bhp,250Nm@ 1500-2500rpm,5.0,1000000
Renault Duster,Renault,Duster,5,123000,Individual,diesel,Manual,19.64 kmpl,1461 CC,108.45 bhp,190Nm@ 2000rpm,,650000
Maruti Swift Dzire,Maruti,Swift Dzire,10,80000,Individual,PETROL,Manual,17.5 kmpl,1298 CC,85.8 bhp,170Nm@ 1800-2400rpm,5.0,310000
Maruti Ertiga,Maruti,Ertiga,4,50000,individual,Diesel,Manual,24.52 kmpl,1248 CC,88.5 bhp,91Nm@ 3500rpm,7.0,700000
Hyundai Grand,Hyundai,Grand,3,41000,DEALER,CNG,Manual,18.9 km/kg,1197 CC,65.39 bhp,190Nm@ 2000rpm,5.0,470000
Tata Safari,Tata,Safari,8,120000,Individual,diesel,Manual,14.0 kmpl,2179 CC,138.1 bhp,190Nm@ 2000rpm,7.0,600000
Maruti Ciaz,Maruti,Ciaz,3,20360,DEALER,PETROL,Automatic,20.28 kmpl,1462 CC,103.25 bhp,250Nm@ 1500-2500rpm,5.0,875000
Maruti Alto,Maruti,Alto,3,35000,  Individual ,petrol,Manual,23.95 kmpl,998 CC,67.1 bhp,170Nm@ 1800-2400rpm,5.0,350000
Renault Duster,Renault,Duster,7,61125,DEALER,Diesel,Manual,19.64 kmpl,1461 CC,108.45 bhp,190Nm@ 2000rpm,5.0,550000
Mercedes-Benz C-Class,Mercedes-Benz,C-Class,4,45425,Dealer,  Diesel ,Automatic,19.27 kmpl,2143 CC,167.62 bhp,170Nm@ 1800-2400rpm,5.0,3375000
Hyundai i20,Hyundai,i20,6,175000,Individual,diesel,Manual,,1396 CC,88.73 bhp,24@ 1900(kgm@ rpm),5.0,450000
Maruti Ignis,Maruti,Ignis,3,10415,Dealer,Petrol,Manual,20.89 kmpl,1197 CC,,24@ 1900(kgm@ rpm),5.0,491000
Maruti Ciaz,Maruti,Ciaz,6,80000,Individual,diesel,Manual,26.21 kmpl,1248 CC,88.5 bhp,"12.7@ 2,700(kgm@ rpm)",5.0,700000
Jaguar XE,Jaguar,XE,4,91795,dealer,Diesel,Automatic,13.5 kmpl,1999 CC,177.0 bhp,24@ 1900(kgm@ rpm),5.0,2950000
BMW 6,BMW,6,2,17226,dealer,Petrol,Automatic,14.28 kmpl,1998 CC,254.7 bhp,190Nm@ 2000rpm,4.0,5000000
Maruti Ertiga,Maruti,Ertiga,8,15000,Individual,  Petrol ,Manual,16.02 kmpl,1373 CC,93.7 bhp,"12.7@ 2,700(kgm@ rpm)",7.0,550000
Maruti Swift Dzire,Maruti,Swift Dzire,9,37801,Dealer,Petrol,Manual,17.5 kmpl,1298 CC,85.8 bhp,200Nm@ 1750rpm,5.0,500000
Hyundai i20,Hyundai,i20,7,47900,  Dealer ,Petrol,Automatic,15.0 kmpl,1396 CC,98.6 bhp,91Nm@ 3500rpm,5.0,510000
Hyundai i10,Hyundai,i10,9,40000,dealer,petrol,Automatic,16.95 kmpl,1197 CC,78.9 bhp,113Nm@ 4000rpm,5.0,335000
Renault Duster,Renault,Duster,5,52000,dealer,Diesel,Manual,19.64 kmpl,1461 CC,,200Nm@ 1750rpm,5.0,570000
Mahindra XUV500,Mahindra,XUV500,7,120000,Individual,DIESEL,Manual,15.1 kmpl,2179 CC,140.0 bhp,91Nm@ 3500rpm,7.0,600000
Maruti Vitara,Maruti,Vitara,3,22000,Individual,Diesel,Manual,24.3 kmpl,1248 CC,88.5 bhp,91Nm@ 3500rpm,5.0,890000
Hyundai Verna,Hyundai,Verna,8,78125,Dealer,petrol,Manual,17.1 kmpl,1591 CC,121.3 bhp,24@ 1900(kgm@ rpm),5.0,450000
Maruti Alto,Maruti,Alto,6,35000,Individual,Petrol,Manual,,998 CC,67.05 bhp,113Nm@ 4000rpm,5.0,275000
Maruti Wagon R,Maruti,Wagon R,3,60000,Individual,cng,Manual,26.6 km/kg,998 CC,58.16 bhp,190Nm@ 2000rpm,5.0,355000
Honda City,Honda,City,6,65122,Dealer,diesel,Manual,26.0 kmpl,1498 CC,98.6 bhp,91Nm@ 3500rpm,5.0,650000
Hyundai i10,Hyundai,i10,8,45000,  Dealer ,Petrol,Manual,20.36 kmpl,1197 CC,78.9 bhp,91Nm@ 3500rpm,,290000
Hyundai Creta,Hyundai,Creta,3,30000,INDIVIDUAL,Diesel,Manual,22.1 kmpl,1396 CC,88.7 bhp,24@ 1900(kgm@ rpm),5.0,920000
Skoda Superb,Skoda,Superb,7,54349,DEALER,Diesel,Automatic,17.2 kmpl,1968 CC,138.03 bhp,113Nm@ 4000rpm,5.0,990000
Maruti Baleno,Maruti,Baleno,3,10000,INDIVIDUAL,Petrol,Automatic,21.4 kmpl,1197 CC,83.1 bhp,170Nm@ 1800-2400rpm,5.0,800000
Mahindra XUV500,Mahindra,XUV500,8,60000,INDIVIDUAL,Diesel,Manual,15.1 kmpl,2179 CC,140.0 bhp,113Nm@ 4000rpm,7.0,550000
Force Gurkha,Force,Gurkha,5,60000,INDIVIDUAL,diesel,Manual,17.0 kmpl,2596 CC,80.8 bhp,113Nm@ 4000rpm,5.0,700000
BMW 5,BMW,5,4,30000,Dealer,Diesel,Automatic,18.12 kmpl,1995 CC,190.0 bhp,91Nm@ 3500rpm,5.0,3100000
Renault KWID,Renault,KWID,4,34000,Dealer,Petrol,Automatic,24.04 kmpl,999 CC,67.0 bhp,113Nm@ 4000rpm,5.0,395000
Maruti Swift,Maruti,Swift,13,100000,Individual,Diesel,Manual,17.8 kmpl,1248 CC,75.0 bhp,24@ 1900(kgm@ rpm),5.0,265000
Renault Triber,Renault,Triber,2,15000,  Individual ,Petrol,Manual,20.0 kmpl,999 CC,72.0 bhp,91Nm@ 3500rpm,7.0,654000
Honda City,Honda,City,3,12000,INDIVIDUAL,Petrol,Automatic,18.0 kmpl,1497 CC,117.6 bhp,24@ 1900(kgm@ rpm),5.0,960000
Maruti Baleno,Maruti,Baleno,3,34000,Dealer,Diesel,Manual,27.39 kmpl,1248 CC,74.0 bhp,250Nm@ 1500-2500rpm,5.0,850000
Audi A4,Audi,A4,9,40000,Dealer,Diesel,Automatic,17.11 kmpl,1968 CC,174.33 bhp,190Nm@ 2000rpm,5.0,1265000
BMW X1,BMW,X1,11,106271,Dealer,Diesel,Automatic,17.05 kmpl,1995 CC,184.0 bhp,170Nm@ 1800-2400rpm,5.0,1150000
Audi A4,Audi,A4,7,98300,  Dealer ,Diesel,Automatic,17.11 kmpl,1968 CC,174.33 bhp,170Nm@ 1800-2400rpm,5.0,1350000
Maruti Alto,Maruti,Alto,5,2000,Individual,Petrol,Manual,22.74 kmpl,796 CC,47.3 bhp,24@ 1900(kgm@ rpm),5.0,220000
Jaguar XF,Jaguar,XF,6,90000,individual,diesel,Automatic,16.36 kmpl,2179 CC,187.7 bhp,113Nm@ 4000rpm,5.0,2500000
Maruti Ciaz,Maruti,Ciaz,4,40000,INDIVIDUAL,PETROL,Manual,20.73 kmpl,1373 CC,91.1 bhp,250Nm@ 1500-2500rpm,5.0,800000
Maruti Swift Dzire,Maruti,Swift Dzire,4,56352,dealer,Diesel,Automatic,28.4 kmpl,1248 CC,74.02 bhp,250Nm@ 1500-2500rpm,5.0,750000
Honda City,Honda,City,5,88102,Dealer,Diesel,Manual,,1498 CC,98.6 bhp,91Nm@ 3500rpm,5.0,685000
Hyundai i20,Hyundai,i20,4,25000,individual,petrol,Manual,18.6 kmpl,1197 CC,81.83 bhp,190Nm@ 2000rpm,5.0,650000
Toyota Innova,Toyota,Innova,6,200000,Individual,  Diesel ,Manual,12.99 kmpl,2494 CC,100.6 bhp,250Nm@ 1500-2500rpm,8.0,850000
Toyota Innova,Toyota,Innova,10,187000,individual,Diesel,Manual,12.8 kmpl,2494 CC,102.0 bhp,200Nm@ 1750rpm,8.0,375000
Renault KWID,Renault,KWID,2,12123,Individual,Petrol,Manual,23.01 kmpl,999 CC,67.0 bhp,200Nm@ 1750rpm,5.0,375000
Maruti Swift,Maruti,Swift,8,80000,dealer,Diesel,Manual,22.9 kmpl,1248 CC,74.0 bhp,190Nm@ 2000rpm,5.0,315000
Renault KWID,Renault,KWID,3,30000,dealer,petrol,Manual,23.01 kmpl,999 CC,67.0 bhp,91Nm@ 3500rpm,5.0,410000
Maruti Alto,Maruti,Alto,6,32900,Individual,  Petrol ,Manual,23.95 kmpl,998 CC,67.1 bhp,"12.7@ 2,700(kgm@ rpm)",5.0,350000
Maruti Baleno,Maruti,Baleno,3,25000,Individual,Petrol,Manual,21.4 kmpl,1197 CC,83.1 bhp,200Nm@ 1750rpm,5.0,575000
Honda Amaze,Honda,Amaze,2,12000,Individual,Petrol,Manual,,1199 CC,88.76 bhp,190Nm@ 2000rpm,5.0,670000
Volkswagen Polo,Volkswagen,Polo,6,49000,  Dealer ,petrol,Automatic,17.21 kmpl,1197 CC,103.5 bhp,200Nm@ 1750rpm,5.0,621000
Maruti Wagon R,Maruti,Wagon R,8,48000,Individual,PETROL,Manual,20.51 kmpl,998 CC,67.04 bhp,190Nm@ 2000rpm,5.0,250000
Maruti Swift,Maruti,Swift,8,54000,individual,Diesel,Manual,22.9 kmpl,1248 CC,74.0 bhp,170Nm@ 1800-2400rpm,5.0,450000
Honda City,Honda,City,4,27880,Dealer,  Petrol ,Automatic,18.4 kmpl,1498 CC,119.3 bhp,91Nm@ 3500rpm,5.0,1145000
Hyundai Verna,Hyundai,Verna,2,22000,Dealer,diesel,Automatic,22.0 kmpl,1582 CC,126.2 bhp,24@ 1900(kgm@ rpm),5.0,1375000
Hyundai Grand,Hyundai,Grand,3,22000,dealer,Petrol,Manual,18.9 kmpl,1197 CC,81.86 bhp,250Nm@ 1500-2500rpm,5.0,475000
Maruti Ciaz,Maruti,Ciaz,5,45000,Individual,diesel,Manual,28.09 kmpl,1248 CC,88.5 bhp,170Nm@ 1800-2400rpm,5.0,780000
Hyundai i10,Hyundai,i10,10,39000,individual,petrol,Manual,20.36 kmpl,1197 CC,78.9 bhp,250Nm@ 1500-2500rpm,5.0,240000
Hyundai i10,Hyundai,i10,8,67000,DEALER,Petrol,Automatic,16.95 kmpl,,78.9 bhp,,5.0,429000
BMW 5,BMW,5,5,63000,Dealer,  Diesel ,Automatic,18.59 kmpl,2993 CC,261.49 bhp,"12.7@ 2,700(kgm@ rpm)",5.0,2600000
Honda WR-V,Honda,WR-V,4,34000,DEALER,Petrol,Manual,,1199 CC,88.7 bhp,200Nm@ 1750rpm,5.0,750000
Ford Ecosport,Ford,Ecosport,6,46000,individual,Petrol,Manual,15.85 kmpl,1499 CC,110.4 bhp,"12.7@ 2,700(kgm@ rpm)",5.0,700000
Maruti Swift Dzire,Maruti,Swift Dzire,2,10450,Dealer,DIESEL,Automatic,28.4 kmpl,1248 CC,74.02 bhp,"12.7@ 2,700(kgm@ rpm)",5.0,850000
Hyundai Grand,Hyundai,Grand,6,78389,dealer,diesel,Manual,24.0 kmpl,1120 CC,70.0 bhp,91Nm@ 3500rpm,5.0,540000
Toyota Fortuner,Toyota,Fortuner,11,200000,INDIVIDUAL,diesel,Manual,11.5 kmpl,2982 CC,171.0 bhp,113Nm@ 4000rpm,7.0,1200000
Maruti Swift Dzire,Maruti,Swift Dzire,3,30000,Dealer,Petrol,Manual,22.0 kmpl,1197 CC,81.8 bhp,24@ 1900(kgm@ rpm),5.0,740000
Toyota Innova,Toyota,Innova,6,78000,Dealer,Diesel,Manual,12.99 kmpl,2494 CC,,170Nm@ 1800-2400rpm,8.0,1020000
Skoda Rapid,Skoda,Rapid,5,47000,DEALER,Diesel,Automatic,21.66 kmpl,1498 CC,103.52 bhp,"12.7@ 2,700(kgm@ rpm)",5.0,700000
Mahindra XUV300,Mahindra,XUV300,2,30000,Individual,petrol,Manual,17.0 kmpl,1197 CC,110.0 bhp,190Nm@ 2000rpm,5.0,1130000
Maruti Celerio,Maruti,Celerio,4,50000,INDIVIDUAL,Petrol,Manual,23.1 kmpl,998 CC,67.04 bhp,250Nm@ 1500-2500rpm,5.0,350000
Volkswagen Vento,Volkswagen,Vento,7,69000,Dealer,petrol,Automatic,16.93 kmpl,1197 CC,103.2 bhp,170Nm@ 1800-2400rpm,5.0,485000
Maruti Swift,Maruti,Swift,11,42500,Dealer,Diesel,Manual,25.2 kmpl,1248 CC,74.0 bhp,170Nm@ 1800-2400rpm,5.0,219000
Honda City,Honda,City,7,54000,dealer,DIESEL,Manual,26.0 kmpl,1498 CC,98.6 bhp,250Nm@ 1500-2500rpm,5.0,495000
Maruti Wagon R,Maruti,Wagon R,8,39757,Dealer,petrol,Manual,20.51 kmpl,998 CC,67.04 bhp,200Nm@ 1750rpm,5.0,298000
Maruti Ertiga,Maruti,Ertiga,4,2100,Dealer,  Petrol ,Manual,,1462 CC,103.26 bhp,190Nm@ 2000rpm,7.0,725000
Land Rover Rover,Land Rover,Rover,10,78000,DEALER,Diesel,Automatic,14.7 kmpl,2993 CC,241.4 bhp,190Nm@ 2000rpm,6.0,2650000
Volkswagen Vento,Volkswagen,Vento,9,56527,  Dealer ,Petrol,Manual,15.04 kmpl,1598 CC,103.6 bhp,91Nm@ 3500rpm,5.0,500000
Ford Endeavour,Ford,Endeavour,13,120000,Individual,diesel,Manual,13.1 kmpl,2499 CC,141.0 bhp,190Nm@ 2000rpm,7.0,300000
Maruti Alto,Maruti,Alto,13,80000,dealer,Petrol,Manual,19.7 kmpl,796 CC,46.3 bhp,,5.0,135000
Volkswagen Vento,Volkswagen,Vento,10,110000,individual,petrol,Manual,15.8 kmpl,1598 CC,105.0 bhp,250Nm@ 1500-2500rpm,5.0,250000
Hyundai i20,Hyundai,i20,4,33000,dealer,Petrol,Manual,18.6 kmpl,1197 CC,81.83 bhp,250Nm@ 1500-2500rpm,5.0,625000
Maruti Baleno,Maruti,Baleno,4,21900,dealer,petrol,Automatic,19.56 kmpl,1197 CC,81.8 bhp,200Nm@ 1750rpm,5.0,700000
Maruti Ciaz,Maruti,Ciaz,3,23167,DEALER,Petrol,Manual,21.56 kmpl,1462 CC,103.25 bhp,113Nm@ 4000rpm,5.0,725000
Volkswagen Vento,Volkswagen,Vento,4,64253,DEALER,diesel,Manual,20.64 kmpl,1498 CC,108.49 bhp,190Nm@ 2000rpm,5.0,850000
Hyundai Grand,Hyundai,Grand,3,30000,Individual,Petrol,Manual,18.9 kmpl,1197 CC,81.86 bhp,200Nm@ 1750rpm,5.0,525000
Maruti Swift Dzire,Maruti,Swift Dzire,3,20000,Individual,Petrol,Manual,,1197 CC,81.8 bhp,24@ 1900(kgm@ rpm),5.0,600000
Maruti Alto,Maruti,Alto,4,60000,  Dealer ,PETROL,Manual,22.74 kmpl,796 CC,47.3 bhp,200Nm@ 1750rpm,5.0,310000
Maruti Wagon R,Maruti,Wagon R,4,15000,Individual,PETROL,Automatic,,998 CC,67.0 bhp,200Nm@ 1750rpm,5.0,425000
Honda City,Honda,City,3,26000,DEALER,Petrol,Automatic,17.4 kmpl,1497 CC,117.6 bhp,113Nm@ 4000rpm,5.0,1075000
Toyota Innova,Toyota,Innova,4,50000,Dealer,Petrol,Manual,11.25 kmpl,2694 CC,163.7 bhp,91Nm@ 3500rpm,7.0,1500000
Maruti Alto,Maruti,Alto,3,50000,Individual,petrol,Manual,23.95 kmpl,998 CC,67.05 bhp,190Nm@ 2000rpm,5.0,390000
Hyundai i10,Hyundai,i10,14,78000,Dealer,Petrol,Manual,20.36 kmpl,1197 CC,78.9 bhp,"12.7@ 2,700(kgm@ rpm)",,225000
Maruti Swift,Maruti,Swift,8,71233,  Dealer ,Diesel,Manual,28.4 kmpl,1248 CC,74.0 bhp,190Nm@ 2000rpm,5.0,440000
Honda City,Honda,City,2,13620,Dealer,Petrol,Manual,17.14 kmpl,1497 CC,117.6 bhp,91Nm@ 3500rpm,5.0,1350000
Toyota Fortuner,Toyota,Fortuner,1,29000,dealer,Diesel,Automatic,12.9 kmpl,2755 CC,174.5 bhp,170Nm@ 1800-2400rpm,7.0,3650000
Hyundai Verna,Hyundai,Verna,3,16500,Dealer,Petrol,Manual,17.43 kmpl,1396 CC,,113Nm@ 4000rpm,5.0,771000
Ford Figo,Ford,Figo,11,76400,Dealer,Diesel,Manual,20.0 kmpl,1399 CC,68.0 bhp,24@ 1900(kgm@ rpm),5.0,221000
Maruti Ertiga,Maruti,Ertiga,2,20000,  Individual ,DIESEL,Manual,25.47 kmpl,1248 CC,88.5 bhp,170Nm@ 1800-2400rpm,7.0,1064000
Hyundai i20,Hyundai,i20,5,15000,  Dealer ,Diesel,Manual,21.19 kmpl,1396 CC,88.76 bhp,170Nm@ 1800-2400rpm,5.0,599000
Maruti Swift,Maruti,Swift,9,49000,Dealer,Petrol,Manual,21.21 kmpl,1197 CC,81.8 bhp,200Nm@ 1750rpm,5.0,325000
Maruti Swift,Maruti,Swift,8,27000,Individual,  Diesel ,Manual,22.9 kmpl,1248 CC,74.0 bhp,200Nm@ 1750rpm,5.0,450000
Maruti Baleno,Maruti,Baleno,3,74000,Individual,  Diesel ,Manual,27.39 kmpl,1248 CC,74.0 bhp,190Nm@ 2000rpm,5.0,750000
Jaguar F-PACE,Jaguar,F-PACE,5,22000,Dealer,  Diesel ,Automatic,16.38 kmpl,1999 CC,177.0 bhp,170Nm@ 1800-2400rpm,5.0,4300000
Maruti Ignis,Maruti,Ignis,3,20000,individual,Petrol,Automatic,20.89 kmpl,1197 CC,81.8 bhp,91Nm@ 3500rpm,5.0,550000
Maruti Swift,Maruti,Swift,8,80000,Dealer,Diesel,Manual,28.4 kmpl,1248 CC,74.0 bhp,200Nm@ 1750rpm,5.0,335000
Maruti Ciaz,Maruti,Ciaz,3,30000,dealer,Petrol,Manual,20.65 kmpl,1462 CC,103.25 bhp,200Nm@ 1750rpm,5.0,765000
Maruti Swift Dzire,Maruti,Swift Dzire,6,60000,individual,Diesel,Manual,,1248 CC,74.0 bhp,113Nm@ 4000rpm,5.0,620000
Hyundai i10,Hyundai,i10,8,83677,Dealer,PETROL,Manual,19.81 kmpl,1086 CC,,190Nm@ 2000rpm,5.0,270000
Maruti Alto,Maruti,Alto,6,33000,Individual,Petrol,Manual,22.74 kmpl,796 CC,47.3 bhp,"12.7@ 2,700(kgm@ rpm)",5.0,260000
Honda WR-V,Honda,WR-V,3,40000,individual,  Diesel ,Manual,25.5 kmpl,1498 CC,98.6 bhp,91Nm@ 3500rpm,5.0,1000000
BMW 3,BMW,3,9,75000,DEALER,Diesel,Automatic,18.88 kmpl,,184.0 bhp,,5.0,1290000
Tata Nexon,Tata,Nexon,3,26000,Individual,Diesel,Manual,21.5 kmpl,1497 CC,108.5 bhp,113Nm@ 4000rpm,5.0,950000
Hyundai Verna,Hyundai,Verna,4,28000,Dealer,Petrol,Automatic,17.0 kmpl,1591 CC,121.3 bhp,24@ 1900(kgm@ rpm),5.0,1090000
Maruti Ignis,Maruti,Ignis,3,20000,Individual,Petrol,Manual,20.89 kmpl,1197 CC,81.8 bhp,91Nm@ 3500rpm,5.0,520000
Skoda Octavia,Skoda,Octavia,11,300000,Individual,Diesel,Manual,18.7 kmpl,1896 CC,66.0 bhp,170Nm@ 1800-2400rpm,5.0,400000
Maruti Alto,Maruti,Alto,9,76154,Dealer,Petrol,Manual,19.7 kmpl,796 CC,46.3 bhp,113Nm@ 4000rpm,5.0,275000
Hyundai i20,Hyundai,i20,5,11000,DEALER,  Petrol ,Manual,18.6 kmpl,1197 CC,81.83 bhp,"12.7@ 2,700(kgm@ rpm)",5.0,590000
Ford Ecosport,Ford,Ecosport,6,36203,dealer,Diesel,Manual,22.77 kmpl,1498 CC,98.59 bhp,113Nm@ 4000rpm,,725000
Mercedes-Benz CLS,Mercedes-Benz,CLS,10,103000,dealer,diesel,Automatic,19.4 kmpl,2143 CC,204.0 bhp,190Nm@ 2000rpm,4.0,700000
Mini Cooper,Mini,Cooper,6,70000,Dealer,Diesel,Automatic,16.6 kmpl,1998 CC,112.0 bhp,91Nm@ 3500rpm,,1550000
Hyundai i10,Hyundai,i10,11,68000,Dealer,Petrol,Automatic,16.95 kmpl,1197 CC,78.9 bhp,"12.7@ 2,700(kgm@ rpm)",5.0,325000
Maruti Wagon R,Maruti,Wagon R,11,147626,Individual,petrol,Manual,18.9 kmpl,,67.0 bhp,,5.0,199000
Maruti Swift Dzire,Maruti,Swift Dzire,4,70000,Individual,diesel,Manual,26.59 kmpl,1248 CC,74.0 bhp,91Nm@ 3500rpm,5.0,590000
Hyundai Venue,Hyundai,Venue,2,27589,Dealer,  Petrol ,Manual,18.27 kmpl,998 CC,118.35 bhp,24@ 1900(kgm@ rpm),5.0,1040000
Mahindra Bolero,Mahindra,Bolero,5,62257,Dealer,Diesel,Manual,21.0 kmpl,1498 CC,74.96 bhp,190Nm@ 2000rpm,7.0,680000
Hyundai i20,Hyundai,i20,7,54159,Dealer,petrol,Manual,18.6 kmpl,1197 CC,81.83 bhp,24@ 1900(kgm@ rpm),5.0,410000
Mahindra Bolero,Mahindra,Bolero,2,23000,Dealer,Diesel,Manual,15.96 kmpl,2523 CC,62.1 bhp,250Nm@ 1500-2500rpm,7.0,800000
Hyundai i20,Hyundai,i20,7,67300,DEALER,  Diesel ,Manual,23.0 kmpl,,90.0 bhp,,5.0,368000
Maruti Celerio,Maruti,Celerio,4,15500,Dealer,  Petrol ,Automatic,,998 CC,67.04 bhp,91Nm@ 3500rpm,5.0,485000
Maruti Swift,Maruti,Swift,5,13300,Dealer,petrol,Manual,,1197 CC,85.0 bhp,250Nm@ 1500-2500rpm,5.0,510000
Honda Amaze,Honda,Amaze,2,5000,Individual,petrol,Automatic,19.0 kmpl,1199 CC,88.76 bhp,"12.7@ 2,700(kgm@ rpm)",5.0,800000
Maruti Swift,Maruti,Swift,11,57000,  Dealer ,PETROL,Manual,16.1 kmpl,1298 CC,88.2 bhp,170Nm@ 1800-2400rpm,5.0,250000
Datsun RediGO,Datsun,RediGO,4,21696,Dealer,petrol,Manual,22.7 kmpl,799 CC,53.64 bhp,"12.7@ 2,700(kgm@ rpm)",5.0,290000
Mahindra XUV500,Mahindra,XUV500,8,70000,INDIVIDUAL,  Diesel ,Manual,15.1 kmpl,2179 CC,140.0 bhp,91Nm@ 3500rpm,7.0,800000
Maruti Swift Dzire,Maruti,Swift Dzire,4,35000,INDIVIDUAL,DIESEL,Manual,28.4 kmpl,1248 CC,74.02 bhp,190Nm@ 2000rpm,5.0,750000
Maruti Swift,Maruti,Swift,6,90000,  Individual ,Diesel,Manual,25.2 kmpl,1248 CC,74.0 bhp,"12.7@ 2,700(kgm@ rpm)",5.0,460000
BMW 7,BMW,7,6,24501,Dealer,Diesel,Automatic,,2993 CC,258.0 bhp,91Nm@ 3500rpm,5.0,4990000
Ford Ecosport,Ford,Ecosport,2,36520,  Dealer ,Diesel,Manual,22.77 kmpl,1498 CC,98.59 bhp,250Nm@ 1500-2500rpm,5.0,1090000
Hyundai Verna,Hyundai,Verna,9,55000,Individual,Diesel,Manual,22.32 kmpl,1582 CC,126.32 bhp,170Nm@ 1800-2400rpm,5.0,450000
Hyundai i10,Hyundai,i10,11,53000,individual,Petrol,Manual,20.36 kmpl,1197 CC,78.9 bhp,91Nm@ 3500rpm,5.0,170000
Maruti Wagon R,Maruti,Wagon R,11,82000,dealer,Petrol,Manual,18.9 kmpl,998 CC,67.1 bhp,91Nm@ 3500rpm,5.0,275000
Ford Figo,Ford,Figo,5,50000,individual,Diesel,Manual,25.83 kmpl,1498 CC,,250Nm@ 1500-2500rpm,5.0,525000
Honda City,Honda,City,6,80540,DEALER,Diesel,Manual,26.0 kmpl,1498 CC,98.6 bhp,170Nm@ 1800-2400rpm,5.0,585000
Honda City,Honda,City,6,54000,DEALER,  Petrol ,Automatic,18.0 kmpl,1497 CC,117.3 bhp,"12.7@ 2,700(kgm@ rpm)",5.0,795000
Renault Duster,Renault,Duster,8,70000,Individual,diesel,Manual,19.01 kmpl,1461 CC,108.45 bhp,"12.7@ 2,700(kgm@ rpm)",,500000
Skoda Octavia,Skoda,Octavia,3,63500,Dealer,  Diesel ,Automatic,19.5 kmpl,1968 CC,141.0 bhp,250Nm@ 1500-2500rpm,5.0,1950000
Hyundai Verna,Hyundai,Verna,4,30700,Dealer,diesel,Manual,23.9 kmpl,1582 CC,126.2 bhp,"12.7@ 2,700(kgm@ rpm)",,925000
Hyundai i20,Hyundai,i20,8,63000,dealer,Diesel,Manual,21.9 kmpl,1396 CC,88.76 bhp,250Nm@ 1500-2500rpm,5.0,460000
Maruti Ciaz,Maruti,Ciaz,4,38731,Dealer,Petrol,Manual,20.73 kmpl,1373 CC,91.1 bhp,"12.7@ 2,700(kgm@ rpm)",5.0,765000
Honda Amaze,Honda,Amaze,5,40000,INDIVIDUAL,Diesel,Manual,25.8 kmpl,1498 CC,98.6 bhp,91Nm@ 3500rpm,5.0,400000
Hyundai Grand,Hyundai,Grand,2,27000,DEALER,Petrol,Automatic,,1197 CC,81.86 bhp,"12.7@ 2,700(kgm@ rpm)",5.0,550000
Honda City,Honda,City,8,65000,Dealer,Petrol,Manual,17.0 kmpl,1497 CC,118.0 bhp,113Nm@ 4000rpm,5.0,500000
Renault Duster,Renault,Duster,4,50000,Individual,  Diesel ,Manual,19.87 kmpl,1461 CC,83.8 bhp,24@ 1900(kgm@ rpm),5.0,750000
Maruti Swift Dzire,Maruti,Swift Dzire,4,28860,DEALER,  Diesel ,Manual,23.4 kmpl,1248 CC,74.0 bhp,,5.0,520000
Maruti Swift,Maruti,Swift,9,38000,Dealer,Petrol,Manual,18.6 kmpl,1197 CC,85.8 bhp,91Nm@ 3500rpm,5.0,320000
Volkswagen Polo,Volkswagen,Polo,4,77000,individual,Diesel,Manual,20.14 kmpl,1498 CC,88.0 bhp,113Nm@ 4000rpm,5.0,600000
Maruti Baleno,Maruti,Baleno,5,60000,Individual,Petrol,Automatic,21.4 kmpl,1197 CC,83.1 bhp,170Nm@ 1800-2400rpm,5.0,600000
Maruti Eeco,Maruti,Eeco,2,25000,Individual,CNG,Manual,21.94 km/kg,1196 CC,,113Nm@ 4000rpm,5.0,370000
Mercedes-Benz E-Class,Mercedes-Benz,E-Class,6,33000,dealer,DIESEL,Automatic,13.0 kmpl,,201.1 bhp,,5.0,2450000
Mahindra Scorpio,Mahindra,Scorpio,6,40000,Dealer,diesel,Manual,15.4 kmpl,1997 CC,120.0 bhp,190Nm@ 2000rpm,7.0,1051000
Ford Ecosport,Ford,Ecosport,7,81000,Dealer,Diesel,Manual,22.7 kmpl,1498 CC,89.84 bhp,170Nm@ 1800-2400rpm,5.0,575000
Honda City,Honda,City,7,69000,dealer,Diesel,Manual,25.1 kmpl,1498 CC,98.6 bhp,91Nm@ 3500rpm,5.0,550000
Maruti Ciaz,Maruti,Ciaz,3,33000,  Dealer ,petrol,Automatic,19.12 kmpl,1373 CC,91.1 bhp,24@ 1900(kgm@ rpm),5.0,945000
Maruti Alto,Maruti,Alto,8,70000,Individual,Petrol,Manual,22.74 kmpl,796 CC,47.3 bhp,170Nm@ 1800-2400rpm,5.0,170000
Toyota Innova,Toyota,Innova,5,58000,Dealer,  Diesel ,Automatic,11.36 kmpl,2755 CC,171.5 bhp,24@ 1900(kgm@ rpm),8.0,1649000
Mahindra Scorpio,Mahindra,Scorpio,5,20000,Individual,Diesel,Manual,15.4 kmpl,1997 CC,120.0 bhp,24@ 1900(kgm@ rpm),7.0,879000
Honda Amaze,Honda,Amaze,8,65675,Dealer,DIESEL,Manual,25.8 kmpl,1498 CC,98.6 bhp,200Nm@ 1750rpm,5.0,490000
Maruti Alto,Maruti,Alto,6,45000,DEALER,Petrol,Manual,24.7 kmpl,796 CC,47.3 bhp,250Nm@ 1500-2500rpm,5.0,265000
Ford Figo,Ford,Figo,10,56000,Dealer,Petrol,Manual,15.6 kmpl,1196 CC,70.02 bhp,200Nm@ 1750rpm,5.0,364000
Hyundai Grand,Hyundai,Grand,8,31178,Dealer,petrol,Automatic,18.9 kmpl,1197 CC,81.86 bhp,91Nm@ 3500rpm,5.0,400000
Hyundai Grand,Hyundai,Grand,5,60000,Individual,petrol,Manual,18.9 kmpl,1197 CC,82.0 bhp,"12.7@ 2,700(kgm@ rpm)",5.0,460000
Audi A6,Audi,A6,10,68000,  Dealer ,Diesel,Automatic,,1968 CC,174.33 bhp,170Nm@ 1800-2400rpm,5.0,1600000
BMW 3,BMW,3,3,28000,Dealer,Diesel,Automatic,21.76 kmpl,1995 CC,188.0 bhp,24@ 1900(kgm@ rpm),5.0,3600000
BMW X1,BMW,X1,5,30000,INDIVIDUAL,Diesel,Automatic,20.68 kmpl,1995 CC,188.0 bhp,91Nm@ 3500rpm,5.0,2200000
Maruti Alto,Maruti,Alto,9,70000,individual,PETROL,Manual,20.92 kmpl,998 CC,,250Nm@ 1500-2500rpm,5.0,231000
Maruti Alto,Maruti,Alto,12,43000,individual,PETROL,Manual,19.7 kmpl,796 CC,46.3 bhp,170Nm@ 1800-2400rpm,5.0,140000
Maruti Alto,Maruti,Alto,4,30903,Dealer,Petrol,Manual,23.95 kmpl,998 CC,67.05 bhp,113Nm@ 4000rpm,5.0,377000
Maruti Wagon R,Maruti,Wagon R,12,102558,Individual,petrol,Manual,18.9 kmpl,1061 CC,67.0 bhp,24@ 1900(kgm@ rpm),5.0,120000
Honda City,Honda,City,6,78000,dealer,Diesel,Manual,26.0 kmpl,1498 CC,98.6 bhp,250Nm@ 1500-2500rpm,5.0,651000
Hyundai Creta,Hyundai,Creta,6,77559,Dealer,diesel,Manual,19.67 kmpl,1582 CC,126.2 bhp,250Nm@ 1500-2500rpm,5.0,860000
Volkswagen Polo,Volkswagen,Polo,8,32000,Individual,  Diesel ,Manual,22.07 kmpl,1199 CC,73.9 bhp,24@ 1900(kgm@ rpm),5.0,300000
Mercedes-Benz CLS,Mercedes-Benz,CLS,2,6000,DEALER,DIESEL,Automatic,19.0 kmpl,1950 CC,,91Nm@ 3500rpm,5.0,7500000
Honda City,Honda,City,2,15000,Individual,Diesel,Manual,25.6 kmpl,1498 CC,97.9 bhp,250Nm@ 1500-2500rpm,5.0,1050000
Maruti Baleno,Maruti,Baleno,3,50000,Dealer,Diesel,Manual,27.39 kmpl,1248 CC,74.0 bhp,170Nm@ 1800-2400rpm,5.0,760000
Maruti Swift Dzire,Maruti,Swift Dzire,7,46001,  Dealer ,Diesel,Manual,19.3 kmpl,1248 CC,73.9 bhp,"12.7@ 2,700(kgm@ rpm)",5.0,465000
Volkswagen Vento,Volkswagen,Vento,4,65000,Dealer,Diesel,Manual,22.27 kmpl,1498 CC,108.6 bhp,190Nm@ 2000rpm,5.0,570000
Honda WR-V,Honda,WR-V,4,46000,Dealer,Diesel,Manual,25.5 kmpl,1498 CC,98.6 bhp,91Nm@ 3500rpm,5.0,725000
Maruti Ciaz,Maruti,Ciaz,3,18894,  Trustmark Dealer ,petrol,Automatic,20.04 kmpl,1462 CC,103.25 bhp,200Nm@ 1750rpm,5.0,850000
Hyundai Verna,Hyundai,Verna,9,57400,DEALER,diesel,Manual,16.8 kmpl,1493 CC,110.0 bhp,24@ 1900(kgm@ rpm),5.0,525000
Toyota Camry,Toyota,Camry,7,53000,DEALER,petrol,Automatic,12.98 kmpl,2494 CC,178.3 bhp,250Nm@ 1500-2500rpm,5.0,1099000
Maruti Wagon R,Maruti,Wagon R,8,58288,  Dealer ,CNG,Manual,26.2 km/kg,998 CC,58.2 bhp,250Nm@ 1500-2500rpm,5.0,350000
Toyota Innova,Toyota,Innova,5,60000,Individual,Diesel,Automatic,11.36 kmpl,2755 CC,171.5 bhp,170Nm@ 1800-2400rpm,7.0,1800000
Maruti Vitara,Maruti,Vitara,4,68200,Dealer,Diesel,Manual,24.3 kmpl,1248 CC,88.5 bhp,"12.7@ 2,700(kgm@ rpm)",5.0,750000
Mahindra Scorpio,Mahindra,Scorpio,4,68462,Dealer,Diesel,Manual,,2179 CC,120.0 bhp,250Nm@ 1500-2500rpm,7.0,900000
BMW 7,BMW,7,10,78000,Dealer,Diesel,Automatic,16.46 kmpl,2993 CC,258.0 bhp,91Nm@ 3500rpm,5.0,1645000
Honda CR-V,Honda,CR-V,4,55000,Dealer,  Petrol ,Automatic,13.7 kmpl,1997 CC,153.86 bhp,200Nm@ 1750rpm,5.0,1750000
Hyundai Grand,Hyundai,Grand,5,30000,Individual,Petrol,Manual,18.9 kmpl,1197 CC,82.0 bhp,200Nm@ 1750rpm,,390000
Toyota Innova,Toyota,Innova,2,29250,dealer,diesel,Manual,13.68 kmpl,2393 CC,147.8 bhp,190Nm@ 2000rpm,8.0,1950000
Hyundai i10,Hyundai,i10,9,42000,Dealer,Petrol,Manual,20.36 kmpl,1197 CC,78.9 bhp,24@ 1900(kgm@ rpm),5.0,229000
Ford Ecosport,Ford,Ecosport,4,40000,Individual,Diesel,Manual,22.77 kmpl,1498 CC,98.59 bhp,24@ 1900(kgm@ rpm),5.0,888000
Ford Ecosport,Ford,Ecosport,7,60000,Dealer,Diesel,Manual,22.7 kmpl,1498 CC,89.84 bhp,250Nm@ 1500-2500rpm,5.0,460000
Honda City,Honda,City,7,30000,Individual,Petrol,Automatic,18.0 kmpl,1497 CC,117.3 bhp,113Nm@ 4000rpm,5.0,825000
Hyundai Grand,Hyundai,Grand,5,65000,Dealer,Petrol,Manual,18.9 kmpl,1197 CC,82.0 bhp,24@ 1900(kgm@ rpm),5.0,475000
Hyundai Grand,Hyundai,Grand,7,103431,Dealer,Diesel,Manual,24.0 kmpl,1120 CC,70.0 bhp,170Nm@ 1800-2400rpm,5.0,345000
Tata Nexon,Tata,Nexon,2,6507,Dealer,Petrol,Automatic,17.0 kmpl,1198 CC,108.5 bhp,113Nm@ 4000rpm,5.0,875000
Maruti Swift,Maruti,Swift,10,80000,Individual,Diesel,Manual,,1248 CC,74.0 bhp,24@ 1900(kgm@ rpm),5.0,285000
Honda City,Honda,City,7,80633,Dealer,Diesel,Manual,26.0 kmpl,1498 CC,98.6 bhp,190Nm@ 2000rpm,5.0,575000
Hyundai Verna,Hyundai,Verna,5,75000,Dealer,  Diesel ,Automatic,19.08 kmpl,1582 CC,126.2 bhp,"12.7@ 2,700(kgm@ rpm)",5.0,650000
Tata Nexon,Tata,Nexon,3,80000,Individual,Diesel,Manual,21.5 kmpl,1497 CC,108.5 bhp,170Nm@ 1800-2400rpm,5.0,785000
Maruti Alto,Maruti,Alto,5,68000,dealer,Petrol,Manual,23.95 kmpl,998 CC,,190Nm@ 2000rpm,5.0,325000
Land Rover Rover,Land Rover,Rover,3,38000,dealer,Diesel,Automatic,18.0 kmpl,2993 CC,255.0 bhp,190Nm@ 2000rpm,7.0,3980000
Honda City,Honda,City,9,64498,Dealer,Petrol,Automatic,15.6 kmpl,1497 CC,116.3 bhp,250Nm@ 1500-2500rpm,5.0,450000
Honda Amaze,Honda,Amaze,2,35000,Individual,  Petrol ,Manual,19.5 kmpl,1199 CC,88.76 bhp,91Nm@ 3500rpm,5.0,550000
Maruti Eeco,Maruti,Eeco,6,60200,  Dealer ,CNG,Manual,21.94 km/kg,,61.7 bhp,,5.0,385000
Ford Ecosport,Ford,Ecosport,6,50000,Dealer,DIESEL,Manual,,1498 CC,98.96 bhp,250Nm@ 1500-2500rpm,5.0,560000
Renault KWID,Renault,KWID,4,17000,Dealer,petrol,Automatic,24.04 kmpl,999 CC,67.0 bhp,"12.7@ 2,700(kgm@ rpm)",5.0,385000
Audi A4,Audi,A4,8,43000,Dealer,Diesel,Automatic,17.11 kmpl,1968 CC,174.33 bhp,"12.7@ 2,700(kgm@ rpm)",5.0,1251000
Maruti Ertiga,Maruti,Ertiga,6,77000,Dealer,CNG,Manual,17.5 km/kg,1373 CC,80.46 bhp,200Nm@ 1750rpm,7.0,645000
Hyundai i20,Hyundai,i20,6,20000,Individual,Petrol,Manual,,1197 CC,81.83 bhp,,5.0,450000
Maruti Swift,Maruti,Swift,3,30000,Individual,Petrol,Manual,22.0 kmpl,1197 CC,81.8 bhp,190Nm@ 2000rpm,5.0,550000
Honda WR-V,Honda,WR-V,4,22542,DEALER,  Diesel ,Manual,25.5 kmpl,1498 CC,98.6 bhp,,5.0,749000
Volkswagen Polo,Volkswagen,Polo,8,83500,Dealer,Diesel,Manual,15.11 kmpl,1598 CC,103.6 bhp,91Nm@ 3500rpm,5.0,465000
Maruti Swift,Maruti,Swift,8,50000,Dealer,Petrol,Manual,18.6 kmpl,1197 CC,85.8 bhp,250Nm@ 1500-2500rpm,5.0,475000
Land Rover Rover,Land Rover,Rover,7,61000,Dealer,Diesel,Automatic,12.65 kmpl,2993 CC,296.0 bhp,24@ 1900(kgm@ rpm),5.0,5700000
Mahindra KUV,Mahindra,KUV,3,5000,Dealer,petrol,Manual,18.15 kmpl,1198 CC,82.0 bhp,"12.7@ 2,700(kgm@ rpm)",,419000
Renault Duster,Renault,Duster,6,66000,  Dealer ,Diesel,Manual,20.46 kmpl,1461 CC,83.8 bhp,190Nm@ 2000rpm,5.0,625000
Audi A6,Audi,A6,8,74000,  Dealer ,Diesel,Automatic,17.68 kmpl,1968 CC,174.33 bhp,190Nm@ 2000rpm,5.0,1600000
Maruti Alto,Maruti,Alto,14,60000,Individual,Petrol,Manual,19.7 kmpl,796 CC,46.3 bhp,170Nm@ 1800-2400rpm,5.0,80000
Honda City,Honda,City,11,59000,individual,Petrol,Manual,17.0 kmpl,1497 CC,118.0 bhp,190Nm@ 2000rpm,5.0,400000
Ford Ecosport,Ford,Ecosport,4,11000,DEALER,Petrol,Manual,18.88 kmpl,999 CC,123.24 bhp,"12.7@ 2,700(kgm@ rpm)",5.0,950000
Toyota Innova,Toyota,Innova,3,58000,dealer,Diesel,Manual,13.68 kmpl,2393 CC,147.8 bhp,170Nm@ 1800-2400rpm,8.0,1450000
Maruti Alto,Maruti,Alto,10,59455,dealer,petrol,Manual,19.7 kmpl,796 CC,46.3 bhp,91Nm@ 3500rpm,5.0,175000
Honda City,Honda,City,5,57000,Dealer,petrol,Manual,17.4 kmpl,,117.3 bhp,,5.0,725000
Ford Ecosport,Ford,Ecosport,7,64532,  Dealer ,Diesel,Manual,22.7 kmpl,1498 CC,89.84 bhp,250Nm@ 1500-2500rpm,5.0,465000
Hyundai Creta,Hyundai,Creta,6,120000,Individual,diesel,Automatic,,1582 CC,126.2 bhp,91Nm@ 3500rpm,5.0,850000
Volkswagen Vento,Volkswagen,Vento,7,56000,Dealer,Petrol,Automatic,16.93 kmpl,1197 CC,103.2 bhp,91Nm@ 3500rpm,5.0,610000
Honda City,Honda,City,5,45000,Individual,Petrol,Manual,17.8 kmpl,1497 CC,117.3 bhp,91Nm@ 3500rpm,5.0,800000
Mercedes-Benz C-Class,Mercedes-Benz,C-Class,10,58000,dealer,DIESEL,Automatic,14.94 kmpl,2143 CC,204.0 bhp,250Nm@ 1500-2500rpm,5.0,1090000
Renault KWID,Renault,KWID,5,25000,Dealer,PETROL,Manual,25.17 kmpl,799 CC,53.3 bhp,24@ 1900(kgm@ rpm),,275000
Maruti Alto,Maruti,Alto,11,67789,Dealer,PETROL,Manual,19.7 kmpl,796 CC,46.3 bhp,91Nm@ 3500rpm,5.0,175000
Mahindra KUV100,Mahindra,KUV100,3,15000,Individual,Petrol,Manual,18.15 kmpl,1198 CC,82.0 bhp,24@ 1900(kgm@ rpm),5.0,470000
Hyundai i20,Hyundai,i20,5,90000,  Individual ,Diesel,Manual,22.54 kmpl,1396 CC,88.73 bhp,24@ 1900(kgm@ rpm),5.0,540000
Tata Tiago,Tata,Tiago,4,32000,Dealer,Petrol,Manual,23.84 kmpl,1199 CC,84.0 bhp,190Nm@ 2000rpm,,465000
Maruti Swift Dzire,Maruti,Swift Dzire,3,70000,  Individual ,diesel,Manual,28.4 kmpl,1248 CC,74.02 bhp,200Nm@ 1750rpm,5.0,690000
Hyundai Verna,Hyundai,Verna,4,32200,dealer,Petrol,Automatic,17.1 kmpl,1591 CC,121.4 bhp,170Nm@ 1800-2400rpm,5.0,945000
Maruti Wagon R,Maruti,Wagon R,12,70000,  Individual ,Petrol,Manual,,1061 CC,67.0 bhp,"12.7@ 2,700(kgm@ rpm)",,150000
Hyundai Venue,Hyundai,Venue,2,11000,  Dealer ,Petrol,Manual,18.27 kmpl,998 CC,118.35 bhp,170Nm@ 1800-2400rpm,5.0,1075000
Datsun GO,Datsun,GO,4,40000,  Individual ,Petrol,Manual,20.63 kmpl,1198 CC,67.06 bhp,190Nm@ 2000rpm,5.0,335000
Kia Seltos,Kia,Seltos,2,5000,  Individual ,  Diesel ,Manual,20.8 kmpl,1493 CC,113.4 bhp,200Nm@ 1750rpm,,1549000
Maruti Wagon R,Maruti,Wagon R,6,90000,  Individual ,  Petrol ,Manual,20.51 kmpl,998 CC,67.04 bhp,91Nm@ 3500rpm,5.0,300000
Maruti Swift,Maruti,Swift,8,64529,Dealer,Petrol,Manual,18.6 kmpl,1197 CC,85.8 bhp,24@ 1900(kgm@ rpm),5.0,400000
Hyundai i10,Hyundai,i10,12,70000,Individual,petrol,Manual,20.36 kmpl,1197 CC,78.9 bhp,91Nm@ 3500rpm,5.0,230000
Hyundai i20,Hyundai,i20,4,68678,Dealer,Diesel,Manual,21.19 kmpl,1396 CC,88.76 bhp,190Nm@ 2000rpm,5.0,751000
Maruti Wagon R,Maruti,Wagon R,8,40000,DEALER,Petrol,Manual,18.9 kmpl,998 CC,67.1 bhp,250Nm@ 1500-2500rpm,5.0,285000
Maruti Swift Dzire,Maruti,Swift Dzire,6,50000,  Dealer ,petrol,Manual,22.0 kmpl,1197 CC,81.8 bhp,91Nm@ 3500rpm,5.0,490000
Mercedes-Benz E-Class,Mercedes-Benz,E-Class,9,1325000,dealer,DIESEL,Automatic,11.5 kmpl,2987 CC,210.0 bhp,91Nm@ 3500rpm,5.0,1350000
Toyota Innova,Toyota,Innova,9,120000,Individual,Diesel,Manual,12.99 kmpl,2494 CC,,113Nm@ 4000rpm,8.0,850000
Volkswagen Vento,Volkswagen,Vento,9,58000,dealer,diesel,Manual,20.54 kmpl,1598 CC,103.6 bhp,200Nm@ 1750rpm,5.0,325000
Mahindra Bolero,Mahindra,Bolero,3,30000,INDIVIDUAL,Diesel,Manual,15.96 kmpl,2523 CC,63.0 bhp,250Nm@ 1500-2500rpm,9.0,750000
BMW X5,BMW,X5,7,68000,Dealer,Diesel,Automatic,11.7 kmpl,2993 CC,,170Nm@ 1800-2400rpm,5.0,3200000
Maruti Ciaz,Maruti,Ciaz,1,6003,trustmark dealer,PETROL,Manual,21.56 kmpl,1462 CC,103.25 bhp,113Nm@ 4000rpm,5.0,875000
Hyundai i20,Hyundai,i20,5,57000,Dealer,Petrol,Manual,17.19 kmpl,1197 CC,81.86 bhp,190Nm@ 2000rpm,5.0,590000
Volkswagen Vento,Volkswagen,Vento,6,49000,Dealer,  Diesel ,Automatic,21.21 kmpl,1498 CC,103.2 bhp,91Nm@ 3500rpm,5.0,695000
Ford Freestyle,Ford,Freestyle,2,50000,INDIVIDUAL,PETROL,Manual,19.0 kmpl,1194 CC,94.68 bhp,200Nm@ 1750rpm,5.0,650000
Honda City,Honda,City,6,29675,Dealer,Petrol,Automatic,,1497 CC,117.3 bhp,24@ 1900(kgm@ rpm),5.0,795000
Maruti Celerio,Maruti,Celerio,7,52500,DEALER,Petrol,Automatic,23.1 kmpl,998 CC,67.04 bhp,24@ 1900(kgm@ rpm),5.0,375000
Honda Amaze,Honda,Amaze,6,71572,dealer,Diesel,Manual,25.8 kmpl,1498 CC,98.6 bhp,"12.7@ 2,700(kgm@ rpm)",5.0,455000
Ford Ecosport,Ford,Ecosport,3,15000,Individual,petrol,Manual,17.0 kmpl,1497 CC,,170Nm@ 1800-2400rpm,5.0,900000
Maruti Swift Dzire,Maruti,Swift Dzire,6,20000,  Individual ,Petrol,Manual,20.85 kmpl,1197 CC,83.14 bhp,113Nm@ 4000rpm,,520000
Maruti Swift,Maruti,Swift,2,11320,Individual,  Petrol ,Manual,21.21 kmpl,1197 CC,81.8 bhp,170Nm@ 1800-2400rpm,5.0,700000
Maruti Ertiga,Maruti,Ertiga,4,45280,TRUSTMARK DEALER,CNG,Manual,17.5 km/kg,1373 CC,80.46 bhp,"12.7@ 2,700(kgm@ rpm)",7.0,775000
Toyota Innova,Toyota,Innova,2,9154,Dealer,  Diesel ,Manual,13.68 kmpl,2393 CC,147.8 bhp,24@ 1900(kgm@ rpm),7.0,2100000
Volkswagen Polo,Volkswagen,Polo,5,74200,Dealer,Diesel,Manual,22.07 kmpl,1199 CC,73.9 bhp,"12.7@ 2,700(kgm@ rpm)",5.0,387000
Mahindra Bolero,Mahindra,Bolero,6,42135,Dealer,Diesel,Manual,21.0 kmpl,1498 CC,74.96 bhp,"12.7@ 2,700(kgm@ rpm)",7.0,561000
Maruti Swift Dzire,Maruti,Swift Dzire,2,57000,Individual,Diesel,Manual,28.4 kmpl,1248 CC,74.02 bhp,24@ 1900(kgm@ rpm),5.0,750000
Honda Jazz,Honda,Jazz,5,48731,DEALER,Petrol,Manual,18.7 kmpl,1199 CC,88.7 bhp,"12.7@ 2,700(kgm@ rpm)",5.0,650000
Maruti Celerio,Maruti,Celerio,5,70000,individual,Petrol,Manual,,998 CC,67.04 bhp,170Nm@ 1800-2400rpm,5.0,375000
Maruti Alto,Maruti,Alto,3,17000,Dealer,Petrol,Manual,24.7 kmpl,796 CC,47.3 bhp,113Nm@ 4000rpm,5.0,345000
BMW 7,BMW,7,7,48000,Dealer,diesel,Automatic,16.46 kmpl,2993 CC,258.0 bhp,"12.7@ 2,700(kgm@ rpm)",5.0,3350000
Volkswagen Vento,Volkswagen,Vento,2,10000,DEALER,Petrol,Automatic,,1197 CC,103.2 bhp,250Nm@ 1500-2500rpm,5.0,1150000
Maruti Alto,Maruti,Alto,3,22000,Individual,petrol,Manual,24.7 kmpl,796 CC,47.3 bhp,"12.7@ 2,700(kgm@ rpm)",5.0,304000
Skoda Octavia,Skoda,Octavia,6,115000,  Dealer ,Diesel,Automatic,19.3 kmpl,1968 CC,,200Nm@ 1750rpm,5.0,999000
Renault Duster,Renault,Duster,5,80000,Individual,DIESEL,Manual,19.6 kmpl,1461 CC,108.45 bhp,,5.0,640000
Hyundai Creta,Hyundai,Creta,5,62000,  Individual ,diesel,Manual,19.67 kmpl,1582 CC,126.2 bhp,24@ 1900(kgm@ rpm),5.0,1150000
Hyundai Creta,Hyundai,Creta,3,82000,Dealer,Diesel,Manual,19.67 kmpl,1582 CC,126.2 bhp,170Nm@ 1800-2400rpm,5.0,1135000
Maruti Celerio,Maruti,Celerio,3,20067,trustmark dealer,Petrol,Manual,21.63 kmpl,998 CC,67.04 bhp,91Nm@ 3500rpm,5.0,410000
Hyundai Creta,Hyundai,Creta,4,54000,  Dealer ,  Petrol ,Manual,15.8 kmpl,1591 CC,121.3 bhp,170Nm@ 1800-2400rpm,5.0,1050000
Mahindra XUV500,Mahindra,XUV500,3,18000,dealer,diesel,Automatic,16.0 kmpl,2179 CC,140.0 bhp,113Nm@ 4000rpm,7.0,1300000
Skoda Superb,Skoda,Superb,2,8500,Dealer,Diesel,Automatic,,1968 CC,174.5 bhp,200Nm@ 1750rpm,5.0,3550000
Maruti Celerio,Maruti,Celerio,6,36000,  Dealer ,  Petrol ,Automatic,23.1 kmpl,998 CC,67.04 bhp,200Nm@ 1750rpm,5.0,430000
Toyota Innova,Toyota,Innova,3,28000,Dealer,diesel,Automatic,11.36 kmpl,2755 CC,171.5 bhp,250Nm@ 1500-2500rpm,8.0,1890000
Hyundai Creta,Hyundai,Creta,5,45000,Dealer,diesel,Automatic,17.01 kmpl,1582 CC,126.2 bhp,200Nm@ 1750rpm,5.0,1170000
Ford Ecosport,Ford,Ecosport,6,70727,Trustmark Dealer,Petrol,Automatic,16.5 kmpl,1499 CC,110.0 bhp,170Nm@ 1800-2400rpm,5.0,605000
Maruti Ciaz,Maruti,Ciaz,6,45000,Dealer,DIESEL,Manual,28.09 kmpl,1248 CC,88.5 bhp,24@ 1900(kgm@ rpm),5.0,536000
Hyundai i20,Hyundai,i20,7,70000,  Dealer ,Diesel,Manual,22.54 kmpl,1396 CC,88.76 bhp,24@ 1900(kgm@ rpm),5.0,340000
Tata Nexon,Tata,Nexon,3,33000,Dealer,DIESEL,Automatic,21.5 kmpl,1497 CC,108.5 bhp,113Nm@ 4000rpm,5.0,951000
Toyota Innova,Toyota,Innova,4,86032,Dealer,DIESEL,Manual,13.68 kmpl,2393 CC,147.8 bhp,250Nm@ 1500-2500rpm,7.0,1850000
Maruti Celerio,Maruti,Celerio,5,12000,DEALER,Petrol,Automatic,23.1 kmpl,998 CC,67.04 bhp,91Nm@ 3500rpm,5.0,475000
Mahindra XUV500,Mahindra,XUV500,6,39838,Dealer,  Diesel ,Manual,16.0 kmpl,2179 CC,140.0 bhp,200Nm@ 1750rpm,7.0,1095000
Hyundai i20,Hyundai,i20,9,134000,individual,Diesel,Manual,23.0 kmpl,1396 CC,90.0 bhp,91Nm@ 3500rpm,5.0,450000
Maruti Alto,Maruti,Alto,13,100000,individual,Petrol,Manual,19.7 kmpl,796 CC,46.3 bhp,91Nm@ 3500rpm,5.0,80000
Maruti Wagon R,Maruti,Wagon R,14,42125,Dealer,LPG,Manual,17.3 km/kg,,57.5 bhp,,5.0,120000
Maruti Alto,Maruti,Alto,5,31000,DEALER,cng,Manual,32.26 km/kg,998 CC,,170Nm@ 1800-2400rpm,4.0,325000
Mahindra XUV500,Mahindra,XUV500,9,76122,Dealer,DIESEL,Manual,15.1 kmpl,2179 CC,140.0 bhp,"12.7@ 2,700(kgm@ rpm)",7.0,645000
BMW 3,BMW,3,8,90000,  Dealer ,Diesel,Automatic,18.88 kmpl,1995 CC,184.0 bhp,113Nm@ 4000rpm,5.0,1375000
Mercedes-Benz C-Class,Mercedes-Benz,C-Class,7,82000,DEALER,DIESEL,Automatic,11.78 kmpl,2143 CC,167.62 bhp,113Nm@ 4000rpm,5.0,1425000
Jaguar XF,Jaguar,XF,6,60000,Individual,DIESEL,Automatic,16.36 kmpl,2179 CC,187.7 bhp,250Nm@ 1500-2500rpm,5.0,2400000
Hyundai Grand,Hyundai,Grand,3,31025,Dealer,petrol,Automatic,18.9 kmpl,1197 CC,81.86 bhp,170Nm@ 1800-2400rpm,5.0,596000
Hyundai i10,Hyundai,i10,10,50000,Dealer,PETROL,Manual,20.36 kmpl,1197 CC,78.9 bhp,91Nm@ 3500rpm,5.0,210000
Volkswagen Polo,Volkswagen,Polo,11,39800,INDIVIDUAL,Petrol,Manual,16.47 kmpl,1198 CC,73.9 bhp,190Nm@ 2000rpm,5.0,265000
Honda Amaze,Honda,Amaze,8,92000,Dealer,Diesel,Manual,25.8 kmpl,1498 CC,98.6 bhp,170Nm@ 1800-2400rpm,5.0,425000
Maruti Celerio,Maruti,Celerio,5,16000,Dealer,  Petrol ,Automatic,23.1 kmpl,998 CC,,170Nm@ 1800-2400rpm,5.0,445000
Maruti Swift Dzire,Maruti,Swift Dzire,6,62000,dealer,PETROL,Manual,20.85 kmpl,1197 CC,83.14 bhp,200Nm@ 1750rpm,5.0,595000
Kia Seltos,Kia,Seltos,2,1200,Dealer,Diesel,Manual,20.8 kmpl,1493 CC,,24@ 1900(kgm@ rpm),5.0,1675000
Volkswagen Vento,Volkswagen,Vento,10,74000,Dealer,Diesel,Manual,20.54 kmpl,1598 CC,103.6 bhp,200Nm@ 1750rpm,5.0,415000
Maruti Ertiga,Maruti,Ertiga,9,90339,dealer,Petrol,Manual,16.02 kmpl,1373 CC,93.7 bhp,170Nm@ 1800-2400rpm,7.0,495000
Jeep Compass,Jeep,Compass,3,67000,DEALER,Diesel,Manual,17.1 kmpl,1956 CC,170.0 bhp,24@ 1900(kgm@ rpm),5.0,1740000
Hyundai i20,Hyundai,i20,4,24000,Dealer,Diesel,Manual,22.54 kmpl,1396 CC,88.73 bhp,190Nm@ 2000rpm,5.0,750000
Volkswagen Vento,Volkswagen,Vento,11,55000,Dealer,petrol,Manual,15.04 kmpl,1598 CC,103.6 bhp,113Nm@ 4000rpm,5.0,375000
Hyundai i20,Hyundai,i20,9,79975,Dealer,  Diesel ,Manual,23.0 kmpl,1396 CC,90.0 bhp,200Nm@ 1750rpm,5.0,475000
Honda City,Honda,City,7,63000,Dealer,Petrol,Manual,,1497 CC,117.3 bhp,250Nm@ 1500-2500rpm,5.0,435000
Toyota Yaris,Toyota,Yaris,3,18280,Dealer,Petrol,Manual,17.1 kmpl,1496 CC,105.5 bhp,"12.7@ 2,700(kgm@ rpm)",5.0,890000
Honda City,Honda,City,15,57526,DEALER,petrol,Manual,13.0 kmpl,1343 CC,90.0 bhp,,5.0,90000
Hyundai i10,Hyundai,i10,11,35000,DEALER,Petrol,Manual,20.36 kmpl,1197 CC,78.9 bhp,250Nm@ 1500-2500rpm,5.0,199000
Hyundai Grand,Hyundai,Grand,6,25000,Individual,Petrol,Manual,18.9 kmpl,1197 CC,82.0 bhp,190Nm@ 2000rpm,5.0,500000
BMW 5,BMW,5,4,51000,Dealer,Diesel,Automatic,18.12 kmpl,1995 CC,190.0 bhp,170Nm@ 1800-2400rpm,5.0,3300000
Maruti Baleno,Maruti,Baleno,5,4300,INDIVIDUAL,  Petrol ,Manual,21.4 kmpl,1197 CC,83.1 bhp,113Nm@ 4000rpm,5.0,665000
Maruti Wagon R,Maruti,Wagon R,8,77000,DEALER,CNG,Manual,26.6 km/kg,998 CC,58.16 bhp,200Nm@ 1750rpm,5.0,335000
Mahindra Scorpio,Mahindra,Scorpio,10,120000,Individual,Diesel,Manual,12.05 kmpl,2179 CC,120.0 bhp,190Nm@ 2000rpm,8.0,480000
Hyundai i20,Hyundai,i20,9,69000,Dealer,DIESEL,Manual,21.9 kmpl,1396 CC,88.76 bhp,200Nm@ 1750rpm,5.0,460000
Maruti Swift,Maruti,Swift,14,65000,Dealer,petrol,Manual,,1197 CC,81.8 bhp,200Nm@ 1750rpm,5.0,170000
Ford Endeavour,Ford,Endeavour,5,70000,Dealer,Diesel,Manual,13.5 kmpl,2198 CC,157.7 bhp,190Nm@ 2000rpm,7.0,2095000
Datsun GO,Datsun,GO,2,1041,Dealer,PETROL,Manual,19.02 kmpl,1198 CC,67.05 bhp,200Nm@ 1750rpm,5.0,530000
Hyundai i10,Hyundai,i10,4,9000,INDIVIDUAL,Petrol,Manual,19.81 kmpl,1086 CC,68.05 bhp,"12.7@ 2,700(kgm@ rpm)",5.0,375000
Hyundai i20,Hyundai,i20,11,90000,INDIVIDUAL,Petrol,Manual,17.0 kmpl,1197 CC,80.0 bhp,113Nm@ 4000rpm,5.0,320000
Maruti Vitara,Maruti,Vitara,3,35000,Dealer,diesel,Automatic,24.3 kmpl,1248 CC,88.5 bhp,24@ 1900(kgm@ rpm),5.0,975000
Honda City,Honda,City,7,78000,Dealer,DIESEL,Manual,26.0 kmpl,1498 CC,98.6 bhp,170Nm@ 1800-2400rpm,5.0,550000
Volkswagen Polo,Volkswagen,Polo,4,75500,Dealer,Diesel,Manual,20.14 kmpl,1498 CC,88.0 bhp,170Nm@ 1800-2400rpm,5.0,570000
Maruti Swift Dzire,Maruti,Swift Dzire,4,32000,  Dealer ,Diesel,Automatic,,1248 CC,74.02 bhp,170Nm@ 1800-2400rpm,5.0,785000
Honda City,Honda,City,3,11000,Individual,PETROL,Manual,17.14 kmpl,1497 CC,117.6 bhp,"12.7@ 2,700(kgm@ rpm)",5.0,1100000
Hyundai Creta,Hyundai,Creta,2,35000,Individual,DIESEL,Manual,22.1 kmpl,1396 CC,88.7 bhp,200Nm@ 1750rpm,5.0,1000000
Hyundai i20,Hyundai,i20,2,3000,Individual,Petrol,Manual,18.6 kmpl,1197 CC,81.83 bhp,190Nm@ 2000rpm,5.0,600000
Hyundai Grand,Hyundai,Grand,6,67000,dealer,Petrol,Automatic,18.9 kmpl,1197 CC,82.0 bhp,91Nm@ 3500rpm,,540000
Hyundai Grand,Hyundai,Grand,4,42000,Dealer,Petrol,Automatic,18.9 kmpl,1197 CC,81.86 bhp,250Nm@ 1500-2500rpm,5.0,495000
Maruti Wagon R,Maruti,Wagon R,10,78010,  Dealer ,Petrol,Manual,20.51 kmpl,998 CC,67.04 bhp,200Nm@ 1750rpm,5.0,309000
Maruti Swift,Maruti,Swift,8,70000,individual,  Diesel ,Manual,22.9 kmpl,1248 CC,74.0 bhp,250Nm@ 1500-2500rpm,5.0,451000
Hyundai i20,Hyundai,i20,2,34900,Dealer,  Petrol ,Manual,18.6 kmpl,1197 CC,81.83 bhp,190Nm@ 2000rpm,5.0,710000
Toyota Fortuner,Toyota,Fortuner,3,57000,  Individual ,Diesel,Manual,14.24 kmpl,2755 CC,174.5 bhp,113Nm@ 4000rpm,7.0,2650000
Maruti Ertiga,Maruti,Ertiga,5,52000,Dealer,Diesel,Manual,,1498 CC,93.87 bhp,170Nm@ 1800-2400rpm,7.0,675000
Honda Amaze,Honda,Amaze,2,4717,Dealer,  Petrol ,Automatic,19.0 kmpl,1199 CC,88.76 bhp,113Nm@ 4000rpm,5.0,785000
BMW 5,BMW,5,7,70400,Dealer,Diesel,Automatic,18.84 kmpl,1995 CC,184.0 bhp,200Nm@ 1750rpm,5.0,2150000
BMW X5,BMW,X5,5,40000,Dealer,Diesel,Automatic,15.97 kmpl,2993 CC,258.0 bhp,24@ 1900(kgm@ rpm),5.0,4200000
Maruti Ignis,Maruti,Ignis,2,8500,Dealer,Petrol,Manual,20.89 kmpl,1197 CC,,250Nm@ 1500-2500rpm,5.0,600000
Maruti Swift Dzire,Maruti,Swift Dzire,3,40000,Individual,diesel,Automatic,28.4 kmpl,1248 CC,74.02 bhp,113Nm@ 4000rpm,5.0,700000
Honda City,Honda,City,6,60000,Dealer,Diesel,Manual,26.0 kmpl,1498 CC,98.6 bhp,170Nm@ 1800-2400rpm,5.0,550000
Maruti Wagon R,Maruti,Wagon R,4,15000,Individual,PETROL,Automatic,,998 CC,67.0 bhp,200Nm@ 1750rpm,5.0,425000
Toyota Yaris,Toyota,Yaris,3,12617,DEALER,Petrol,Manual,17.1 kmpl,1496 CC,105.5 bhp,170Nm@ 1800-2400rpm,5.0,900000
Maruti Alto,Maruti,Alto,7,10000,individual,Petrol,Manual,22.74 kmpl,796 CC,47.3 bhp,190Nm@ 2000rpm,5.0,320000
Hyundai i20,Hyundai,i20,4,9653,Dealer,petrol,Manual,18.6 kmpl,1197 CC,81.83 bhp,91Nm@ 3500rpm,5.0,560000
Toyota Innova,Toyota,Innova,3,27000,Dealer,Diesel,Automatic,11.36 kmpl,2755 CC,171.5 bhp,190Nm@ 2000rpm,8.0,1850000
Maruti Wagon R,Maruti,Wagon R,3,30000,Individual,Petrol,Manual,20.51 kmpl,998 CC,67.04 bhp,170Nm@ 1800-2400rpm,5.0,425000
Hyundai Grand,Hyundai,Grand,5,19000,Dealer,Petrol,Manual,18.9 kmpl,1197 CC,,170Nm@ 1800-2400rpm,5.0,535000
Hyundai Grand,Hyundai,Grand,7,34400,DEALER,Petrol,Manual,18.9 kmpl,1197 CC,82.0 bhp,200Nm@ 1750rpm,5.0,495000
Maruti Swift Dzire,Maruti,Swift Dzire,9,60000,INDIVIDUAL,Petrol,Manual,17.5 kmpl,1298 CC,85.8 bhp,200Nm@ 1750rpm,5.0,350000
Renault KWID,Renault,KWID,3,25000,Individual,Petrol,Manual,25.17 kmpl,799 CC,53.3 bhp,"12.7@ 2,700(kgm@ rpm)",5.0,330000
Ford Ecosport,Ford,Ecosport,5,79000,DEALER,Diesel,Manual,,1498 CC,98.96 bhp,170Nm@ 1800-2400rpm,5.0,550000
Maruti Celerio,Maruti,Celerio,4,25000,individual,  Petrol ,Manual,23.1 kmpl,998 CC,67.04 bhp,113Nm@ 4000rpm,5.0,345000
Maruti Wagon R,Maruti,Wagon R,7,44000,DEALER,Petrol,Manual,20.51 kmpl,998 CC,67.04 bhp,"12.7@ 2,700(kgm@ rpm)",5.0,325000
Maruti Swift Dzire,Maruti,Swift Dzire,7,75854,Dealer,Diesel,Manual,23.4 kmpl,1248 CC,,91Nm@ 3500rpm,5.0,341000
Mahindra Thar,Mahindra,Thar,3,28500,Individual,DIESEL,Manual,16.55 kmpl,2498 CC,105.0 bhp,91Nm@ 3500rpm,6.0,950000
Maruti Swift Dzire,Maruti,Swift Dzire,7,100000,INDIVIDUAL,diesel,Manual,23.4 kmpl,1248 CC,74.0 bhp,250Nm@ 1500-2500rpm,5.0,400000
Maruti Alto,Maruti,Alto,10,72000,Dealer,Petrol,Manual,19.7 kmpl,796 CC,46.3 bhp,190Nm@ 2000rpm,5.0,185000
Mahindra XUV500,Mahindra,XUV500,4,60000,Dealer,diesel,Manual,15.1 kmpl,2179 CC,152.87 bhp,170Nm@ 1800-2400rpm,7.0,1500000
Maruti Alto,Maruti,Alto,15,110000,individual,PETROL,Manual,19.7 kmpl,796 CC,46.3 bhp,"12.7@ 2,700(kgm@ rpm)",5.0,125000
Mahindra Bolero,Mahindra,Bolero,7,84000,DEALER,Diesel,Manual,,2523 CC,62.1 bhp,"12.7@ 2,700(kgm@ rpm)",7.0,500000
Maruti Dzire VXI,Maruti,Dzire VXI,10,48000,Dealer,Petrol,Manual,23.26 kmpl,1197 CC,88.5 bhp,200Nm@ 1750rpm,5.0,266000
Ford Ecosport,Ford,Ecosport,4,10000,Individual,DIESEL,Manual,22.77 kmpl,1498 CC,98.59 bhp,200Nm@ 1750rpm,5.0,875000
Hyundai Grand,Hyundai,Grand,7,90000,individual,Petrol,Manual,18.9 kmpl,1197 CC,82.0 bhp,"12.7@ 2,700(kgm@ rpm)",5.0,300000
Maruti Celerio,Maruti,Celerio,5,22169,Dealer,Petrol,Automatic,,998 CC,67.04 bhp,24@ 1900(kgm@ rpm),5.0,490000
Mahindra XUV500,Mahindra,XUV500,4,50000,Dealer,Diesel,Manual,16.0 kmpl,2179 CC,140.0 bhp,200Nm@ 1750rpm,7.0,1300000
Toyota Innova,Toyota,Innova,5,91771,dealer,Diesel,Manual,13.68 kmpl,,147.8 bhp,,7.0,1650000
Hyundai i20,Hyundai,i20,7,80000,Individual,DIESEL,Manual,21.9 kmpl,1396 CC,88.8 bhp,250Nm@ 1500-2500rpm,5.0,300000
Maruti Wagon R,Maruti,Wagon R,5,37500,Individual,Petrol,Manual,20.51 kmpl,998 CC,67.04 bhp,113Nm@ 4000rpm,5.0,350000
Mahindra Thar,Mahindra,Thar,9,15000,individual,  Diesel ,Manual,18.06 kmpl,2523 CC,63.0 bhp,91Nm@ 3500rpm,7.0,153000
Hyundai i10,Hyundai,i10,11,100000,Individual,Petrol,Manual,20.36 kmpl,1197 CC,78.9 bhp,113Nm@ 4000rpm,5.0,180000
Maruti Wagon R,Maruti,Wagon R,3,32000,  Individual ,petrol,Manual,21.79 kmpl,998 CC,67.05 bhp,190Nm@ 2000rpm,5.0,435000
Volkswagen Polo,Volkswagen,Polo,10,199000,dealer,Petrol,Manual,16.47 kmpl,1198 CC,73.9 bhp,"12.7@ 2,700(kgm@ rpm)",5.0,199000
Toyota Fortuner,Toyota,Fortuner,8,189000,Individual,Diesel,Manual,13.0 kmpl,2982 CC,168.5 bhp,250Nm@ 1500-2500rpm,7.0,1400000
Maruti Baleno,Maruti,Baleno,6,50000,Individual,DIESEL,Manual,27.39 kmpl,1248 CC,74.0 bhp,24@ 1900(kgm@ rpm),5.0,500000
Hyundai Grand,Hyundai,Grand,7,53000,Dealer,Diesel,Manual,24.0 kmpl,,70.0 bhp,,5.0,480000
Audi Q7,Audi,Q7,7,95000,Dealer,DIESEL,Automatic,12.07 kmpl,2967 CC,241.4 bhp,91Nm@ 3500rpm,7.0,2250000
Renault Duster,Renault,Duster,7,90000,individual,DIESEL,Manual,20.45 kmpl,1461 CC,83.8 bhp,113Nm@ 4000rpm,5.0,500000
Hyundai Grand,Hyundai,Grand,7,32000,Dealer,Petrol,Manual,18.9 kmpl,1197 CC,82.0 bhp,113Nm@ 4000rpm,5.0,393000
Maruti Vitara,Maruti,Vitara,5,62000,DEALER,Diesel,Manual,24.3 kmpl,1248 CC,88.5 bhp,190Nm@ 2000rpm,5.0,795000
Mahindra Thar,Mahindra,Thar,4,43000,Dealer,DIESEL,Manual,16.55 kmpl,2498 CC,105.0 bhp,200Nm@ 1750rpm,6.0,795000
Honda Amaze,Honda,Amaze,2,10000,Individual,Petrol,Manual,19.5 kmpl,1199 CC,88.76 bhp,200Nm@ 1750rpm,5.0,650000
Maruti Alto,Maruti,Alto,2,32895,  Dealer ,petrol,Manual,22.05 kmpl,796 CC,47.3 bhp,190Nm@ 2000rpm,5.0,300000
Hyundai Grand,Hyundai,Grand,2,27000,DEALER,Petrol,Automatic,,1197 CC,81.86 bhp,"12.7@ 2,700(kgm@ rpm)",5.0,550000
Toyota Innova,Toyota,Innova,5,66240,Dealer,Diesel,Manual,13.68 kmpl,2393 CC,147.8 bhp,200Nm@ 1750rpm,7.0,1675000
Maruti Eeco,Maruti,Eeco,11,97438,Dealer,CNG,Manual,15.1 km/kg,1196 CC,73.0 bhp,200Nm@ 1750rpm,5.0,260000
Mercedes-Benz GL-Class,Mercedes-Benz,GL-Class,5,35000,dealer,Diesel,Automatic,17.9 kmpl,2143 CC,167.6 bhp,190Nm@ 2000rpm,5.0,3600000
Mahindra Bolero,Mahindra,Bolero,7,67000,Dealer,DIESEL,Manual,21.0 kmpl,1498 CC,74.96 bhp,"12.7@ 2,700(kgm@ rpm)",7.0,470000
Datsun GO,Datsun,GO,7,34540,Dealer,Petrol,Manual,19.02 kmpl,1198 CC,67.05 bhp,250Nm@ 1500-2500rpm,5.0,315000
Hyundai Grand,Hyundai,Grand,7,84566,Dealer,DIESEL,Manual,24.0 kmpl,1186 CC,73.97 bhp,24@ 1900(kgm@ rpm),5.0,360000
Hyundai i20,Hyundai,i20,3,40000,dealer,Petrol,Manual,17.19 kmpl,1197 CC,81.86 bhp,24@ 1900(kgm@ rpm),,700000
Maruti Ertiga,Maruti,Ertiga,4,35000,DEALER,Diesel,Manual,24.52 kmpl,1248 CC,88.5 bhp,113Nm@ 4000rpm,7.0,875000
Maruti Vitara,Maruti,Vitara,3,20572,Dealer,DIESEL,Automatic,24.3 kmpl,1248 CC,88.5 bhp,"12.7@ 2,700(kgm@ rpm)",5.0,950000
Hyundai i20,Hyundai,i20,7,49000,  Dealer ,Diesel,Manual,22.54 kmpl,1396 CC,88.73 bhp,24@ 1900(kgm@ rpm),5.0,525000
Maruti Wagon R,Maruti,Wagon R,5,50000,Individual,CNG,Manual,26.6 km/kg,998 CC,58.16 bhp,250Nm@ 1500-2500rpm,,320000
Tata Safari,Tata,Safari,5,50000,Individual,DIESEL,Manual,14.1 kmpl,2179 CC,148.0 bhp,170Nm@ 1800-2400rpm,7.0,1000000
Maruti Wagon R,Maruti,Wagon R,2,9605,  Dealer ,Petrol,Manual,20.52 kmpl,1197 CC,81.8 bhp,200Nm@ 1750rpm,5.0,500000
Tata Tiago,Tata,Tiago,5,27000,Dealer,Petrol,Manual,23.84 kmpl,1199 CC,84.48 bhp,200Nm@ 1750rpm,5.0,385000
Maruti Baleno,Maruti,Baleno,3,28563,Dealer,Petrol,Manual,21.4 kmpl,1197 CC,83.1 bhp,24@ 1900(kgm@ rpm),5.0,550000
Maruti Swift Dzire,Maruti,Swift Dzire,12,68000,DEALER,Petrol,Manual,17.5 kmpl,1298 CC,85.8 bhp,91Nm@ 3500rpm,5.0,210000
Hyundai Santro,Hyundai,Santro,14,110000,Individual,Petrol,Manual,17.92 kmpl,1086 CC,62.1 bhp,250Nm@ 1500-2500rpm,5.0,150000
Maruti Vitara,Maruti,Vitara,4,62000,  Dealer ,Diesel,Manual,24.3 kmpl,1248 CC,88.5 bhp,"12.7@ 2,700(kgm@ rpm)",5.0,820000
Maruti Eeco,Maruti,Eeco,5,64850,Individual,CNG,Manual,21.94 km/kg,1196 CC,61.7 bhp,,5.0,320000
Mahindra XUV500,Mahindra,XUV500,9,67000,DEALER,Diesel,Manual,15.1 kmpl,2179 CC,140.0 bhp,24@ 1900(kgm@ rpm),7.0,525000
Mercedes-Benz E-Class,Mercedes-Benz,E-Class,5,36500,Dealer,Diesel,Automatic,13.0 kmpl,2143 CC,204.0 bhp,"12.7@ 2,700(kgm@ rpm)",5.0,2790000
Hyundai i20,Hyundai,i20,8,26000,Individual,Petrol,Manual,18.5 kmpl,1197 CC,82.85 bhp,"12.7@ 2,700(kgm@ rpm)",5.0,355000
Mahindra XUV500,Mahindra,XUV500,6,186000,Individual,Diesel,Manual,15.1 kmpl,2179 CC,140.0 bhp,250Nm@ 1500-2500rpm,7.0,1000000
Maruti Swift,Maruti,Swift,3,13300,Individual,petrol,Manual,22.0 kmpl,1197 CC,81.8 bhp,"12.7@ 2,700(kgm@ rpm)",5.0,650000
Maruti Wagon R,Maruti,Wagon R,3,37650,Dealer,Petrol,Manual,21.79 kmpl,998 CC,67.05 bhp,"12.7@ 2,700(kgm@ rpm)",5.0,470000
Maruti Wagon R,Maruti,Wagon R,9,84000,individual,petrol,Manual,18.9 kmpl,998 CC,67.1 bhp,,5.0,215000
Maruti Swift Dzire,Maruti,Swift Dzire,3,40000,INDIVIDUAL,  Diesel ,Manual,,1248 CC,74.02 bhp,113Nm@ 4000rpm,5.0,740000
Tata Safari,Tata,Safari,5,64579,Dealer,DIESEL,Manual,14.1 kmpl,2179 CC,148.0 bhp,250Nm@ 1500-2500rpm,7.0,875000
Mahindra XUV500,Mahindra,XUV500,4,62000,Dealer,Diesel,Manual,16.0 kmpl,1997 CC,140.0 bhp,170Nm@ 1800-2400rpm,7.0,1375000
Hyundai i10,Hyundai,i10,11,84000,Dealer,petrol,Automatic,19.2 kmpl,1197 CC,80.0 bhp,"12.7@ 2,700(kgm@ rpm)",5.0,270000
Hyundai Santro,Hyundai,Santro,13,52000,Dealer,petrol,Manual,17.92 kmpl,1086 CC,62.1 bhp,170Nm@ 1800-2400rpm,5.0,235000
Maruti Alto,Maruti,Alto,6,30000,Individual,Petrol,Manual,22.74 kmpl,796 CC,47.3 bhp,24@ 1900(kgm@ rpm),5.0,230000
Maruti Swift,Maruti,Swift,3,30000,Dealer,Diesel,Manual,28.4 kmpl,1248 CC,74.0 bhp,"12.7@ 2,700(kgm@ rpm)",5.0,760000
Hyundai i20,Hyundai,i20,5,61000,Dealer,  Petrol ,Manual,18.6 kmpl,1197 CC,81.83 bhp,200Nm@ 1750rpm,,635000
Hyundai i20,Hyundai,i20,6,20000,  Individual ,Petrol,Manual,18.6 kmpl,,81.83 bhp,,5.0,486000
Hyundai i20,Hyundai,i20,8,105000,Dealer,DIESEL,Manual,21.9 kmpl,1396 CC,88.76 bhp,170Nm@ 1800-2400rpm,5.0,450000
Honda Amaze,Honda,Amaze,6,70000,Individual,Diesel,Manual,25.8 kmpl,1498 CC,98.6 bhp,24@ 1900(kgm@ rpm),,480000
Maruti Ertiga,Maruti,Ertiga,8,57001,Dealer,DIESEL,Manual,20.77 kmpl,1248 CC,88.76 bhp,113Nm@ 4000rpm,7.0,449000
Honda City,Honda,City,2,11200,Dealer,petrol,Automatic,17.4 kmpl,1497 CC,117.6 bhp,"12.7@ 2,700(kgm@ rpm)",5.0,1275000
Hyundai i20,Hyundai,i20,12,50000,Individual,Petrol,Manual,17.0 kmpl,1197 CC,80.0 bhp,91Nm@ 3500rpm,5.0,280000
Honda City,Honda,City,6,66996,Dealer,Petrol,Manual,17.4 kmpl,1497 CC,117.6 bhp,170Nm@ 1800-2400rpm,5.0,675000
Tata Tiago,Tata,Tiago,3,35505,Dealer,Petrol,Manual,23.84 kmpl,1199 CC,84.0 bhp,,5.0,545000
Maruti Eeco,Maruti,Eeco,3,59000,Individual,petrol,Manual,15.37 kmpl,1196 CC,73.0 bhp,200Nm@ 1750rpm,7.0,360000
Honda City,Honda,City,6,50000,individual,Diesel,Manual,25.1 kmpl,1498 CC,98.6 bhp,"12.7@ 2,700(kgm@ rpm)",5.0,700000
Ford Figo,Ford,Figo,9,69000,  Dealer ,DIESEL,Manual,20.0 kmpl,1399 CC,68.0 bhp,113Nm@ 4000rpm,5.0,235000
Tata Tiago,Tata,Tiago,3,38000,Individual,Petrol,Manual,23.84 kmpl,1199 CC,84.0 bhp,113Nm@ 4000rpm,5.0,390000
Skoda Octavia,Skoda,Octavia,8,76000,Dealer,PETROL,Automatic,14.7 kmpl,1798 CC,177.5 bhp,170Nm@ 1800-2400rpm,5.0,780000
BMW X3,BMW,X3,9,88000,Dealer,Diesel,Automatic,16.09 kmpl,1995 CC,184.0 bhp,200Nm@ 1750rpm,5.0,1275000
BMW X1,BMW,X1,4,23000,Dealer,Diesel,Automatic,20.68 kmpl,1995 CC,188.0 bhp,113Nm@ 4000rpm,5.0,2850000
Honda Amaze,Honda,Amaze,3,20833,DEALER,PETROL,Manual,18.6 kmpl,1199 CC,88.76 bhp,113Nm@ 4000rpm,5.0,825000
Honda City,Honda,City,13,43639,Dealer,Petrol,Automatic,12.0 kmpl,1493 CC,100.0 bhp,91Nm@ 3500rpm,5.0,300000
Tata Hexa,Tata,Hexa,3,46000,Individual,diesel,Manual,17.6 kmpl,2179 CC,153.86 bhp,24@ 1900(kgm@ rpm),7.0,1225000
Mahindra Bolero,Mahindra,Bolero,8,80000,INDIVIDUAL,Diesel,Manual,15.96 kmpl,2523 CC,62.1 bhp,190Nm@ 2000rpm,7.0,470000
Tata Nexon,Tata,Nexon,3,51000,  Dealer ,Diesel,Manual,21.5 kmpl,1497 CC,,113Nm@ 4000rpm,5.0,775000
Hyundai i20,Hyundai,i20,10,88000,dealer,DIESEL,Manual,23.0 kmpl,1396 CC,90.0 bhp,190Nm@ 2000rpm,5.0,325000
Datsun GO,Datsun,GO,6,35000,Individual,Petrol,Manual,19.44 kmpl,1198 CC,67.0 bhp,,7.0,350000
Hyundai Santro,Hyundai,Santro,12,80000,Individual,Petrol,Manual,17.92 kmpl,1086 CC,62.1 bhp,190Nm@ 2000rpm,5.0,125000
Mahindra XUV500,Mahindra,XUV500,6,120000,Individual,  Diesel ,Manual,16.0 kmpl,2179 CC,140.0 bhp,250Nm@ 1500-2500rpm,7.0,850000
Renault KWID,Renault,KWID,5,35000,INDIVIDUAL,Petrol,Manual,25.17 kmpl,799 CC,53.3 bhp,91Nm@ 3500rpm,5.0,240000
Maruti Celerio,Maruti,Celerio,4,90000,Individual,CNG,Manual,31.79 km/kg,998 CC,58.2 bhp,91Nm@ 3500rpm,5.0,380000
Maruti Swift,Maruti,Swift,6,63254,dealer,Diesel,Manual,,1248 CC,74.0 bhp,"12.7@ 2,700(kgm@ rpm)",5.0,575000
Renault Duster,Renault,Duster,5,40000,Individual,  Diesel ,Manual,19.64 kmpl,1461 CC,108.45 bhp,113Nm@ 4000rpm,5.0,780000
Volkswagen Polo,Volkswagen,Polo,5,62000,Dealer,DIESEL,Manual,20.14 kmpl,1498 CC,88.0 bhp,250Nm@ 1500-2500rpm,5.0,390000
Ford Ecosport,Ford,Ecosport,5,20000,Individual,petrol,Manual,15.85 kmpl,1499 CC,110.4 bhp,200Nm@ 1750rpm,5.0,620000
Mercedes-Benz C-Class,Mercedes-Benz,C-Class,7,149500,Dealer,diesel,Automatic,14.84 kmpl,,170.0 bhp,,5.0,1565000
Maruti Alto,Maruti,Alto,15,120000,INDIVIDUAL,Petrol,Manual,19.7 kmpl,796 CC,,113Nm@ 4000rpm,5.0,150000
Honda City,Honda,City,2,20410,Dealer,petrol,Manual,17.0 kmpl,1497 CC,,"12.7@ 2,700(kgm@ rpm)",5.0,1140000
Tata Harrier,Tata,Harrier,2,13000,  Dealer ,  Diesel ,Manual,17.0 kmpl,1956 CC,138.1 bhp,"12.7@ 2,700(kgm@ rpm)",5.0,1700000
Maruti Swift Dzire,Maruti,Swift Dzire,3,29000,Dealer,Petrol,Automatic,18.5 kmpl,1197 CC,83.14 bhp,113Nm@ 4000rpm,5.0,630000
Hyundai i20,Hyundai,i20,3,50000,Individual,Petrol,Manual,18.6 kmpl,1197 CC,81.83 bhp,200Nm@ 1750rpm,5.0,700000
Maruti Eeco,Maruti,Eeco,3,76826,Dealer,cng,Manual,15.1 km/kg,1196 CC,73.0 bhp,200Nm@ 1750rpm,5.0,365000
Ford Ecosport,Ford,Ecosport,6,64000,Dealer,Petrol,Manual,15.8 kmpl,1499 CC,110.0 bhp,113Nm@ 4000rpm,5.0,470000
Mahindra XUV500,Mahindra,XUV500,8,95000,DEALER,diesel,Manual,15.1 kmpl,2179 CC,140.0 bhp,91Nm@ 3500rpm,7.0,825000
Toyota Innova,Toyota,Innova,6,35000,INDIVIDUAL,Diesel,Manual,,2494 CC,100.6 bhp,113Nm@ 4000rpm,7.0,990000
Skoda Rapid,Skoda,Rapid,7,65000,Dealer,Petrol,Manual,15.0 kmpl,1598 CC,103.5 bhp,91Nm@ 3500rpm,5.0,575000
Volkswagen Polo,Volkswagen,Polo,5,30000,Dealer,Petrol,Manual,16.2 kmpl,1199 CC,74.0 bhp,200Nm@ 1750rpm,5.0,530000
Mahindra Thar,Mahindra,Thar,3,30000,dealer,  Diesel ,Manual,16.55 kmpl,2498 CC,105.0 bhp,24@ 1900(kgm@ rpm),6.0,850000
BMW 7,BMW,7,4,26000,  Dealer ,Diesel,Automatic,,2993 CC,261.49 bhp,170Nm@ 1800-2400rpm,4.0,6600000
Honda City,Honda,City,6,50000,Individual,DIESEL,Manual,26.0 kmpl,1498 CC,98.6 bhp,113Nm@ 4000rpm,5.0,750000
Maruti Swift Dzire,Maruti,Swift Dzire,7,90000,Dealer,Diesel,Manual,23.4 kmpl,1248 CC,74.0 bhp,190Nm@ 2000rpm,5.0,580000
Ford Figo,Ford,Figo,7,60000,Individual,Diesel,Manual,20.0 kmpl,1399 CC,68.05 bhp,24@ 1900(kgm@ rpm),5.0,360000
Honda Jazz,Honda,Jazz,2,4065,  Dealer ,  Petrol ,Manual,18.7 kmpl,1199 CC,88.7 bhp,"12.7@ 2,700(kgm@ rpm)",5.0,810000
Maruti Swift Dzire,Maruti,Swift Dzire,7,107000,Dealer,Diesel,Manual,23.4 kmpl,1248 CC,74.0 bhp,24@ 1900(kgm@ rpm),5.0,285000
Toyota Fortuner,Toyota,Fortuner,8,72000,Dealer,Diesel,Manual,13.0 kmpl,2982 CC,168.5 bhp,91Nm@ 3500rpm,7.0,1250000
Ford Aspire,Ford,Aspire,2,40000,Individual,diesel,Manual,26.1 kmpl,1498 CC,99.23 bhp,170Nm@ 1800-2400rpm,5.0,650000
Hyundai Verna,Hyundai,Verna,8,14000,DEALER,  Petrol ,Automatic,17.01 kmpl,1591 CC,121.4 bhp,113Nm@ 4000rpm,5.0,575000
Mahindra XUV500,Mahindra,XUV500,4,112000,Dealer,Diesel,Manual,16.0 kmpl,2179 CC,140.0 bhp,190Nm@ 2000rpm,7.0,1250000
Hyundai Verna,Hyundai,Verna,4,28900,Dealer,Petrol,Manual,17.01 kmpl,1591 CC,121.3 bhp,91Nm@ 3500rpm,5.0,865000
Hyundai i20,Hyundai,i20,4,33048,Dealer,PETROL,Manual,18.6 kmpl,1197 CC,81.83 bhp,24@ 1900(kgm@ rpm),5.0,630000
Maruti Swift Dzire,Maruti,Swift Dzire,7,55000,Dealer,Petrol,Manual,20.85 kmpl,1197 CC,,170Nm@ 1800-2400rpm,5.0,500000
Ford Figo,Ford,Figo,8,120000,individual,Diesel,Manual,20.0 kmpl,1399 CC,68.1 bhp,170Nm@ 1800-2400rpm,5.0,250000
Volkswagen Polo,Volkswagen,Polo,10,61000,Dealer,  Petrol ,Manual,16.47 kmpl,1198 CC,73.9 bhp,91Nm@ 3500rpm,5.0,320000
BMW 5,BMW,5,7,41265,dealer,Diesel,Automatic,18.12 kmpl,1995 CC,,113Nm@ 4000rpm,5.0,2799000
Mahindra Thar,Mahindra,Thar,8,49000,DEALER,Diesel,Manual,16.55 kmpl,2498 CC,105.0 bhp,170Nm@ 1800-2400rpm,7.0,525000
Maruti Wagon R,Maruti,Wagon R,7,135975,DEALER,cng,Manual,33.54 km/kg,,67.04 bhp,,5.0,295000
Maruti Swift Dzire,Maruti,Swift Dzire,6,80000,INDIVIDUAL,CNG,Manual,19.0 km/kg,1197 CC,85.8 bhp,200Nm@ 1750rpm,5.0,390000
Hyundai i20,Hyundai,i20,9,74508,dealer,Diesel,Manual,22.54 kmpl,1396 CC,88.73 bhp,24@ 1900(kgm@ rpm),5.0,435000
Audi A4,Audi,A4,4,53700,Individual,Diesel,Automatic,,1968 CC,187.74 bhp,200Nm@ 1750rpm,5.0,1760000
Maruti Ciaz,Maruti,Ciaz,4,83000,Dealer,Diesel,Manual,26.32 kmpl,1498 CC,93.87 bhp,200Nm@ 1750rpm,5.0,745000
Maruti Swift,Maruti,Swift,3,41000,Individual,Petrol,Manual,22.0 kmpl,1197 CC,81.8 bhp,170Nm@ 1800-2400rpm,5.0,574000
Honda Amaze,Honda,Amaze,4,32000,Dealer,Petrol,Manual,17.8 kmpl,1198 CC,86.7 bhp,190Nm@ 2000rpm,5.0,510000
Maruti Swift,Maruti,Swift,4,59000,DEALER,DIESEL,Manual,28.4 kmpl,1248 CC,74.0 bhp,170Nm@ 1800-2400rpm,,700000
Volkswagen Polo,Volkswagen,Polo,4,18000,Dealer,petrol,Automatic,17.21 kmpl,1197 CC,103.5 bhp,190Nm@ 2000rpm,5.0,830000
Hyundai Grand,Hyundai,Grand,7,39000,DEALER,petrol,Manual,18.9 kmpl,1197 CC,81.86 bhp,24@ 1900(kgm@ rpm),5.0,360000
Maruti Alto,Maruti,Alto,6,60000,Dealer,petrol,Manual,23.95 kmpl,998 CC,67.05 bhp,24@ 1900(kgm@ rpm),5.0,285000
Hyundai i10,Hyundai,i10,13,82000,Dealer,Petrol,Manual,20.36 kmpl,1197 CC,78.9 bhp,113Nm@ 4000rpm,5.0,185000
Hyundai Grand,Hyundai,Grand,7,35000,Dealer,petrol,Manual,18.9 kmpl,1197 CC,82.0 bhp,24@ 1900(kgm@ rpm),5.0,475000
MG Hector,MG,Hector,2,9293,dealer,Petrol,Automatic,13.96 kmpl,1451 CC,141.0 bhp,24@ 1900(kgm@ rpm),5.0,1630000
Hyundai i20,Hyundai,i20,6,99332,Dealer,Diesel,Manual,22.54 kmpl,1396 CC,,91Nm@ 3500rpm,5.0,512000
Mahindra Bolero,Mahindra,Bolero,11,211000,INDIVIDUAL,Diesel,Manual,13.6 kmpl,2523 CC,63.0 bhp,250Nm@ 1500-2500rpm,7.0,275000
Mercedes-Benz S-Class,Mercedes-Benz,S-Class,7,20001,dealer,Diesel,Automatic,13.5 kmpl,2987 CC,282.0 bhp,"12.7@ 2,700(kgm@ rpm)",5.0,5500000
Hyundai i10,Hyundai,i10,9,9800,Individual,Petrol,Manual,20.36 kmpl,1197 CC,78.9 bhp,91Nm@ 3500rpm,5.0,275000
Maruti Swift,Maruti,Swift,6,82000,DEALER,petrol,Manual,16.1 kmpl,1197 CC,85.0 bhp,24@ 1900(kgm@ rpm),5.0,480000
Audi A4,Audi,A4,5,70000,dealer,diesel,Automatic,17.11 kmpl,1968 CC,174.33 bhp,250Nm@ 1500-2500rpm,5.0,1685000
Skoda Rapid,Skoda,Rapid,6,85000,Dealer,DIESEL,Manual,,1598 CC,103.5 bhp,250Nm@ 1500-2500rpm,5.0,575000
Maruti Wagon R,Maruti,Wagon R,2,32000,  Dealer ,Petrol,Automatic,20.52 kmpl,1197 CC,81.8 bhp,190Nm@ 2000rpm,5.0,525000
Honda Amaze,Honda,Amaze,5,7500,individual,Petrol,Manual,18.0 kmpl,1198 CC,86.7 bhp,113Nm@ 4000rpm,5.0,650000
Volkswagen Vento,Volkswagen,Vento,8,55000,Dealer,Petrol,Manual,15.04 kmpl,1598 CC,103.6 bhp,91Nm@ 3500rpm,5.0,335000
Hyundai i20,Hyundai,i20,9,54000,Dealer,Petrol,Manual,18.5 kmpl,1197 CC,82.85 bhp,"12.7@ 2,700(kgm@ rpm)",5.0,315000
Hyundai i20,Hyundai,i20,4,30000,Individual,Petrol,Manual,18.6 kmpl,1197 CC,81.83 bhp,170Nm@ 1800-2400rpm,5.0,630000
Nissan Kicks,Nissan,Kicks,1,7500,individual,diesel,Manual,20.45 kmpl,1461 CC,108.5 bhp,190Nm@ 2000rpm,5.0,850000
Mahindra Bolero,Mahindra,Bolero,9,75000,dealer,DIESEL,Manual,15.96 kmpl,2523 CC,62.1 bhp,190Nm@ 2000rpm,7.0,435000
Maruti Ertiga,Maruti,Ertiga,7,68880,Dealer,diesel,Manual,20.77 kmpl,1248 CC,88.76 bhp,190Nm@ 2000rpm,7.0,645000
Honda Amaze,Honda,Amaze,2,2000,Individual,Petrol,Manual,19.5 kmpl,1199 CC,88.76 bhp,250Nm@ 1500-2500rpm,5.0,650000
Hyundai i20,Hyundai,i20,2,8405,Dealer,Petrol,Manual,,1197 CC,,,5.0,590000
Mercedes-Benz C-Class,Mercedes-Benz,C-Class,10,40000,dealer,Petrol,Automatic,11.74 kmpl,1796 CC,186.0 bhp,"12.7@ 2,700(kgm@ rpm)",5.0,850000
Ford Figo,Ford,Figo,6,58000,Individual,Petrol,Manual,18.16 kmpl,1196 CC,86.8 bhp,190Nm@ 2000rpm,5.0,290000
Maruti Swift Dzire,Maruti,Swift Dzire,6,61000,INDIVIDUAL,diesel,Manual,26.59 kmpl,1248 CC,74.0 bhp,24@ 1900(kgm@ rpm),5.0,510000
Maruti Ciaz,Maruti,Ciaz,5,49500,Individual,Diesel,Manual,28.09 kmpl,1248 CC,88.5 bhp,200Nm@ 1750rpm,5.0,700000
Honda Amaze,Honda,Amaze,1,1800,Individual,Petrol,Manual,19.5 kmpl,1199 CC,88.76 bhp,24@ 1900(kgm@ rpm),5.0,720000
Hyundai i20,Hyundai,i20,4,110000,Individual,DIESEL,Manual,,1396 CC,88.73 bhp,250Nm@ 1500-2500rpm,5.0,800000
Maruti Swift Dzire,Maruti,Swift Dzire,4,19000,individual,Petrol,Manual,21.21 kmpl,1197 CC,81.8 bhp,"12.7@ 2,700(kgm@ rpm)",5.0,650000
Toyota Innova,Toyota,Innova,11,150000,Dealer,Diesel,Manual,12.8 kmpl,2494 CC,102.0 bhp,190Nm@ 2000rpm,7.0,880000
Renault Duster,Renault,Duster,7,90000,Individual,  Diesel ,Manual,20.45 kmpl,1461 CC,83.8 bhp,200Nm@ 1750rpm,5.0,450000
Tata Tiago,Tata,Tiago,4,53000,Individual,DIESEL,Manual,27.28 kmpl,1047 CC,69.0 bhp,"12.7@ 2,700(kgm@ rpm)",5.0,370000
Maruti Swift Dzire,Maruti,Swift Dzire,3,70000,Individual,Diesel,Manual,28.4 kmpl,1248 CC,74.02 bhp,250Nm@ 1500-2500rpm,5.0,641000
Maruti Celerio,Maruti,Celerio,5,12957,Trustmark Dealer,  Petrol ,Manual,23.1 kmpl,998 CC,67.04 bhp,24@ 1900(kgm@ rpm),5.0,400000
Maruti Alto,Maruti,Alto,4,10617,  Dealer ,Petrol,Manual,24.7 kmpl,796 CC,,170Nm@ 1800-2400rpm,5.0,314000
Hyundai Verna,Hyundai,Verna,7,110000,Individual,  Diesel ,Manual,22.32 kmpl,1582 CC,126.3 bhp,250Nm@ 1500-2500rpm,5.0,520000
Renault Duster,Renault,Duster,8,66733,dealer,Diesel,Manual,19.01 kmpl,,108.45 bhp,,5.0,409000
Honda City,Honda,City,7,57000,Dealer,diesel,Manual,,1498 CC,98.6 bhp,24@ 1900(kgm@ rpm),5.0,675000
Tata Nexon,Tata,Nexon,2,25000,INDIVIDUAL,Diesel,Manual,21.5 kmpl,1497 CC,108.5 bhp,113Nm@ 4000rpm,5.0,750000
Volkswagen Polo,Volkswagen,Polo,8,48000,Dealer,Petrol,Manual,18.78 kmpl,999 CC,75.0 bhp,200Nm@ 1750rpm,5.0,325000
Hyundai Verna,Hyundai,Verna,7,70000,Individual,Petrol,Manual,17.01 kmpl,1591 CC,121.3 bhp,"12.7@ 2,700(kgm@ rpm)",5.0,450000
Hyundai i10,Hyundai,i10,10,45000,dealer,PETROL,Automatic,19.2 kmpl,1197 CC,80.0 bhp,24@ 1900(kgm@ rpm),5.0,375000
Maruti Wagon R,Maruti,Wagon R,12,42000,Dealer,Petrol,Manual,18.9 kmpl,998 CC,67.1 bhp,"12.7@ 2,700(kgm@ rpm)",5.0,180000
Hyundai i20,Hyundai,i20,3,10080,Trustmark Dealer,Petrol,Manual,18.6 kmpl,1197 CC,81.83 bhp,250Nm@ 1500-2500rpm,5.0,720000
Skoda Rapid,Skoda,Rapid,4,60000,DEALER,diesel,Automatic,21.72 kmpl,1498 CC,108.6 bhp,113Nm@ 4000rpm,5.0,690000
Maruti Baleno,Maruti,Baleno,2,4104,Dealer,Petrol,Manual,,1197 CC,83.1 bhp,"12.7@ 2,700(kgm@ rpm)",5.0,675000
Hyundai i10,Hyundai,i10,11,44400,Dealer,petrol,Manual,20.36 kmpl,1197 CC,78.9 bhp,91Nm@ 3500rpm,5.0,325000
Hyundai Grand,Hyundai,Grand,2,4000,dealer,PETROL,Manual,18.9 kmpl,1197 CC,81.86 bhp,"12.7@ 2,700(kgm@ rpm)",5.0,710000
BMW 6,BMW,6,6,25000,Dealer,Diesel,Automatic,9.52 kmpl,2993 CC,313.0 bhp,250Nm@ 1500-2500rpm,4.0,4490000
Honda City,Honda,City,10,73000,  Individual ,PETROL,Manual,17.0 kmpl,1497 CC,118.0 bhp,"12.7@ 2,700(kgm@ rpm)",5.0,450000
Mercedes-Benz C-Class,Mercedes-Benz,C-Class,5,44000,Dealer,Diesel,Automatic,19.27 kmpl,2143 CC,167.62 bhp,24@ 1900(kgm@ rpm),5.0,2675000
Maruti Baleno,Maruti,Baleno,3,38340,dealer,DIESEL,Manual,27.39 kmpl,1248 CC,74.0 bhp,91Nm@ 3500rpm,5.0,790000
Maruti Baleno,Maruti,Baleno,3,31000,dealer,Petrol,Manual,21.4 kmpl,1197 CC,83.1 bhp,113Nm@ 4000rpm,5.0,630000
Honda City,Honda,City,6,74995,Dealer,Petrol,Manual,17.4 kmpl,1497 CC,117.3 bhp,200Nm@ 1750rpm,5.0,640000
Hyundai Grand,Hyundai,Grand,1,4350,Individual,Petrol,Manual,20.7 kmpl,1197 CC,81.86 bhp,"12.7@ 2,700(kgm@ rpm)",5.0,725000
Honda City,Honda,City,7,57500,Dealer,Diesel,Manual,26.0 kmpl,1498 CC,98.6 bhp,250Nm@ 1500-2500rpm,5.0,515000
Renault KWID,Renault,KWID,6,43719,DEALER,Petrol,Manual,22.3 kmpl,799 CC,53.26 bhp,24@ 1900(kgm@ rpm),5.0,245000
Maruti Swift,Maruti,Swift,9,40000,Individual,DIESEL,Manual,22.9 kmpl,1248 CC,74.0 bhp,,5.0,390000
Hyundai Creta,Hyundai,Creta,5,52000,Dealer,Petrol,Manual,13.0 kmpl,1591 CC,121.3 bhp,250Nm@ 1500-2500rpm,5.0,949000
Hyundai i10,Hyundai,i10,13,73181,dealer,  Petrol ,Manual,19.81 kmpl,1086 CC,68.05 bhp,190Nm@ 2000rpm,5.0,260000
Maruti Celerio,Maruti,Celerio,6,35000,Dealer,petrol,Automatic,23.1 kmpl,998 CC,67.04 bhp,200Nm@ 1750rpm,5.0,460000
Toyota Innova,Toyota,Innova,10,98000,DEALER,Diesel,Manual,12.8 kmpl,2494 CC,102.0 bhp,24@ 1900(kgm@ rpm),7.0,575000
Maruti Ciaz,Maruti,Ciaz,5,24603,Dealer,Petrol,Manual,20.73 kmpl,1373 CC,91.1 bhp,24@ 1900(kgm@ rpm),5.0,695000
BMW 3,BMW,3,10,72000,Dealer,diesel,Automatic,16.07 kmpl,1995 CC,181.0 bhp,250Nm@ 1500-2500rpm,4.0,610000
Maruti Vitara,Maruti,Vitara,5,63000,Individual,Diesel,Manual,24.3 kmpl,1248 CC,88.5 bhp,24@ 1900(kgm@ rpm),5.0,675000
Toyota Innova,Toyota,Innova,9,121000,Dealer,Diesel,Manual,12.8 kmpl,2494 CC,102.0 bhp,200Nm@ 1750rpm,8.0,750000
Maruti Alto,Maruti,Alto,5,29000,dealer,PETROL,Manual,,796 CC,47.3 bhp,190Nm@ 2000rpm,5.0,285000
Ford Aspire,Ford,Aspire,3,12000,individual,diesel,Manual,25.83 kmpl,1498 CC,99.0 bhp,200Nm@ 1750rpm,5.0,750000
Renault KWID,Renault,KWID,2,8500,Individual,PETROL,Manual,23.01 kmpl,999 CC,67.0 bhp,91Nm@ 3500rpm,5.0,440000
Ford Ecosport,Ford,Ecosport,4,40600,dealer,Diesel,Manual,,1498 CC,98.96 bhp,91Nm@ 3500rpm,5.0,815000
Ford Aspire,Ford,Aspire,6,30000,Individual,Petrol,Manual,18.16 kmpl,1196 CC,86.8 bhp,91Nm@ 3500rpm,5.0,450000
Hyundai i20,Hyundai,i20,6,55000,dealer,Petrol,Manual,18.6 kmpl,1197 CC,81.83 bhp,"12.7@ 2,700(kgm@ rpm)",5.0,499000
BMW 3,BMW,3,9,61000,DEALER,Diesel,Automatic,18.88 kmpl,1995 CC,184.0 bhp,250Nm@ 1500-2500rpm,5.0,1345000
Skoda Superb,Skoda,Superb,7,36803,Dealer,Petrol,Automatic,13.7 kmpl,1798 CC,157.75 bhp,200Nm@ 1750rpm,5.0,1125000
Ford Ecosport,Ford,Ecosport,6,73000,Dealer,DIESEL,Manual,22.77 kmpl,1498 CC,98.59 bhp,190Nm@ 2000rpm,5.0,650000
Hyundai Creta,Hyundai,Creta,5,54000,Dealer,Diesel,Manual,19.67 kmpl,1582 CC,126.2 bhp,91Nm@ 3500rpm,5.0,875000
Honda City,Honda,City,15,50000,individual,Petrol,Manual,17.7 kmpl,1497 CC,78.0 bhp,113Nm@ 4000rpm,,300000
Maruti Baleno,Maruti,Baleno,4,58000,Individual,DIESEL,Manual,27.39 kmpl,1248 CC,74.0 bhp,200Nm@ 1750rpm,5.0,600000
Maruti Wagon R,Maruti,Wagon R,4,24500,DEALER,petrol,Manual,21.79 kmpl,998 CC,67.05 bhp,170Nm@ 1800-2400rpm,5.0,382000
Renault KWID,Renault,KWID,3,10000,INDIVIDUAL,Petrol,Manual,,999 CC,67.0 bhp,"12.7@ 2,700(kgm@ rpm)",5.0,380000
Mahindra Bolero,Mahindra,Bolero,8,39000,Individual,Diesel,Manual,15.96 kmpl,2523 CC,62.1 bhp,113Nm@ 4000rpm,7.0,530000
Volkswagen Vento,Volkswagen,Vento,10,70000,Dealer,  Diesel ,Manual,20.54 kmpl,1598 CC,103.6 bhp,91Nm@ 3500rpm,5.0,349000
Mercedes-Benz E-Class,Mercedes-Benz,E-Class,5,14000,Individual,Diesel,Automatic,16.1 kmpl,1950 CC,191.7 bhp,91Nm@ 3500rpm,5.0,3900000
Hyundai Santro,Hyundai,Santro,3,31286,Trustmark Dealer,  CNG ,Manual,30.48 km/kg,1086 CC,58.0 bhp,170Nm@ 1800-2400rpm,5.0,500000
Hyundai Verna,Hyundai,Verna,6,120000,  Individual ,  Diesel ,Automatic,19.08 kmpl,1582 CC,126.2 bhp,200Nm@ 1750rpm,5.0,650000
Honda City,Honda,City,10,80000,Individual,PETROL,Manual,17.0 kmpl,1497 CC,118.0 bhp,190Nm@ 2000rpm,5.0,350000
Ford Ecosport,Ford,Ecosport,8,67234,  Dealer ,Diesel,Manual,22.7 kmpl,1498 CC,89.84 bhp,113Nm@ 4000rpm,5.0,400000
Hyundai Verna,Hyundai,Verna,3,35522,DEALER,Diesel,Manual,22.0 kmpl,1582 CC,126.2 bhp,170Nm@ 1800-2400rpm,5.0,885000
Maruti Wagon R,Maruti,Wagon R,12,100000,Individual,LPG,Manual,17.3 km/kg,1061 CC,57.5 bhp,"12.7@ 2,700(kgm@ rpm)",,150000
Mahindra Bolero,Mahindra,Bolero,6,107107,Dealer,  Diesel ,Manual,15.96 kmpl,2523 CC,62.1 bhp,24@ 1900(kgm@ rpm),7.0,525000
Maruti Celerio,Maruti,Celerio,5,48129,Dealer,CNG,Manual,31.79 km/kg,998 CC,58.2 bhp,170Nm@ 1800-2400rpm,5.0,411000
Mahindra KUV,Mahindra,KUV,5,52000,dealer,Diesel,Manual,25.32 kmpl,1198 CC,77.0 bhp,170Nm@ 1800-2400rpm,5.0,375000
Maruti Ertiga,Maruti,Ertiga,5,45700,  Dealer ,Diesel,Manual,24.52 kmpl,1248 CC,88.5 bhp,91Nm@ 3500rpm,7.0,650000
Tata Tigor,Tata,Tigor,4,13230,INDIVIDUAL,Petrol,Manual,20.3 kmpl,1199 CC,84.0 bhp,24@ 1900(kgm@ rpm),5.0,520000
Mercedes-Benz C-Class,Mercedes-Benz,C-Class,10,72000,Dealer,Diesel,Automatic,15.8 kmpl,2143 CC,170.0 bhp,,5.0,1275000
Hyundai Venue,Hyundai,Venue,2,10000,Individual,Petrol,Automatic,18.15 kmpl,998 CC,118.35 bhp,24@ 1900(kgm@ rpm),5.0,1000000
BMW 3,BMW,3,3,15000,Dealer,Diesel,Automatic,22.69 kmpl,1995 CC,187.74 bhp,24@ 1900(kgm@ rpm),5.0,3200000
Honda City,Honda,City,4,41000,Dealer,Petrol,Manual,17.8 kmpl,1497 CC,,200Nm@ 1750rpm,5.0,750000
Hyundai i20,Hyundai,i20,4,29599,DEALER,Diesel,Manual,21.19 kmpl,1396 CC,88.73 bhp,250Nm@ 1500-2500rpm,5.0,600000
Hyundai i20,Hyundai,i20,3,16000,dealer,Petrol,Manual,17.19 kmpl,1197 CC,81.86 bhp,24@ 1900(kgm@ rpm),5.0,750000
Ford Ecosport,Ford,Ecosport,6,58000,Dealer,Diesel,Manual,23.0 kmpl,1498 CC,98.96 bhp,170Nm@ 1800-2400rpm,5.0,570000
Maruti Vitara,Maruti,Vitara,2,20000,individual,Diesel,Manual,24.3 kmpl,,88.5 bhp,,5.0,750000
Maruti Alto,Maruti,Alto,9,120000,Individual,Petrol,Manual,19.7 kmpl,796 CC,,113Nm@ 4000rpm,5.0,120000
Maruti Ciaz,Maruti,Ciaz,5,15000,Individual,PETROL,Automatic,19.12 kmpl,1373 CC,91.1 bhp,24@ 1900(kgm@ rpm),5.0,725000
Maruti Baleno,Maruti,Baleno,4,25000,Individual,Petrol,Automatic,21.4 kmpl,1197 CC,83.1 bhp,24@ 1900(kgm@ rpm),5.0,599000
Honda Amaze,Honda,Amaze,5,27946,Dealer,Diesel,Manual,24.7 kmpl,1498 CC,98.63 bhp,"12.7@ 2,700(kgm@ rpm)",5.0,740000
Renault Duster,Renault,Duster,9,50000,INDIVIDUAL,  Diesel ,Manual,19.01 kmpl,1461 CC,108.45 bhp,170Nm@ 1800-2400rpm,5.0,375000
Maruti Swift Dzire,Maruti,Swift Dzire,3,11000,Dealer,Petrol,Automatic,22.0 kmpl,1197 CC,81.8 bhp,250Nm@ 1500-2500rpm,5.0,650000
Honda City,Honda,City,9,58000,Dealer,Petrol,Manual,17.0 kmpl,1497 CC,118.0 bhp,170Nm@ 1800-2400rpm,5.0,575000
Maruti Alto,Maruti,Alto,10,19600,Individual,Petrol,Manual,19.7 kmpl,796 CC,46.3 bhp,91Nm@ 3500rpm,5.0,190000
Honda Amaze,Honda,Amaze,5,45000,  Dealer ,Petrol,Manual,18.0 kmpl,1198 CC,86.7 bhp,91Nm@ 3500rpm,5.0,550000
Hyundai i20,Hyundai,i20,3,15000,  Individual ,Diesel,Manual,22.54 kmpl,1396 CC,88.73 bhp,250Nm@ 1500-2500rpm,5.0,850000
Mercedes-Benz C-Class,Mercedes-Benz,C-Class,8,73000,Dealer,Diesel,Automatic,14.84 kmpl,2143 CC,170.0 bhp,170Nm@ 1800-2400rpm,,1075000
Hyundai Grand,Hyundai,Grand,4,1010,Dealer,Petrol,Manual,18.9 kmpl,1197 CC,81.86 bhp,91Nm@ 3500rpm,,500000
Maruti Swift Dzire,Maruti,Swift Dzire,2,11000,Individual,Petrol,Manual,,1197 CC,81.8 bhp,200Nm@ 1750rpm,5.0,600000
Tata Tiago,Tata,Tiago,3,36840,  Dealer ,Petrol,Manual,23.84 kmpl,1199 CC,84.0 bhp,250Nm@ 1500-2500rpm,5.0,425000
Tata Safari,Tata,Safari,10,35000,individual,Diesel,Manual,13.93 kmpl,,138.0 bhp,,7.0,675000
Maruti Swift,Maruti,Swift,5,52000,  Dealer ,Petrol,Automatic,22.0 kmpl,,81.8 bhp,,5.0,650000
Skoda Rapid,Skoda,Rapid,3,9570,dealer,PETROL,Automatic,14.3 kmpl,1598 CC,103.2 bhp,250Nm@ 1500-2500rpm,5.0,1195000
Maruti Swift Dzire,Maruti,Swift Dzire,9,120000,  Individual ,Diesel,Manual,19.3 kmpl,1248 CC,73.9 bhp,"12.7@ 2,700(kgm@ rpm)",5.0,300000
Mahindra Scorpio,Mahindra,Scorpio,7,110000,Individual,  Diesel ,Manual,12.05 kmpl,2179 CC,120.0 bhp,"12.7@ 2,700(kgm@ rpm)",9.0,550000
Honda Amaze,Honda,Amaze,4,20350,dealer,PETROL,Manual,17.8 kmpl,1198 CC,86.7 bhp,"12.7@ 2,700(kgm@ rpm)",5.0,650000
Mahindra Bolero,Mahindra,Bolero,9,100000,Individual,Diesel,Manual,15.96 kmpl,2523 CC,62.1 bhp,200Nm@ 1750rpm,7.0,360000
Maruti Celerio,Maruti,Celerio,6,51118,  Dealer ,Petrol,Automatic,,998 CC,67.04 bhp,250Nm@ 1500-2500rpm,5.0,450000
Skoda Rapid,Skoda,Rapid,7,76000,  Dealer ,diesel,Manual,21.14 kmpl,1498 CC,103.52 bhp,250Nm@ 1500-2500rpm,5.0,510000
Hyundai i20,Hyundai,i20,4,34000,dealer,DIESEL,Manual,22.54 kmpl,1396 CC,88.73 bhp,113Nm@ 4000rpm,5.0,680000
Mahindra Scorpio,Mahindra,Scorpio,4,56000,Dealer,Diesel,Manual,15.4 kmpl,1997 CC,120.0 bhp,113Nm@ 4000rpm,7.0,1150000
Maruti Ertiga,Maruti,Ertiga,2,5298,trustmark dealer,petrol,Manual,19.34 kmpl,1462 CC,103.0 bhp,250Nm@ 1500-2500rpm,7.0,900000
Maruti Swift,Maruti,Swift,7,80000,DEALER,Diesel,Manual,28.4 kmpl,1248 CC,74.0 bhp,250Nm@ 1500-2500rpm,5.0,425000
Tata Safari,Tata,Safari,5,66000,Individual,Diesel,Manual,,2179 CC,153.86 bhp,170Nm@ 1800-2400rpm,7.0,900000
Mercedes-Benz S-Class,Mercedes-Benz,S-Class,11,84000,Dealer,Diesel,Automatic,13.5 kmpl,2987 CC,282.0 bhp,190Nm@ 2000rpm,5.0,1899000
Hyundai Venue,Hyundai,Venue,2,14000,Dealer,Petrol,Automatic,18.15 kmpl,998 CC,118.35 bhp,190Nm@ 2000rpm,5.0,1060000
Ford Figo,Ford,Figo,4,53000,INDIVIDUAL,Diesel,Manual,25.83 kmpl,1498 CC,99.0 bhp,170Nm@ 1800-2400rpm,5.0,400000
Volkswagen Vento,Volkswagen,Vento,6,38000,DEALER,Petrol,Automatic,16.93 kmpl,1197 CC,103.2 bhp,170Nm@ 1800-2400rpm,5.0,545000
Volkswagen Polo,Volkswagen,Polo,10,65000,Dealer,Petrol,Manual,16.2 kmpl,1199 CC,74.0 bhp,170Nm@ 1800-2400rpm,5.0,260000
Honda City,Honda,City,7,59000,dealer,  Diesel ,Manual,25.1 kmpl,1498 CC,98.6 bhp,91Nm@ 3500rpm,5.0,550000
Hyundai Grand,Hyundai,Grand,5,13229,trustmark dealer,Petrol,Manual,18.9 kmpl,1197 CC,82.0 bhp,190Nm@ 2000rpm,5.0,500000
Maruti Vitara,Maruti,Vitara,4,47000,Dealer,  Diesel ,Manual,24.3 kmpl,1248 CC,88.5 bhp,250Nm@ 1500-2500rpm,5.0,950000
Mahindra XUV500,Mahindra,XUV500,7,58232,DEALER,Diesel,Manual,15.1 kmpl,2179 CC,140.0 bhp,,7.0,625000
Maruti Ertiga,Maruti,Ertiga,6,78286,Dealer,CNG,Manual,22.8 km/kg,1373 CC,80.9 bhp,250Nm@ 1500-2500rpm,7.0,650000
Hyundai i20,Hyundai,i20,3,20000,  Individual ,Petrol,Manual,18.6 kmpl,1197 CC,81.83 bhp,"12.7@ 2,700(kgm@ rpm)",5.0,524000
Hyundai Verna,Hyundai,Verna,8,65512,Dealer,diesel,Manual,22.32 kmpl,1582 CC,126.32 bhp,91Nm@ 3500rpm,5.0,585000
Maruti Swift,Maruti,Swift,9,100000,Individual,Petrol,Manual,18.6 kmpl,1197 CC,85.8 bhp,250Nm@ 1500-2500rpm,5.0,380000
Honda Amaze,Honda,Amaze,6,68000,Dealer,Diesel,Manual,25.8 kmpl,1498 CC,98.6 bhp,250Nm@ 1500-2500rpm,5.0,400000
Maruti Celerio,Maruti,Celerio,3,15000,INDIVIDUAL,  Petrol ,Manual,21.63 kmpl,998 CC,67.0 bhp,91Nm@ 3500rpm,,400000
Maruti Ertiga,Maruti,Ertiga,6,72000,INDIVIDUAL,Diesel,Manual,24.52 kmpl,1248 CC,88.5 bhp,24@ 1900(kgm@ rpm),7.0,700000
Mercedes-Benz E-Class,Mercedes-Benz,E-Class,15,78000,  Dealer ,Petrol,Automatic,10.5 kmpl,1796 CC,157.7 bhp,,5.0,500000
Maruti Swift Dzire,Maruti,Swift Dzire,6,47900,  Dealer ,PETROL,Manual,,1197 CC,83.14 bhp,190Nm@ 2000rpm,5.0,410000
Maruti Swift,Maruti,Swift,8,147000,Individual,DIESEL,Manual,22.9 kmpl,1248 CC,74.0 bhp,200Nm@ 1750rpm,5.0,350000
Maruti Wagon R,Maruti,Wagon R,8,62500,Dealer,petrol,Manual,21.79 kmpl,998 CC,67.05 bhp,"12.7@ 2,700(kgm@ rpm)",5.0,300000
Mercedes-Benz E-Class,Mercedes-Benz,E-Class,9,72000,Dealer,Diesel,Automatic,10.0 kmpl,2148 CC,170.0 bhp,170Nm@ 1800-2400rpm,5.0,1155000
Hyundai Grand,Hyundai,Grand,3,15800,DEALER,petrol,Automatic,18.9 kmpl,1197 CC,81.86 bhp,200Nm@ 1750rpm,5.0,479000
Maruti Swift Dzire,Maruti,Swift Dzire,7,70000,Individual,DIESEL,Manual,23.4 kmpl,1248 CC,74.0 bhp,"12.7@ 2,700(kgm@ rpm)",5.0,575000
BMW 3,BMW,3,7,118000,  Dealer ,Diesel,Automatic,19.62 kmpl,1995 CC,187.74 bhp,113Nm@ 4000rpm,5.0,2000000
Maruti Ciaz,Maruti,Ciaz,7,45498,dealer,DIESEL,Manual,26.21 kmpl,1248 CC,88.5 bhp,170Nm@ 1800-2400rpm,5.0,685000
Honda WR-V,Honda,WR-V,4,30000,  Individual ,Diesel,Manual,25.5 kmpl,1498 CC,98.6 bhp,24@ 1900(kgm@ rpm),5.0,750000
Maruti Swift,Maruti,Swift,3,50000,individual,Diesel,Automatic,28.4 kmpl,1248 CC,74.0 bhp,170Nm@ 1800-2400rpm,5.0,550000
Hyundai i10,Hyundai,i10,9,15000,Individual,PETROL,Manual,20.36 kmpl,1197 CC,78.9 bhp,24@ 1900(kgm@ rpm),5.0,220000
Mahindra KUV,Mahindra,KUV,5,70000,individual,Diesel,Manual,25.32 kmpl,1198 CC,77.0 bhp,91Nm@ 3500rpm,6.0,350000
Maruti Alto,Maruti,Alto,8,24000,Individual,Petrol,Manual,,,47.3 bhp,,5.0,270000
Renault Duster,Renault,Duster,7,65350,Dealer,Diesel,Manual,20.45 kmpl,1461 CC,83.8 bhp,200Nm@ 1750rpm,5.0,450000
BMW 7,BMW,7,10,78251,Dealer,DIESEL,Automatic,14.49 kmpl,2993 CC,258.0 bhp,"12.7@ 2,700(kgm@ rpm)",5.0,1600000
Hyundai Creta,Hyundai,Creta,5,79000,DEALER,Diesel,Automatic,17.01 kmpl,1582 CC,126.2 bhp,250Nm@ 1500-2500rpm,5.0,970000
Hyundai i20,Hyundai,i20,3,20000,Individual,  Petrol ,Manual,18.6 kmpl,1197 CC,81.83 bhp,24@ 1900(kgm@ rpm),5.0,598000
Hyundai i20,Hyundai,i20,3,29000,Dealer,petrol,Automatic,17.4 kmpl,1197 CC,81.86 bhp,"12.7@ 2,700(kgm@ rpm)",5.0,895000
Honda Amaze,Honda,Amaze,4,48000,INDIVIDUAL,Petrol,Automatic,18.1 kmpl,1199 CC,88.7 bhp,190Nm@ 2000rpm,5.0,540000
Hyundai Verna,Hyundai,Verna,2,26000,DEALER,PETROL,Manual,17.01 kmpl,1591 CC,121.3 bhp,250Nm@ 1500-2500rpm,5.0,950000
Mahindra Marazzo,Mahindra,Marazzo,2,50000,individual,Diesel,Manual,17.3 kmpl,1497 CC,121.0 bhp,24@ 1900(kgm@ rpm),8.0,1450000
Renault KWID,Renault,KWID,3,38000,  Dealer ,Petrol,Manual,25.17 kmpl,799 CC,53.3 bhp,91Nm@ 3500rpm,5.0,345000
Tata Tigor,Tata,Tigor,3,15572,Dealer,Petrol,Manual,20.3 kmpl,1199 CC,84.0 bhp,190Nm@ 2000rpm,5.0,600000
Maruti Swift Dzire,Maruti,Swift Dzire,10,80000,Individual,petrol,Manual,17.5 kmpl,1197 CC,85.8 bhp,190Nm@ 2000rpm,5.0,221000
Toyota Innova,Toyota,Innova,6,165000,Individual,  Diesel ,Manual,12.99 kmpl,2494 CC,100.6 bhp,113Nm@ 4000rpm,7.0,830000
Mercedes-Benz C-Class,Mercedes-Benz,C-Class,7,65000,Dealer,diesel,Automatic,19.27 kmpl,2143 CC,170.0 bhp,"12.7@ 2,700(kgm@ rpm)",5.0,1425000
BMW 3,BMW,3,8,15000,Dealer,Diesel,Automatic,18.88 kmpl,1995 CC,184.0 bhp,190Nm@ 2000rpm,5.0,1900000
Maruti Ignis,Maruti,Ignis,2,20000,Individual,Petrol,Manual,20.89 kmpl,1197 CC,81.8 bhp,190Nm@ 2000rpm,5.0,530000
Hyundai Creta,Hyundai,Creta,6,45000,Dealer,  Diesel ,Automatic,17.01 kmpl,1582 CC,126.2 bhp,250Nm@ 1500-2500rpm,5.0,1025000
Maruti Celerio,Maruti,Celerio,5,71000,Dealer,Diesel,Manual,27.62 kmpl,793 CC,47.0 bhp,113Nm@ 4000rpm,5.0,499000
Maruti Ciaz,Maruti,Ciaz,6,56000,Dealer,Diesel,Manual,28.09 kmpl,1248 CC,88.5 bhp,113Nm@ 4000rpm,5.0,510000
Tata Safari,Tata,Safari,8,50000,Individual,diesel,Manual,14.0 kmpl,2179 CC,138.1 bhp,91Nm@ 3500rpm,7.0,800000
Ford Aspire,Ford,Aspire,6,41000,Dealer,DIESEL,Manual,25.83 kmpl,1498 CC,99.0 bhp,"12.7@ 2,700(kgm@ rpm)",5.0,490000
Hyundai i20,Hyundai,i20,7,37000,Dealer,  Petrol ,Manual,,1197 CC,81.83 bhp,170Nm@ 1800-2400rpm,5.0,495000
Maruti Swift Dzire,Maruti,Swift Dzire,3,35000,Individual,PETROL,Manual,21.21 kmpl,1197 CC,81.8 bhp,190Nm@ 2000rpm,5.0,550000
Maruti Baleno,Maruti,Baleno,5,38000,Dealer,Petrol,Manual,21.4 kmpl,1197 CC,83.1 bhp,200Nm@ 1750rpm,5.0,580000
Mahindra Scorpio,Mahindra,Scorpio,15,122524,DEALER,Diesel,Manual,12.05 kmpl,2179 CC,120.0 bhp,"12.7@ 2,700(kgm@ rpm)",8.0,265000
Maruti Alto,Maruti,Alto,5,42000,dealer,CNG,Manual,33.44 km/kg,796 CC,40.3 bhp,200Nm@ 1750rpm,,260000
Maruti Wagon R,Maruti,Wagon R,7,25978,dealer,PETROL,Manual,18.9 kmpl,998 CC,67.1 bhp,190Nm@ 2000rpm,5.0,325000
Honda WR-V,Honda,WR-V,2,10000,dealer,PETROL,Manual,17.5 kmpl,1199 CC,88.7 bhp,113Nm@ 4000rpm,5.0,875000
Maruti Swift,Maruti,Swift,4,83000,INDIVIDUAL,Diesel,Manual,25.2 kmpl,1248 CC,74.0 bhp,"12.7@ 2,700(kgm@ rpm)",5.0,630000
Honda City,Honda,City,13,91000,Dealer,petrol,Manual,16.0 kmpl,1493 CC,106.0 bhp,250Nm@ 1500-2500rpm,5.0,235000
Toyota Innova,Toyota,Innova,4,52300,DEALER,  Diesel ,Manual,13.68 kmpl,2393 CC,147.51 bhp,200Nm@ 1750rpm,7.0,1450000
Ford Ecosport,Ford,Ecosport,3,16000,Dealer,PETROL,Manual,15.9 kmpl,1496 CC,120.69 bhp,91Nm@ 3500rpm,5.0,875000
Maruti Swift Dzire,Maruti,Swift Dzire,9,74600,Individual,Diesel,Manual,19.3 kmpl,1248 CC,73.9 bhp,250Nm@ 1500-2500rpm,5.0,410000
Hyundai i20,Hyundai,i20,8,55713,Dealer,Petrol,Manual,17.0 kmpl,1197 CC,,190Nm@ 2000rpm,5.0,350000
Ford Ecosport,Ford,Ecosport,5,175000,Individual,DIESEL,Manual,22.77 kmpl,1498 CC,98.59 bhp,190Nm@ 2000rpm,5.0,680000
Maruti Swift,Maruti,Swift,9,126000,Individual,Petrol,Manual,18.6 kmpl,1197 CC,85.8 bhp,24@ 1900(kgm@ rpm),5.0,315000
Datsun redi-GO,Datsun,redi-GO,5,7001,Dealer,PETROL,Manual,21.7 kmpl,999 CC,67.05 bhp,170Nm@ 1800-2400rpm,5.0,325000
Toyota Camry,Toyota,Camry,9,83386,Dealer,  Petrol ,Automatic,12.98 kmpl,2494 CC,178.3 bhp,24@ 1900(kgm@ rpm),5.0,750000
Mahindra XUV500,Mahindra,XUV500,10,71000,Dealer,  Diesel ,Manual,15.1 kmpl,2179 CC,140.0 bhp,250Nm@ 1500-2500rpm,7.0,450000
Skoda Rapid,Skoda,Rapid,5,74601,Dealer,DIESEL,Manual,21.13 kmpl,1498 CC,108.6 bhp,250Nm@ 1500-2500rpm,5.0,611000
Tata Hexa,Tata,Hexa,4,10000,Individual,DIESEL,Manual,17.6 kmpl,2179 CC,147.94 bhp,250Nm@ 1500-2500rpm,7.0,1150000
Toyota Innova,Toyota,Innova,8,52000,DEALER,Diesel,Manual,12.99 kmpl,2494 CC,,200Nm@ 1750rpm,7.0,625000
Volkswagen Polo,Volkswagen,Polo,5,22500,Dealer,Petrol,Automatic,17.21 kmpl,1197 CC,103.5 bhp,"12.7@ 2,700(kgm@ rpm)",5.0,680000
Maruti Wagon R,Maruti,Wagon R,7,35000,Individual,Petrol,Manual,20.51 kmpl,998 CC,67.04 bhp,113Nm@ 4000rpm,5.0,370000
Maruti Swift,Maruti,Swift,8,195000,Individual,Diesel,Manual,22.9 kmpl,1248 CC,74.0 bhp,250Nm@ 1500-2500rpm,5.0,410000
Maruti Ciaz,Maruti,Ciaz,4,13000,Dealer,Diesel,Manual,28.09 kmpl,1248 CC,88.5 bhp,91Nm@ 3500rpm,5.0,885000
Tata Tiago,Tata,Tiago,3,5381,  Dealer ,Petrol,Manual,23.84 kmpl,1199 CC,84.0 bhp,,5.0,499000
Audi A4,Audi,A4,11,67000,dealer,  Petrol ,Automatic,10.8 kmpl,1984 CC,132.0 bhp,24@ 1900(kgm@ rpm),5.0,845000
Maruti Vitara,Maruti,Vitara,3,40000,Individual,Diesel,Manual,24.3 kmpl,1248 CC,88.5 bhp,170Nm@ 1800-2400rpm,5.0,735000
Skoda Superb,Skoda,Superb,4,30000,Dealer,petrol,Automatic,14.67 kmpl,1798 CC,,200Nm@ 1750rpm,5.0,1960000
Maruti Ertiga,Maruti,Ertiga,4,40000,Individual,Petrol,Automatic,,1373 CC,91.1 bhp,"12.7@ 2,700(kgm@ rpm)",7.0,780000
Maruti Wagon R,Maruti,Wagon R,2,15000,Individual,Petrol,Manual,20.51 kmpl,998 CC,67.04 bhp,190Nm@ 2000rpm,5.0,420000
Maruti Vitara,Maruti,Vitara,3,28900,DEALER,DIESEL,Automatic,24.3 kmpl,1248 CC,88.5 bhp,200Nm@ 1750rpm,5.0,895000
Ford Endeavour,Ford,Endeavour,11,80000,Individual,diesel,Automatic,11.4 kmpl,2953 CC,153.86 bhp,250Nm@ 1500-2500rpm,7.0,750000
Mercedes-Benz E-Class,Mercedes-Benz,E-Class,6,65000,  Dealer ,Diesel,Automatic,13.0 kmpl,2987 CC,261.5 bhp,91Nm@ 3500rpm,5.0,2500000
Renault KWID,Renault,KWID,3,9000,dealer,  Petrol ,Automatic,23.01 kmpl,999 CC,67.0 bhp,190Nm@ 2000rpm,5.0,445000
Renault KWID,Renault,KWID,5,26844,Dealer,Petrol,Manual,25.17 kmpl,799 CC,53.3 bhp,"12.7@ 2,700(kgm@ rpm)",5.0,295000
Mahindra Scorpio,Mahindra,Scorpio,4,61000,Dealer,Diesel,Manual,15.4 kmpl,1997 CC,120.0 bhp,170Nm@ 1800-2400rpm,7.0,1025000
Maruti Swift Dzire,Maruti,Swift Dzire,2,11000,Dealer,Petrol,Manual,22.0 kmpl,1197 CC,81.8 bhp,250Nm@ 1500-2500rpm,5.0,645000
Honda CR-V,Honda,CR-V,13,120000,Dealer,Petrol,Automatic,10.1 kmpl,2354 CC,152.0 bhp,190Nm@ 2000rpm,5.0,600000
Maruti Swift Dzire,Maruti,Swift Dzire,10,95398,dealer,Diesel,Manual,19.3 kmpl,,73.9 bhp,,5.0,400000
Skoda Superb,Skoda,Superb,11,82000,DEALER,Petrol,Automatic,13.7 kmpl,1798 CC,157.75 bhp,,5.0,375000
Maruti Vitara,Maruti,Vitara,3,20000,Individual,Diesel,Manual,24.3 kmpl,1248 CC,88.5 bhp,250Nm@ 1500-2500rpm,5.0,870000
Maruti Alto,Maruti,Alto,2,10000,individual,Petrol,Manual,23.95 kmpl,998 CC,67.05 bhp,24@ 1900(kgm@ rpm),5.0,373000
Maruti Alto,Maruti,Alto,4,10000,INDIVIDUAL,Petrol,Manual,24.7 kmpl,796 CC,47.3 bhp,24@ 1900(kgm@ rpm),5.0,260000
Honda Amaze,Honda,Amaze,4,32650,  Trustmark Dealer ,  Petrol ,Manual,17.8 kmpl,1198 CC,86.7 bhp,"12.7@ 2,700(kgm@ rpm)",5.0,510000
Honda WR-V,Honda,WR-V,3,25000,Dealer,diesel,Manual,25.5 kmpl,1498 CC,,24@ 1900(kgm@ rpm),5.0,600000
Maruti Swift,Maruti,Swift,7,60000,individual,Diesel,Manual,25.2 kmpl,1248 CC,,91Nm@ 3500rpm,5.0,465000
Hyundai i10,Hyundai,i10,11,70000,Individual,PETROL,Manual,19.81 kmpl,1086 CC,68.05 bhp,91Nm@ 3500rpm,5.0,170000
Maruti Dzire VXI,Maruti,Dzire VXI,4,30500,Dealer,  Petrol ,Automatic,24.12 kmpl,1197 CC,88.5 bhp,113Nm@ 4000rpm,5.0,675000
Maruti Swift Dzire,Maruti,Swift Dzire,4,30000,Individual,petrol,Manual,21.21 kmpl,1197 CC,81.8 bhp,113Nm@ 4000rpm,5.0,650000
Lexus ES,Lexus,ES,3,28000,Dealer,Petrol,Automatic,,2487 CC,,113Nm@ 4000rpm,5.0,3990000
Ford Figo,Ford,Figo,7,60000,dealer,Diesel,Manual,20.0 kmpl,1399 CC,68.05 bhp,190Nm@ 2000rpm,5.0,250000
Volkswagen Polo,Volkswagen,Polo,5,60000,DEALER,Petrol,Automatic,17.21 kmpl,1197 CC,103.5 bhp,"12.7@ 2,700(kgm@ rpm)",5.0,690000
BMW 3,BMW,3,5,60000,Dealer,Diesel,Automatic,21.76 kmpl,1995 CC,188.0 bhp,"12.7@ 2,700(kgm@ rpm)",5.0,2950000
Mahindra XUV500,Mahindra,XUV500,6,72000,Dealer,diesel,Manual,15.1 kmpl,2179 CC,140.0 bhp,200Nm@ 1750rpm,7.0,880000
Toyota Innova,Toyota,Innova,5,57000,Dealer,Petrol,Manual,11.4 kmpl,1998 CC,130.1 bhp,200Nm@ 1750rpm,7.0,1450000
Volkswagen Polo,Volkswagen,Polo,3,26193,Dealer,Petrol,Automatic,17.21 kmpl,,103.6 bhp,,,972000
Hyundai Verna,Hyundai,Verna,12,66000,dealer,Diesel,Manual,25.0 kmpl,1493 CC,113.42 bhp,91Nm@ 3500rpm,5.0,375000
Honda WR-V,Honda,WR-V,4,13420,Dealer,Petrol,Manual,17.5 kmpl,1199 CC,88.7 bhp,24@ 1900(kgm@ rpm),5.0,785000
Tata Tiago,Tata,Tiago,2,35000,Individual,Petrol,Manual,23.84 kmpl,1199 CC,84.0 bhp,24@ 1900(kgm@ rpm),5.0,434000
Maruti Alto,Maruti,Alto,12,80000,Individual,Petrol,Manual,,796 CC,46.3 bhp,200Nm@ 1750rpm,5.0,215000
Volkswagen Polo,Volkswagen,Polo,8,113566,dealer,Diesel,Manual,22.07 kmpl,1199 CC,73.9 bhp,190Nm@ 2000rpm,5.0,415000
BMW X5,BMW,X5,5,85000,  Individual ,  Diesel ,Automatic,15.97 kmpl,2993 CC,258.0 bhp,,5.0,3600000
Honda City,Honda,City,3,41000,Dealer,PETROL,Manual,17.0 kmpl,1497 CC,118.0 bhp,24@ 1900(kgm@ rpm),5.0,845000
Maruti Swift,Maruti,Swift,6,45000,Dealer,Diesel,Manual,28.4 kmpl,1248 CC,74.0 bhp,"12.7@ 2,700(kgm@ rpm)",5.0,475000
Honda City,Honda,City,7,68900,Dealer,  Diesel ,Manual,25.1 kmpl,,,,5.0,655000
Honda Jazz,Honda,Jazz,5,33980,Dealer,Petrol,Manual,18.7 kmpl,1199 CC,88.7 bhp,170Nm@ 1800-2400rpm,5.0,630000
Mercedes-Benz GL-Class,Mercedes-Benz,GL-Class,3,15000,Dealer,Petrol,Automatic,11.5 kmpl,,362.0 bhp,,5.0,6000000
Maruti Alto,Maruti,Alto,12,80000,Individual,Petrol,Manual,,796 CC,46.3 bhp,200Nm@ 1750rpm,5.0,215000
Maruti Alto,Maruti,Alto,15,80000,individual,PETROL,Manual,19.7 kmpl,796 CC,46.3 bhp,200Nm@ 1750rpm,5.0,60000
Hyundai i20,Hyundai,i20,3,86516,DEALER,Petrol,Manual,18.6 kmpl,1197 CC,81.86 bhp,190Nm@ 2000rpm,5.0,750000
BMW X5,BMW,X5,13,61000,dealer,Diesel,Automatic,11.0 kmpl,2993 CC,235.0 bhp,170Nm@ 1800-2400rpm,5.0,1975000
Mahindra Bolero,Mahindra,Bolero,7,78000,Dealer,Diesel,Manual,15.96 kmpl,2523 CC,62.1 bhp,250Nm@ 1500-2500rpm,7.0,550000
Hyundai i10,Hyundai,i10,11,35000,DEALER,PETROL,Manual,20.36 kmpl,1197 CC,78.9 bhp,250Nm@ 1500-2500rpm,5.0,235000
Ford Figo,Ford,Figo,11,104433,  Dealer ,petrol,Manual,15.6 kmpl,1196 CC,70.0 bhp,250Nm@ 1500-2500rpm,5.0,285000
Hyundai Verna,Hyundai,Verna,3,44000,Individual,  Petrol ,Manual,17.0 kmpl,1591 CC,121.3 bhp,170Nm@ 1800-2400rpm,5.0,900000
Mercedes-Benz E-Class,Mercedes-Benz,E-Class,5,45000,dealer,Diesel,Automatic,14.21 kmpl,2143 CC,203.0 bhp,200Nm@ 1750rpm,5.0,2650000
Maruti Swift,Maruti,Swift,5,90000,Individual,Petrol,Manual,,1197 CC,81.8 bhp,"12.7@ 2,700(kgm@ rpm)",5.0,500000
Maruti Celerio,Maruti,Celerio,6,48000,Dealer,Diesel,Manual,27.62 kmpl,793 CC,47.0 bhp,91Nm@ 3500rpm,5.0,475000
Honda Amaze,Honda,Amaze,8,67000,Individual,Diesel,Manual,25.8 kmpl,1498 CC,98.6 bhp,"12.7@ 2,700(kgm@ rpm)",5.0,300000
Maruti Ertiga,Maruti,Ertiga,4,77900,Dealer,  Diesel ,Manual,24.2 kmpl,1498 CC,93.87 bhp,200Nm@ 1750rpm,7.0,875000
Ford Ecosport,Ford,Ecosport,5,72000,DEALER,Diesel,Manual,22.77 kmpl,1498 CC,98.59 bhp,"12.7@ 2,700(kgm@ rpm)",5.0,615000
Maruti Ertiga,Maruti,Ertiga,3,50000,INDIVIDUAL,  Petrol ,Manual,17.5 kmpl,1373 CC,91.1 bhp,250Nm@ 1500-2500rpm,7.0,760000
Honda City,Honda,City,12,80661,dealer,petrol,Manual,17.0 kmpl,1497 CC,118.0 bhp,250Nm@ 1500-2500rpm,5.0,390000
Honda City,Honda,City,4,47000,  Individual ,DIESEL,Manual,25.6 kmpl,1498 CC,97.9 bhp,250Nm@ 1500-2500rpm,5.0,1000000
Maruti Swift Dzire,Maruti,Swift Dzire,6,49162,Dealer,Petrol,Manual,22.0 kmpl,1197 CC,81.8 bhp,190Nm@ 2000rpm,5.0,495000
Renault KWID,Renault,KWID,5,15000,Individual,  Petrol ,Manual,25.17 kmpl,799 CC,53.3 bhp,190Nm@ 2000rpm,5.0,299000
Mahindra XUV500,Mahindra,XUV500,5,72000,Dealer,Diesel,Manual,16.0 kmpl,2179 CC,140.0 bhp,113Nm@ 4000rpm,,1245000
Maruti Wagon R,Maruti,Wagon R,4,50000,INDIVIDUAL,Petrol,Manual,20.51 kmpl,998 CC,67.04 bhp,"12.7@ 2,700(kgm@ rpm)",5.0,380000
Renault KWID,Renault,KWID,3,10000,  Individual ,Petrol,Manual,23.01 kmpl,999 CC,67.0 bhp,190Nm@ 2000rpm,5.0,350000
Honda Amaze,Honda,Amaze,6,25000,Individual,  Petrol ,Manual,18.0 kmpl,1198 CC,86.7 bhp,113Nm@ 4000rpm,5.0,350000
Maruti Swift,Maruti,Swift,3,16000,individual,  Petrol ,Automatic,22.0 kmpl,1197 CC,81.8 bhp,250Nm@ 1500-2500rpm,5.0,620000
Maruti Wagon R,Maruti,Wagon R,6,27300,Dealer,PETROL,Manual,20.52 kmpl,1197 CC,81.8 bhp,200Nm@ 1750rpm,5.0,319000
Maruti Swift,Maruti,Swift,6,40200,Individual,Diesel,Manual,25.2 kmpl,1248 CC,74.0 bhp,"12.7@ 2,700(kgm@ rpm)",5.0,498000
Hyundai i20,Hyundai,i20,10,148000,  Individual ,Petrol,Manual,17.0 kmpl,1197 CC,80.0 bhp,91Nm@ 3500rpm,5.0,210000
Toyota Innova,Toyota,Innova,10,125000,DEALER,  Diesel ,Manual,12.8 kmpl,2494 CC,102.0 bhp,190Nm@ 2000rpm,7.0,675000
Honda Amaze,Honda,Amaze,6,57000,Dealer,Petrol,Manual,18.0 kmpl,1198 CC,86.7 bhp,200Nm@ 1750rpm,5.0,390000
Datsun RediGO,Datsun,RediGO,4,30000,Individual,Petrol,Manual,22.7 kmpl,799 CC,53.64 bhp,190Nm@ 2000rpm,5.0,275000
Renault KWID,Renault,KWID,4,30000,INDIVIDUAL,Petrol,Manual,23.01 kmpl,999 CC,67.0 bhp,200Nm@ 1750rpm,5.0,340000
Tata Harrier,Tata,Harrier,2,17000,Dealer,Diesel,Manual,17.0 kmpl,1956 CC,138.1 bhp,113Nm@ 4000rpm,5.0,1650000
Volkswagen Polo,Volkswagen,Polo,6,26678,DEALER,PETROL,Automatic,17.21 kmpl,1197 CC,103.6 bhp,,5.0,625000
Maruti Alto,Maruti,Alto,5,20000,individual,Petrol,Manual,,998 CC,67.05 bhp,91Nm@ 3500rpm,5.0,315000
Honda Civic,Honda,Civic,11,36000,DEALER,petrol,Manual,14.8 kmpl,1799 CC,130.2 bhp,91Nm@ 3500rpm,5.0,375000
Maruti Ciaz,Maruti,Ciaz,4,40000,dealer,Diesel,Manual,28.09 kmpl,1248 CC,88.5 bhp,190Nm@ 2000rpm,5.0,810000
Maruti Ciaz,Maruti,Ciaz,6,73000,Dealer,PETROL,Manual,,1373 CC,91.1 bhp,24@ 1900(kgm@ rpm),5.0,550000
Maruti Wagon R,Maruti,Wagon R,8,70000,INDIVIDUAL,Petrol,Manual,20.51 kmpl,998 CC,67.04 bhp,170Nm@ 1800-2400rpm,5.0,250000
Maruti Ertiga,Maruti,Ertiga,4,45253,Dealer,CNG,Manual,,1462 CC,103.0 bhp,,7.0,775000
Hyundai Grand,Hyundai,Grand,6,10000,Individual,  Petrol ,Manual,18.9 kmpl,1197 CC,82.0 bhp,91Nm@ 3500rpm,5.0,450000
Maruti Celerio,Maruti,Celerio,2,20000,  Dealer ,PETROL,Automatic,23.1 kmpl,998 CC,67.04 bhp,250Nm@ 1500-2500rpm,5.0,565000
Maruti Alto,Maruti,Alto,11,70000,Dealer,Petrol,Manual,19.7 kmpl,796 CC,46.3 bhp,"12.7@ 2,700(kgm@ rpm)",5.0,130000
Tata Tigor,Tata,Tigor,4,95000,Individual,Diesel,Manual,24.7 kmpl,1047 CC,69.0 bhp,190Nm@ 2000rpm,5.0,600000
Honda City,Honda,City,7,62000,dealer,DIESEL,Manual,26.0 kmpl,1498 CC,98.6 bhp,190Nm@ 2000rpm,5.0,640000
Maruti Wagon R,Maruti,Wagon R,14,80000,Dealer,  Petrol ,Manual,21.79 kmpl,998 CC,67.05 bhp,24@ 1900(kgm@ rpm),5.0,85000
Hyundai Elantra,Hyundai,Elantra,8,34800,Dealer,petrol,Automatic,14.5 kmpl,1797 CC,147.5 bhp,113Nm@ 4000rpm,5.0,675000
Mahindra XUV500,Mahindra,XUV500,9,68420,Dealer,diesel,Manual,15.1 kmpl,2179 CC,140.0 bhp,113Nm@ 4000rpm,7.0,615000
Hyundai Verna,Hyundai,Verna,9,30917,Dealer,Diesel,Manual,22.32 kmpl,1582 CC,126.3 bhp,24@ 1900(kgm@ rpm),5.0,465000
Datsun RediGO,Datsun,RediGO,3,14000,Dealer,petrol,Automatic,23.0 kmpl,999 CC,67.0 bhp,190Nm@ 2000rpm,5.0,349000
Skoda Rapid,Skoda,Rapid,5,49000,Dealer,  Diesel ,Automatic,21.66 kmpl,1498 CC,103.52 bhp,250Nm@ 1500-2500rpm,5.0,595000
Mahindra Scorpio,Mahindra,Scorpio,4,110000,Individual,Diesel,Manual,15.4 kmpl,1997 CC,120.0 bhp,200Nm@ 1750rpm,7.0,800000
Maruti Wagon R,Maruti,Wagon R,6,50000,Individual,CNG,Manual,26.6 km/kg,998 CC,58.16 bhp,200Nm@ 1750rpm,5.0,450000
Honda Amaze,Honda,Amaze,2,18005,Dealer,PETROL,Automatic,18.1 kmpl,1199 CC,88.7 bhp,170Nm@ 1800-2400rpm,5.0,785000
Maruti Alto,Maruti,Alto,6,35000,Individual,Petrol,Manual,22.74 kmpl,796 CC,47.3 bhp,24@ 1900(kgm@ rpm),5.0,270000
Maruti Vitara,Maruti,Vitara,1,16000,Dealer,diesel,Automatic,24.3 kmpl,1248 CC,88.5 bhp,200Nm@ 1750rpm,5.0,1125000
Hyundai i20,Hyundai,i20,2,30000,Individual,PETROL,Manual,18.6 kmpl,1197 CC,81.86 bhp,113Nm@ 4000rpm,5.0,635000
Hyundai i20,Hyundai,i20,3,50000,Individual,Petrol,Manual,18.6 kmpl,1197 CC,81.83 bhp,113Nm@ 4000rpm,5.0,584000
Hyundai Creta,Hyundai,Creta,5,58500,Dealer,Diesel,Manual,19.67 kmpl,1582 CC,126.2 bhp,91Nm@ 3500rpm,5.0,760000
Hyundai Grand,Hyundai,Grand,5,45500,Dealer,Petrol,Manual,18.9 kmpl,1197 CC,82.0 bhp,24@ 1900(kgm@ rpm),5.0,420000
Maruti Baleno,Maruti,Baleno,5,58000,Dealer,Petrol,Manual,21.4 kmpl,1197 CC,83.1 bhp,190Nm@ 2000rpm,5.0,550000
Hyundai i20,Hyundai,i20,5,40000,Individual,Petrol,Manual,17.19 kmpl,1197 CC,81.86 bhp,91Nm@ 3500rpm,5.0,500000
Volkswagen Polo,Volkswagen,Polo,9,92000,Dealer,DIESEL,Manual,22.07 kmpl,1199 CC,73.9 bhp,,5.0,385000
Maruti Swift Dzire,Maruti,Swift Dzire,5,40000,Individual,  Petrol ,Manual,20.85 kmpl,1197 CC,83.14 bhp,170Nm@ 1800-2400rpm,5.0,500000
Maruti Celerio,Maruti,Celerio,2,30000,Individual,Petrol,Manual,23.1 kmpl,998 CC,67.04 bhp,170Nm@ 1800-2400rpm,5.0,400000
Skoda Octavia,Skoda,Octavia,4,31111,Dealer,Diesel,Automatic,19.5 kmpl,1968 CC,141.0 bhp,113Nm@ 4000rpm,5.0,1399000
Hyundai i20,Hyundai,i20,7,48000,Dealer,Petrol,Manual,18.6 kmpl,1197 CC,81.83 bhp,"12.7@ 2,700(kgm@ rpm)",5.0,490000
Maruti Alto,Maruti,Alto,4,50000,Individual,  Petrol ,Manual,24.7 kmpl,796 CC,47.3 bhp,190Nm@ 2000rpm,5.0,280000
Maruti Swift,Maruti,Swift,3,50000,Individual,Diesel,Manual,28.4 kmpl,1248 CC,74.0 bhp,170Nm@ 1800-2400rpm,5.0,684000
Maruti Vitara,Maruti,Vitara,4,55000,Dealer,Diesel,Manual,24.3 kmpl,1248 CC,88.5 bhp,91Nm@ 3500rpm,5.0,825000
Honda WR-V,Honda,WR-V,4,48000,Dealer,Diesel,Manual,23.7 kmpl,1498 CC,97.89 bhp,91Nm@ 3500rpm,5.0,785000
BMW 5,BMW,5,8,70000,Dealer,Diesel,Automatic,14.69 kmpl,2993 CC,258.0 bhp,"12.7@ 2,700(kgm@ rpm)",5.0,1730000
Hyundai i10,Hyundai,i10,13,57390,Dealer,Petrol,Manual,20.36 kmpl,1197 CC,78.9 bhp,91Nm@ 3500rpm,5.0,125000
Renault KWID,Renault,KWID,5,15000,Individual,Petrol,Manual,23.01 kmpl,999 CC,67.0 bhp,200Nm@ 1750rpm,,370000
Renault KWID,Renault,KWID,2,25000,Individual,Petrol,Manual,23.01 kmpl,999 CC,67.0 bhp,190Nm@ 2000rpm,5.0,335000
Hyundai i20,Hyundai,i20,5,85000,individual,Diesel,Manual,22.54 kmpl,1396 CC,88.73 bhp,"12.7@ 2,700(kgm@ rpm)",5.0,550000
Mahindra XUV500,Mahindra,XUV500,9,100000,Individual,Diesel,Manual,15.1 kmpl,2179 CC,140.0 bhp,170Nm@ 1800-2400rpm,7.0,800000
Hyundai Verna,Hyundai,Verna,6,25000,Individual,Petrol,Manual,17.43 kmpl,1396 CC,105.5 bhp,24@ 1900(kgm@ rpm),5.0,500000
Toyota Innova,Toyota,Innova,8,74000,Dealer,Diesel,Manual,12.99 kmpl,2494 CC,100.6 bhp,170Nm@ 1800-2400rpm,8.0,950000
Hyundai i20,Hyundai,i20,9,40000,DEALER,Diesel,Manual,21.9 kmpl,1396 CC,88.76 bhp,200Nm@ 1750rpm,5.0,435000
Hyundai Creta,Hyundai,Creta,3,100000,INDIVIDUAL,Diesel,Manual,22.1 kmpl,1396 CC,88.7 bhp,91Nm@ 3500rpm,5.0,890000
Volkswagen Polo,Volkswagen,Polo,6,38000,dealer,Petrol,Manual,16.47 kmpl,1198 CC,74.0 bhp,200Nm@ 1750rpm,5.0,475000
Honda Jazz,Honda,Jazz,5,40000,Individual,PETROL,Automatic,19.0 kmpl,1199 CC,,200Nm@ 1750rpm,5.0,650000
Maruti Ertiga,Maruti,Ertiga,4,20000,Individual,Petrol,Manual,17.5 kmpl,1373 CC,91.1 bhp,200Nm@ 1750rpm,7.0,750000
Maruti Wagon R,Maruti,Wagon R,6,20000,Dealer,petrol,Automatic,20.51 kmpl,998 CC,67.0 bhp,170Nm@ 1800-2400rpm,5.0,430000
Hyundai i10,Hyundai,i10,13,64684,Dealer,petrol,Manual,20.36 kmpl,1197 CC,78.9 bhp,113Nm@ 4000rpm,5.0,275000
Mahindra Scorpio,Mahindra,Scorpio,6,83000,Dealer,diesel,Manual,15.4 kmpl,1997 CC,120.0 bhp,"12.7@ 2,700(kgm@ rpm)",7.0,850000
Volkswagen Polo,Volkswagen,Polo,9,110000,Individual,Diesel,Manual,22.07 kmpl,1199 CC,73.9 bhp,91Nm@ 3500rpm,5.0,320000
Hyundai i20,Hyundai,i20,5,55000,INDIVIDUAL,diesel,Manual,22.54 kmpl,1396 CC,88.73 bhp,113Nm@ 4000rpm,5.0,540000
Maruti Swift,Maruti,Swift,5,35000,Individual,petrol,Manual,20.4 kmpl,1197 CC,81.8 bhp,170Nm@ 1800-2400rpm,5.0,400000
Hyundai Santro,Hyundai,Santro,1,1000,DEALER,Petrol,Automatic,20.3 kmpl,1086 CC,68.0 bhp,,5.0,565000
Mahindra Bolero,Mahindra,Bolero,11,120000,Individual,Diesel,Manual,13.6 kmpl,2523 CC,63.0 bhp,91Nm@ 3500rpm,8.0,450000
Honda Amaze,Honda,Amaze,2,17000,  Dealer ,PETROL,Manual,19.5 kmpl,1199 CC,88.76 bhp,170Nm@ 1800-2400rpm,5.0,595000
Toyota Fortuner,Toyota,Fortuner,11,140000,Individual,DIESEL,Manual,11.5 kmpl,2982 CC,171.0 bhp,170Nm@ 1800-2400rpm,7.0,1200000
Maruti Ertiga,Maruti,Ertiga,5,52000,Dealer,Diesel,Manual,,1498 CC,93.87 bhp,170Nm@ 1800-2400rpm,7.0,675000
Maruti Wagon R,Maruti,Wagon R,4,90000,Individual,Petrol,Manual,20.51 kmpl,998 CC,67.04 bhp,91Nm@ 3500rpm,5.0,320000
Hyundai i20,Hyundai,i20,4,33000,Dealer,PETROL,Manual,18.6 kmpl,1197 CC,81.83 bhp,"12.7@ 2,700(kgm@ rpm)",5.0,695000
Tata Nexon,Tata,Nexon,2,24000,dealer,Diesel,Manual,21.5 kmpl,1497 CC,108.5 bhp,113Nm@ 4000rpm,5.0,900000
Hyundai Creta,Hyundai,Creta,4,80000,Individual,DIESEL,Manual,19.67 kmpl,1582 CC,126.2 bhp,190Nm@ 2000rpm,5.0,1150000
Maruti Swift,Maruti,Swift,6,178000,Individual,diesel,Manual,25.2 kmpl,1248 CC,74.0 bhp,190Nm@ 2000rpm,5.0,530000
Maruti Eeco,Maruti,Eeco,2,70000,  Individual ,Petrol,Manual,15.37 kmpl,1196 CC,73.0 bhp,170Nm@ 1800-2400rpm,5.0,400000
Honda City,Honda,City,7,56000,Dealer,Petrol,Manual,17.4 kmpl,1497 CC,117.3 bhp,24@ 1900(kgm@ rpm),5.0,500000
Tata Nexon,Tata,Nexon,3,12000,dealer,Diesel,Manual,21.5 kmpl,1497 CC,108.5 bhp,24@ 1900(kgm@ rpm),5.0,885000
Hyundai Verna,Hyundai,Verna,2,4000,Dealer,Petrol,Automatic,,1591 CC,121.3 bhp,113Nm@ 4000rpm,5.0,1250000
Maruti Swift Dzire,Maruti,Swift Dzire,2,11000,Individual,Petrol,Manual,,1197 CC,81.8 bhp,200Nm@ 1750rpm,5.0,600000
Hyundai i10,Hyundai,i10,9,35000,Dealer,petrol,Manual,20.36 kmpl,1197 CC,78.9 bhp,170Nm@ 1800-2400rpm,5.0,245000
Toyota Fortuner,Toyota,Fortuner,6,48000,Dealer,Diesel,Automatic,12.55 kmpl,2982 CC,168.5 bhp,190Nm@ 2000rpm,7.0,1930000
Mercedes-Benz C-Class,Mercedes-Benz,C-Class,8,71000,Dealer,DIESEL,Automatic,19.27 kmpl,2143 CC,170.0 bhp,"12.7@ 2,700(kgm@ rpm)",5.0,1185000
Toyota Innova,Toyota,Innova,9,93000,Dealer,Diesel,Manual,12.99 kmpl,2494 CC,100.0 bhp,113Nm@ 4000rpm,8.0,729000
Honda City,Honda,City,7,42000,dealer,petrol,Manual,17.4 kmpl,1497 CC,,170Nm@ 1800-2400rpm,5.0,645000
Hyundai i20,Hyundai,i20,6,68237,DEALER,petrol,Manual,18.6 kmpl,1197 CC,81.83 bhp,200Nm@ 1750rpm,5.0,490000
Hyundai Verna,Hyundai,Verna,5,55000,  Dealer ,petrol,Manual,17.01 kmpl,1591 CC,121.3 bhp,"12.7@ 2,700(kgm@ rpm)",5.0,650000
Maruti Vitara,Maruti,Vitara,3,18000,Dealer,  Diesel ,Automatic,24.3 kmpl,1248 CC,,91Nm@ 3500rpm,5.0,931000
Ford Ecosport,Ford,Ecosport,6,80000,INDIVIDUAL,diesel,Manual,22.77 kmpl,1498 CC,98.59 bhp,190Nm@ 2000rpm,5.0,585000
Maruti Baleno,Maruti,Baleno,5,33000,Individual,Petrol,Manual,21.4 kmpl,1197 CC,,91Nm@ 3500rpm,5.0,470000
Honda City,Honda,City,4,32226,Dealer,Petrol,Manual,17.8 kmpl,1497 CC,117.3 bhp,113Nm@ 4000rpm,5.0,755000
Ford Endeavour,Ford,Endeavour,4,79000,dealer,Diesel,Automatic,,3198 CC,197.0 bhp,200Nm@ 1750rpm,7.0,2750000
Mahindra Thar,Mahindra,Thar,2,16000,dealer,Diesel,Manual,16.55 kmpl,2498 CC,105.0 bhp,250Nm@ 1500-2500rpm,6.0,970000
Hyundai Santro,Hyundai,Santro,13,30000,Individual,Petrol,Manual,17.92 kmpl,1086 CC,62.1 bhp,91Nm@ 3500rpm,5.0,135000
Ford Figo,Ford,Figo,9,55500,Dealer,Petrol,Manual,15.6 kmpl,1196 CC,70.0 bhp,24@ 1900(kgm@ rpm),5.0,249000
Maruti Wagon R,Maruti,Wagon R,9,100000,individual,Petrol,Manual,18.9 kmpl,998 CC,67.1 bhp,190Nm@ 2000rpm,5.0,225000
Ford Figo,Ford,Figo,9,25000,Individual,Petrol,Manual,15.6 kmpl,1196 CC,70.0 bhp,250Nm@ 1500-2500rpm,5.0,295000
Honda City,Honda,City,10,78000,Dealer,Petrol,Manual,17.0 kmpl,1497 CC,118.0 bhp,200Nm@ 1750rpm,5.0,265000
Hyundai Santro,Hyundai,Santro,11,70000,  Individual ,LPG,Manual,13.45 km/kg,1086 CC,62.1 bhp,170Nm@ 1800-2400rpm,5.0,150000
Mini Cooper,Mini,Cooper,3,10782,Dealer,DIESEL,Automatic,19.19 kmpl,1995 CC,187.74 bhp,24@ 1900(kgm@ rpm),5.0,3000000
Mahindra XUV500,Mahindra,XUV500,8,72423,DEALER,Diesel,Manual,15.1 kmpl,2179 CC,140.0 bhp,250Nm@ 1500-2500rpm,7.0,760000
Datsun GO,Datsun,GO,5,20000,Individual,PETROL,Manual,20.62 kmpl,1198 CC,67.0 bhp,113Nm@ 4000rpm,7.0,350000
Honda Amaze,Honda,Amaze,6,72000,DEALER,DIESEL,Manual,25.8 kmpl,1498 CC,98.6 bhp,113Nm@ 4000rpm,5.0,590000
Maruti Swift Dzire,Maruti,Swift Dzire,10,64000,dealer,DIESEL,Manual,19.3 kmpl,1248 CC,73.9 bhp,113Nm@ 4000rpm,5.0,395000
Ford Figo,Ford,Figo,9,110000,individual,Diesel,Manual,20.0 kmpl,1399 CC,68.0 bhp,113Nm@ 4000rpm,5.0,195000
Hyundai Grand,Hyundai,Grand,6,80000,Individual,diesel,Manual,24.0 kmpl,1120 CC,70.0 bhp,"12.7@ 2,700(kgm@ rpm)",5.0,415000
Honda City,Honda,City,3,11400,Individual,Petrol,Automatic,18.0 kmpl,1497 CC,117.6 bhp,250Nm@ 1500-2500rpm,5.0,1075000
BMW X1,BMW,X1,8,50000,Dealer,Diesel,Automatic,19.62 kmpl,1998 CC,192.0 bhp,170Nm@ 1800-2400rpm,5.0,1650000
Maruti Wagon R,Maruti,Wagon R,4,70000,Individual,Petrol,Automatic,20.51 kmpl,998 CC,67.0 bhp,91Nm@ 3500rpm,5.0,400000
Mahindra XUV500,Mahindra,XUV500,9,82000,dealer,Diesel,Manual,16.0 kmpl,2179 CC,140.0 bhp,24@ 1900(kgm@ rpm),7.0,690000
Maruti Swift,Maruti,Swift,6,78000,Dealer,Diesel,Manual,17.8 kmpl,1248 CC,75.0 bhp,"12.7@ 2,700(kgm@ rpm)",5.0,450000
Ford Ecosport,Ford,Ecosport,4,15800,Individual,PETROL,Manual,17.0 kmpl,1497 CC,121.31 bhp,190Nm@ 2000rpm,5.0,785000
Datsun GO,Datsun,GO,6,35000,individual,Petrol,Manual,19.44 kmpl,1198 CC,67.0 bhp,250Nm@ 1500-2500rpm,7.0,400000
Maruti Wagon R,Maruti,Wagon R,10,48000,DEALER,Petrol,Manual,21.79 kmpl,998 CC,67.05 bhp,91Nm@ 3500rpm,5.0,245000
Skoda Superb,Skoda,Superb,8,65000,DEALER,Petrol,Manual,13.14 kmpl,1798 CC,157.8 bhp,113Nm@ 4000rpm,5.0,499000
Volkswagen Polo,Volkswagen,Polo,9,45710,Dealer,  Petrol ,Manual,16.47 kmpl,1198 CC,73.9 bhp,"12.7@ 2,700(kgm@ rpm)",5.0,354000
Tata Tigor,Tata,Tigor,3,90000,INDIVIDUAL,PETROL,Manual,20.3 kmpl,1199 CC,84.0 bhp,24@ 1900(kgm@ rpm),5.0,400000
MG Hector,MG,Hector,1,20000,dealer,DIESEL,Manual,,1956 CC,167.68 bhp,200Nm@ 1750rpm,5.0,1795000
Maruti Alto,Maruti,Alto,6,20000,Individual,Petrol,Manual,23.95 kmpl,998 CC,67.05 bhp,190Nm@ 2000rpm,5.0,275000
Ford Aspire,Ford,Aspire,6,48015,DEALER,DIESEL,Manual,25.83 kmpl,1498 CC,99.0 bhp,190Nm@ 2000rpm,5.0,495000
Hyundai Grand,Hyundai,Grand,3,7400,INDIVIDUAL,DIESEL,Manual,24.0 kmpl,1186 CC,73.97 bhp,200Nm@ 1750rpm,5.0,625000
Skoda Rapid,Skoda,Rapid,4,105000,dealer,Diesel,Automatic,21.72 kmpl,1498 CC,108.6 bhp,"12.7@ 2,700(kgm@ rpm)",5.0,875000
Volkswagen Vento,Volkswagen,Vento,7,68000,Individual,Petrol,Manual,15.04 kmpl,1598 CC,103.2 bhp,250Nm@ 1500-2500rpm,5.0,440000
Land Rover Rover,Land Rover,Rover,4,35000,dealer,  Diesel ,Automatic,12.51 kmpl,2179 CC,187.7 bhp,"12.7@ 2,700(kgm@ rpm)",7.0,4650000
Maruti Swift,Maruti,Swift,4,90000,Individual,PETROL,Manual,22.0 kmpl,1197 CC,81.8 bhp,113Nm@ 4000rpm,5.0,450000
Ford Ecosport,Ford,Ecosport,2,22346,Dealer,Petrol,Manual,17.0 kmpl,1497 CC,121.36 bhp,24@ 1900(kgm@ rpm),5.0,955000
Mahindra Scorpio,Mahindra,Scorpio,11,110000,Dealer,  Diesel ,Manual,12.05 kmpl,2179 CC,120.0 bhp,"12.7@ 2,700(kgm@ rpm)",8.0,445000
Tata Nexon,Tata,Nexon,3,19026,Dealer,Diesel,Manual,21.5 kmpl,1497 CC,108.5 bhp,113Nm@ 4000rpm,5.0,1000000
Toyota Fortuner,Toyota,Fortuner,7,139830,Dealer,diesel,Manual,13.0 kmpl,2982 CC,168.5 bhp,113Nm@ 4000rpm,7.0,1675000
Maruti Swift,Maruti,Swift,5,51000,INDIVIDUAL,Petrol,Manual,20.4 kmpl,1197 CC,81.8 bhp,250Nm@ 1500-2500rpm,5.0,525000
Hyundai i20,Hyundai,i20,10,71000,dealer,diesel,Manual,22.54 kmpl,1396 CC,88.76 bhp,"12.7@ 2,700(kgm@ rpm)",5.0,329000
Maruti Ciaz,Maruti,Ciaz,6,40000,DEALER,  Petrol ,Manual,20.73 kmpl,1373 CC,91.1 bhp,24@ 1900(kgm@ rpm),5.0,715000
Maruti Alto,Maruti,Alto,4,54000,Individual,petrol,Manual,24.7 kmpl,796 CC,47.3 bhp,200Nm@ 1750rpm,5.0,260000
Hyundai Grand,Hyundai,Grand,2,9000,DEALER,PETROL,Manual,18.9 kmpl,1197 CC,81.86 bhp,200Nm@ 1750rpm,5.0,595000
Hyundai i20,Hyundai,i20,3,12000,Dealer,Petrol,Automatic,17.4 kmpl,1197 CC,81.86 bhp,170Nm@ 1800-2400rpm,5.0,845000
Skoda Rapid,Skoda,Rapid,5,39000,Dealer,  Petrol ,Automatic,,1598 CC,103.52 bhp,170Nm@ 1800-2400rpm,5.0,625000
Maruti Ciaz,Maruti,Ciaz,5,34000,dealer,Diesel,Manual,28.09 kmpl,1248 CC,88.5 bhp,200Nm@ 1750rpm,5.0,575000
Ford Figo,Ford,Figo,10,36000,Individual,Petrol,Manual,15.6 kmpl,1196 CC,70.0 bhp,170Nm@ 1800-2400rpm,5.0,185000
Hyundai i20,Hyundai,i20,9,23000,Dealer,Diesel,Manual,21.9 kmpl,1396 CC,88.76 bhp,"12.7@ 2,700(kgm@ rpm)",5.0,435000
Toyota Fortuner,Toyota,Fortuner,7,80002,dealer,Diesel,Automatic,11.5 kmpl,2982 CC,169.0 bhp,"12.7@ 2,700(kgm@ rpm)",7.0,1475000
Mahindra XUV500,Mahindra,XUV500,6,55424,DEALER,Diesel,Manual,16.0 kmpl,2179 CC,140.0 bhp,170Nm@ 1800-2400rpm,7.0,850000
Hyundai Verna,Hyundai,Verna,8,58000,Dealer,Diesel,Manual,22.32 kmpl,1582 CC,126.32 bhp,"12.7@ 2,700(kgm@ rpm)",5.0,390000
Ford Aspire,Ford,Aspire,4,27000,INDIVIDUAL,petrol,Manual,18.16 kmpl,1196 CC,86.8 bhp,250Nm@ 1500-2500rpm,5.0,540000
Ford Figo,Ford,Figo,11,170000,individual,diesel,Manual,20.0 kmpl,1399 CC,68.0 bhp,170Nm@ 1800-2400rpm,5.0,235000
Skoda Superb,Skoda,Superb,7,79000,dealer,Diesel,Automatic,17.2 kmpl,1968 CC,138.1 bhp,200Nm@ 1750rpm,5.0,975000
Honda Amaze,Honda,Amaze,7,53589,Dealer,Diesel,Manual,25.8 kmpl,1498 CC,98.6 bhp,200Nm@ 1750rpm,5.0,350000
Mahindra Scorpio,Mahindra,Scorpio,5,56000,Individual,diesel,Manual,15.4 kmpl,2523 CC,75.0 bhp,170Nm@ 1800-2400rpm,9.0,875000
Maruti Wagon R,Maruti,Wagon R,15,49256,  Dealer ,petrol,Manual,21.79 kmpl,998 CC,67.05 bhp,170Nm@ 1800-2400rpm,5.0,111000
Honda Amaze,Honda,Amaze,8,64000,DEALER,  Diesel ,Manual,25.8 kmpl,1498 CC,98.6 bhp,"12.7@ 2,700(kgm@ rpm)",5.0,375000
Honda City,Honda,City,7,60000,Individual,Petrol,Manual,,1497 CC,117.3 bhp,113Nm@ 4000rpm,5.0,500000
Hyundai Grand,Hyundai,Grand,2,4800,individual,PETROL,Manual,18.9 kmpl,1197 CC,81.86 bhp,200Nm@ 1750rpm,5.0,550000
Skoda Rapid,Skoda,Rapid,9,70000,  Individual ,Diesel,Manual,,1598 CC,103.5 bhp,190Nm@ 2000rpm,5.0,450000
Skoda Rapid,Skoda,Rapid,7,74571,dealer,  Diesel ,Manual,20.5 kmpl,1598 CC,105.0 bhp,200Nm@ 1750rpm,,475000
Maruti Swift Dzire,Maruti,Swift Dzire,9,61000,Dealer,Diesel,Manual,23.4 kmpl,1248 CC,74.0 bhp,"12.7@ 2,700(kgm@ rpm)",5.0,455000
Jeep Compass,Jeep,Compass,4,42000,DEALER,Diesel,Manual,17.1 kmpl,1956 CC,170.0 bhp,190Nm@ 2000rpm,5.0,1790000
Ford Aspire,Ford,Aspire,4,34996,Dealer,  Petrol ,Manual,19.4 kmpl,1194 CC,94.93 bhp,200Nm@ 1750rpm,5.0,450000
Mahindra Thar,Mahindra,Thar,6,74000,Dealer,Diesel,Manual,18.06 kmpl,2523 CC,63.0 bhp,91Nm@ 3500rpm,7.0,551000
Volkswagen Polo,Volkswagen,Polo,6,48900,Dealer,Petrol,Manual,16.47 kmpl,1198 CC,74.0 bhp,91Nm@ 3500rpm,5.0,514000
Hyundai i20,Hyundai,i20,6,72000,DEALER,Diesel,Manual,22.54 kmpl,1396 CC,88.73 bhp,91Nm@ 3500rpm,5.0,650000
Mahindra XUV500,Mahindra,XUV500,7,66000,  Individual ,DIESEL,Manual,15.1 kmpl,2179 CC,140.0 bhp,,7.0,590000
Hyundai Verna,Hyundai,Verna,3,35000,INDIVIDUAL,diesel,Manual,22.0 kmpl,1582 CC,126.2 bhp,"12.7@ 2,700(kgm@ rpm)",5.0,960000
Maruti Swift Dzire,Maruti,Swift Dzire,3,90000,INDIVIDUAL,DIESEL,Manual,28.4 kmpl,1248 CC,74.02 bhp,91Nm@ 3500rpm,5.0,700000
Toyota Innova,Toyota,Innova,13,270000,Individual,Diesel,Manual,12.8 kmpl,2494 CC,,250Nm@ 1500-2500rpm,8.0,500000
Maruti Wagon R,Maruti,Wagon R,3,3944,trustmark dealer,Petrol,Automatic,20.51 kmpl,998 CC,67.0 bhp,190Nm@ 2000rpm,5.0,485000
Ford Aspire,Ford,Aspire,4,22597,  Dealer ,  Petrol ,Automatic,16.3 kmpl,1497 CC,121.0 bhp,200Nm@ 1750rpm,5.0,675000
Honda City,Honda,City,12,63000,Individual,Petrol,Manual,17.0 kmpl,1497 CC,118.0 bhp,"12.7@ 2,700(kgm@ rpm)",5.0,260000
Maruti Vitara,Maruti,Vitara,4,100000,Individual,diesel,Manual,24.3 kmpl,1248 CC,88.5 bhp,200Nm@ 1750rpm,5.0,760000
Maruti Alto,Maruti,Alto,8,60000,  Individual ,Petrol,Manual,22.74 kmpl,796 CC,47.3 bhp,170Nm@ 1800-2400rpm,5.0,180000
Ford Figo,Ford,Figo,8,65000,dealer,diesel,Manual,20.0 kmpl,1399 CC,68.05 bhp,24@ 1900(kgm@ rpm),5.0,325000
Honda City,Honda,City,6,51235,  Dealer ,Petrol,Automatic,18.0 kmpl,1497 CC,117.3 bhp,113Nm@ 4000rpm,5.0,648000
Ford Figo,Ford,Figo,5,70000,Individual,Diesel,Manual,25.83 kmpl,1498 CC,99.0 bhp,91Nm@ 3500rpm,5.0,270000
Hyundai i20,Hyundai,i20,4,18000,Dealer,petrol,Manual,18.6 kmpl,1197 CC,81.83 bhp,"12.7@ 2,700(kgm@ rpm)",5.0,725000
Maruti Swift,Maruti,Swift,8,26000,Dealer,Diesel,Manual,28.4 kmpl,1248 CC,74.0 bhp,170Nm@ 1800-2400rpm,5.0,365000
Maruti Alto,Maruti,Alto,13,97000,DEALER,Petrol,Manual,19.7 kmpl,,46.3 bhp,,5.0,175000
Maruti Swift,Maruti,Swift,6,52631,Dealer,diesel,Manual,28.4 kmpl,1248 CC,74.0 bhp,"12.7@ 2,700(kgm@ rpm)",5.0,475000
Maruti Swift Dzire,Maruti,Swift Dzire,3,140000,Individual,DIESEL,Manual,28.4 kmpl,1248 CC,74.02 bhp,24@ 1900(kgm@ rpm),5.0,720000
Maruti Alto,Maruti,Alto,4,110000,Individual,Petrol,Manual,23.95 kmpl,998 CC,67.1 bhp,113Nm@ 4000rpm,5.0,250000
Toyota Innova,Toyota,Innova,3,30000,DEALER,Diesel,Manual,13.68 kmpl,2393 CC,147.51 bhp,170Nm@ 1800-2400rpm,8.0,1600000
Maruti Swift Dzire,Maruti,Swift Dzire,6,75137,Dealer,diesel,Manual,26.59 kmpl,1248 CC,74.0 bhp,24@ 1900(kgm@ rpm),5.0,475000
Maruti Swift Dzire,Maruti,Swift Dzire,5,35000,Individual,Diesel,Manual,26.59 kmpl,,74.0 bhp,,5.0,650000
Maruti Wagon R,Maruti,Wagon R,5,22000,Dealer,CNG,Manual,26.6 km/kg,998 CC,58.16 bhp,24@ 1900(kgm@ rpm),5.0,415000
Maruti Swift Dzire,Maruti,Swift Dzire,7,55000,  Dealer ,PETROL,Manual,20.85 kmpl,1197 CC,,24@ 1900(kgm@ rpm),5.0,511000
Skoda Rapid,Skoda,Rapid,6,67000,DEALER,Diesel,Manual,21.14 kmpl,1498 CC,103.52 bhp,113Nm@ 4000rpm,5.0,675000
Hyundai i20,Hyundai,i20,9,24600,DEALER,Petrol,Manual,17.0 kmpl,1197 CC,80.0 bhp,170Nm@ 1800-2400rpm,5.0,330000
Ford Ecosport,Ford,Ecosport,7,62000,Dealer,DIESEL,Manual,,1498 CC,89.84 bhp,250Nm@ 1500-2500rpm,5.0,545000
Skoda Rapid,Skoda,Rapid,5,98000,  Dealer ,Diesel,Manual,21.14 kmpl,1498 CC,103.52 bhp,113Nm@ 4000rpm,5.0,635000
Mahindra XUV500,Mahindra,XUV500,7,79000,Dealer,Diesel,Manual,15.1 kmpl,2179 CC,140.0 bhp,250Nm@ 1500-2500rpm,7.0,790000
Maruti Alto,Maruti,Alto,13,30008,Dealer,Petrol,Manual,19.7 kmpl,796 CC,46.3 bhp,113Nm@ 4000rpm,5.0,175000
Maruti Swift,Maruti,Swift,10,80500,Dealer,Diesel,Manual,22.9 kmpl,1248 CC,74.0 bhp,24@ 1900(kgm@ rpm),5.0,400000
Hyundai Verna,Hyundai,Verna,4,11800,INDIVIDUAL,Petrol,Manual,17.43 kmpl,1396 CC,105.5 bhp,113Nm@ 4000rpm,5.0,700000
Hyundai Grand,Hyundai,Grand,5,91288,Dealer,Diesel,Manual,,1120 CC,70.0 bhp,"12.7@ 2,700(kgm@ rpm)",5.0,583000
Volkswagen Vento,Volkswagen,Vento,2,1500,Individual,  Diesel ,Manual,22.27 kmpl,1498 CC,108.6 bhp,170Nm@ 1800-2400rpm,5.0,975000
Hyundai Grand,Hyundai,Grand,4,25000,Individual,Petrol,Manual,18.9 kmpl,1197 CC,81.86 bhp,,5.0,500000
Honda WR-V,Honda,WR-V,4,41632,Dealer,Diesel,Manual,25.5 kmpl,1498 CC,98.6 bhp,113Nm@ 4000rpm,5.0,745000
Maruti Swift Dzire,Maruti,Swift Dzire,6,80000,individual,CNG,Manual,,1197 CC,85.8 bhp,113Nm@ 4000rpm,5.0,325000
Maruti Ertiga,Maruti,Ertiga,7,96000,Dealer,diesel,Manual,20.77 kmpl,1248 CC,88.76 bhp,91Nm@ 3500rpm,7.0,665000
Hyundai i20,Hyundai,i20,7,100000,  Individual ,Petrol,Manual,18.6 kmpl,1197 CC,81.83 bhp,200Nm@ 1750rpm,5.0,515000
Honda CR-V,Honda,CR-V,5,56000,dealer,Petrol,Automatic,,2354 CC,187.4 bhp,170Nm@ 1800-2400rpm,5.0,1475000
Hyundai Verna,Hyundai,Verna,4,45000,Individual,Diesel,Manual,,1582 CC,126.2 bhp,250Nm@ 1500-2500rpm,5.0,1050000
Audi A8,Audi,A8,8,131473,Dealer,DIESEL,Automatic,,2967 CC,246.7 bhp,113Nm@ 4000rpm,5.0,2900000
Hyundai i10,Hyundai,i10,9,32000,Dealer,petrol,Manual,20.36 kmpl,1197 CC,78.9 bhp,170Nm@ 1800-2400rpm,5.0,275000
Hyundai Creta,Hyundai,Creta,3,14548,Dealer,Diesel,Manual,19.67 kmpl,1582 CC,,190Nm@ 2000rpm,5.0,1175000
Maruti Eeco,Maruti,Eeco,2,34197,Dealer,Petrol,Manual,16.11 kmpl,,72.42 bhp,,5.0,465000
Tata Nexon,Tata,Nexon,3,30000,individual,  Diesel ,Manual,21.5 kmpl,1497 CC,108.5 bhp,170Nm@ 1800-2400rpm,5.0,728000
Toyota Innova,Toyota,Innova,8,75000,Dealer,Diesel,Manual,12.8 kmpl,2494 CC,102.0 bhp,24@ 1900(kgm@ rpm),7.0,650000
Honda City,Honda,City,11,90000,  Individual ,  Petrol ,Manual,17.0 kmpl,1497 CC,118.0 bhp,24@ 1900(kgm@ rpm),5.0,300000
Volkswagen Polo,Volkswagen,Polo,5,40000,Individual,  Petrol ,Automatic,17.21 kmpl,1197 CC,103.5 bhp,250Nm@ 1500-2500rpm,5.0,740000
Honda City,Honda,City,7,146781,DEALER,  Diesel ,Manual,26.0 kmpl,1498 CC,98.6 bhp,24@ 1900(kgm@ rpm),5.0,575000
Toyota Innova,Toyota,Innova,10,185000,Dealer,Diesel,Manual,12.8 kmpl,2494 CC,102.0 bhp,91Nm@ 3500rpm,8.0,780000
Renault KWID,Renault,KWID,5,60000,Individual,Petrol,Manual,25.17 kmpl,799 CC,53.3 bhp,,5.0,276000
Hyundai i20,Hyundai,i20,7,10000,Individual,PETROL,Manual,18.6 kmpl,1197 CC,81.83 bhp,91Nm@ 3500rpm,5.0,535000
Honda Amaze,Honda,Amaze,3,20672,  Dealer ,Petrol,Automatic,18.3 kmpl,1199 CC,88.76 bhp,"12.7@ 2,700(kgm@ rpm)",5.0,825000
Hyundai i20,Hyundai,i20,11,97845,Dealer,Diesel,Manual,21.27 kmpl,1396 CC,88.76 bhp,250Nm@ 1500-2500rpm,5.0,320000
Honda City,Honda,City,6,59000,Dealer,Diesel,Manual,26.0 kmpl,1498 CC,98.6 bhp,24@ 1900(kgm@ rpm),5.0,700000
Ford Endeavour,Ford,Endeavour,5,80000,Individual,Diesel,Automatic,10.91 kmpl,3198 CC,197.0 bhp,113Nm@ 4000rpm,7.0,2200000
Volkswagen Polo,Volkswagen,Polo,5,29200,Dealer,  Petrol ,Automatic,17.21 kmpl,1197 CC,103.5 bhp,200Nm@ 1750rpm,5.0,790000
Maruti Swift,Maruti,Swift,6,78000,Dealer,PETROL,Manual,18.6 kmpl,1197 CC,85.8 bhp,24@ 1900(kgm@ rpm),5.0,450000
Maruti Ciaz,Maruti,Ciaz,5,68193,Dealer,Diesel,Manual,28.09 kmpl,1248 CC,88.5 bhp,24@ 1900(kgm@ rpm),5.0,760000
Maruti Alto,Maruti,Alto,1,5000,Individual,Petrol,Manual,22.05 kmpl,796 CC,47.3 bhp,113Nm@ 4000rpm,5.0,320000
Hyundai Creta,Hyundai,Creta,5,27000,Dealer,  Diesel ,Manual,19.67 kmpl,1582 CC,126.2 bhp,170Nm@ 1800-2400rpm,5.0,1199000
Honda City,Honda,City,9,55584,Dealer,petrol,Automatic,15.6 kmpl,1497 CC,116.3 bhp,190Nm@ 2000rpm,5.0,450000
Ford Ecosport,Ford,Ecosport,7,58000,Dealer,diesel,Manual,22.7 kmpl,1498 CC,89.84 bhp,24@ 1900(kgm@ rpm),5.0,475000
Maruti Wagon R,Maruti,Wagon R,9,50000,Individual,  Petrol ,Manual,18.9 kmpl,998 CC,67.1 bhp,91Nm@ 3500rpm,5.0,230000
Skoda Rapid,Skoda,Rapid,6,33000,Dealer,PETROL,Automatic,14.3 kmpl,1598 CC,,200Nm@ 1750rpm,5.0,575000
Mahindra KUV,Mahindra,KUV,5,41256,Dealer,diesel,Manual,25.32 kmpl,1198 CC,77.0 bhp,"12.7@ 2,700(kgm@ rpm)",6.0,449000
Maruti Ertiga,Maruti,Ertiga,3,42000,Dealer,CNG,Manual,17.5 km/kg,1373 CC,80.46 bhp,113Nm@ 4000rpm,7.0,875000
Maruti Ertiga,Maruti,Ertiga,5,41000,Individual,CNG,Manual,17.5 km/kg,1373 CC,80.46 bhp,113Nm@ 4000rpm,7.0,780000
BMW 3,BMW,3,8,75000,Dealer,Diesel,Automatic,18.88 kmpl,,184.0 bhp,,5.0,1100000
Maruti Swift,Maruti,Swift,7,50000,Individual,Petrol,Manual,18.6 kmpl,1197 CC,85.8 bhp,250Nm@ 1500-2500rpm,5.0,450000
Renault Duster,Renault,Duster,6,90431,dealer,Diesel,Manual,20.45 kmpl,1461 CC,83.8 bhp,24@ 1900(kgm@ rpm),5.0,500000
Volkswagen Vento,Volkswagen,Vento,9,77000,DEALER,diesel,Manual,20.54 kmpl,1598 CC,103.6 bhp,170Nm@ 1800-2400rpm,5.0,425000
Maruti Wagon R,Maruti,Wagon R,12,20000,Individual,Petrol,Manual,18.9 kmpl,1061 CC,67.0 bhp,113Nm@ 4000rpm,5.0,200000
Maruti Ertiga,Maruti,Ertiga,8,55000,dealer,diesel,Manual,25.47 kmpl,1248 CC,88.5 bhp,"12.7@ 2,700(kgm@ rpm)",7.0,710000
Honda City,Honda,City,7,99000,Dealer,Diesel,Manual,25.1 kmpl,1498 CC,98.6 bhp,91Nm@ 3500rpm,5.0,649000
Maruti Ciaz,Maruti,Ciaz,1,1685,Individual,Petrol,Manual,20.65 kmpl,1462 CC,103.25 bhp,91Nm@ 3500rpm,5.0,810000
Maruti Swift,Maruti,Swift,7,70000,individual,Petrol,Manual,18.6 kmpl,1197 CC,85.8 bhp,170Nm@ 1800-2400rpm,5.0,450000
Renault Duster,Renault,Duster,7,60000,Individual,diesel,Manual,19.01 kmpl,1461 CC,108.45 bhp,91Nm@ 3500rpm,5.0,600000
Hyundai Verna,Hyundai,Verna,8,65000,DEALER,Diesel,Manual,23.9 kmpl,1582 CC,126.2 bhp,113Nm@ 4000rpm,5.0,595000
Lexus ES,Lexus,ES,4,24000,Dealer,Petrol,Automatic,22.37 kmpl,2487 CC,214.56 bhp,250Nm@ 1500-2500rpm,5.0,4700000
Maruti Swift,Maruti,Swift,15,55000,dealer,petrol,Manual,16.1 kmpl,1197 CC,85.0 bhp,113Nm@ 4000rpm,5.0,145000
Volkswagen Vento,Volkswagen,Vento,9,98078,  Dealer ,Diesel,Manual,20.54 kmpl,1598 CC,103.6 bhp,190Nm@ 2000rpm,5.0,451000
Hyundai Santro,Hyundai,Santro,2,5000,  Individual ,Petrol,Manual,20.3 kmpl,1086 CC,68.0 bhp,"12.7@ 2,700(kgm@ rpm)",5.0,450000
Ford Figo,Ford,Figo,6,52000,Dealer,Diesel,Manual,25.83 kmpl,1498 CC,99.0 bhp,"12.7@ 2,700(kgm@ rpm)",5.0,550000
Hyundai i20,Hyundai,i20,7,31847,Dealer,Petrol,Manual,18.5 kmpl,,80.0 bhp,,5.0,485000
Toyota Innova,Toyota,Innova,7,140165,  Dealer ,Diesel,Manual,12.8 kmpl,2494 CC,102.0 bhp,200Nm@ 1750rpm,7.0,991000
Tata Tiago,Tata,Tiago,2,5000,  Individual ,Petrol,Manual,23.84 kmpl,1199 CC,84.0 bhp,113Nm@ 4000rpm,5.0,520000
Maruti Alto,Maruti,Alto,15,83000,DEALER,Petrol,Manual,19.7 kmpl,796 CC,46.3 bhp,,5.0,95000
Honda Amaze,Honda,Amaze,3,25000,  Individual ,  Petrol ,Automatic,18.1 kmpl,1199 CC,88.7 bhp,200Nm@ 1750rpm,,550000
Maruti Celerio,Maruti,Celerio,6,15000,  Dealer ,Petrol,Manual,23.1 kmpl,998 CC,67.04 bhp,24@ 1900(kgm@ rpm),5.0,475000
Hyundai i20,Hyundai,i20,4,15000,Individual,Petrol,Manual,18.6 kmpl,1197 CC,81.83 bhp,250Nm@ 1500-2500rpm,5.0,620000
Maruti Ertiga,Maruti,Ertiga,8,60000,Dealer,diesel,Manual,20.77 kmpl,1248 CC,88.8 bhp,91Nm@ 3500rpm,7.0,400000
Honda Jazz,Honda,Jazz,5,71400,dealer,DIESEL,Manual,27.3 kmpl,1498 CC,98.6 bhp,24@ 1900(kgm@ rpm),5.0,630000
Honda Amaze,Honda,Amaze,7,87200,  Dealer ,PETROL,Manual,18.0 kmpl,1198 CC,86.7 bhp,91Nm@ 3500rpm,5.0,385000
Honda Jazz,Honda,Jazz,4,26026,Dealer,Petrol,Manual,18.2 kmpl,1199 CC,88.7 bhp,190Nm@ 2000rpm,5.0,641000
Honda WR-V,Honda,WR-V,3,13000,Individual,  Petrol ,Manual,17.5 kmpl,1199 CC,88.7 bhp,170Nm@ 1800-2400rpm,5.0,900000
Tata Nexon,Tata,Nexon,3,15000,individual,Diesel,Manual,21.5 kmpl,1497 CC,108.5 bhp,170Nm@ 1800-2400rpm,5.0,850000
Ford Ecosport,Ford,Ecosport,5,72000,Dealer,Diesel,Manual,21.7 kmpl,,98.96 bhp,,5.0,675000
Maruti Vitara,Maruti,Vitara,4,25000,Dealer,Diesel,Manual,24.3 kmpl,1248 CC,88.5 bhp,"12.7@ 2,700(kgm@ rpm)",5.0,925000
Toyota Innova,Toyota,Innova,5,56000,Dealer,Diesel,Manual,13.68 kmpl,2393 CC,147.8 bhp,24@ 1900(kgm@ rpm),8.0,1526000
Honda Jazz,Honda,Jazz,5,66000,  Dealer ,Petrol,Manual,18.7 kmpl,1199 CC,,190Nm@ 2000rpm,5.0,510000
Tata Safari,Tata,Safari,7,151037,Dealer,Diesel,Manual,14.0 kmpl,2179 CC,138.1 bhp,250Nm@ 1500-2500rpm,7.0,725000
Maruti Swift Dzire,Maruti,Swift Dzire,5,120000,Individual,Diesel,Manual,26.59 kmpl,1248 CC,74.0 bhp,190Nm@ 2000rpm,5.0,625000
Maruti Alto,Maruti,Alto,3,7204,Dealer,Petrol,Manual,24.7 kmpl,796 CC,47.3 bhp,190Nm@ 2000rpm,5.0,336000
Ford Ecosport,Ford,Ecosport,4,94500,Dealer,  Diesel ,Manual,21.7 kmpl,1498 CC,98.96 bhp,24@ 1900(kgm@ rpm),5.0,775000
Hyundai i20,Hyundai,i20,4,47000,  Individual ,DIESEL,Manual,22.54 kmpl,1396 CC,88.73 bhp,91Nm@ 3500rpm,5.0,600000
Maruti Ciaz,Maruti,Ciaz,5,72000,Dealer,Diesel,Manual,28.09 kmpl,1248 CC,88.5 bhp,190Nm@ 2000rpm,5.0,595000
Maruti Ertiga,Maruti,Ertiga,6,133000,individual,Diesel,Manual,20.77 kmpl,1248 CC,88.76 bhp,24@ 1900(kgm@ rpm),7.0,650000
Hyundai i20,Hyundai,i20,2,10000,Individual,PETROL,Automatic,17.4 kmpl,1197 CC,81.86 bhp,24@ 1900(kgm@ rpm),5.0,750000
Mahindra KUV,Mahindra,KUV,5,25000,INDIVIDUAL,Diesel,Manual,25.32 kmpl,1198 CC,77.0 bhp,24@ 1900(kgm@ rpm),6.0,470000
Hyundai Grand,Hyundai,Grand,7,50000,INDIVIDUAL,Petrol,Manual,18.9 kmpl,1197 CC,82.0 bhp,190Nm@ 2000rpm,5.0,400000
Hyundai i10,Hyundai,i10,6,40000,Individual,Petrol,Manual,19.81 kmpl,1086 CC,68.05 bhp,113Nm@ 4000rpm,5.0,325000
Honda City,Honda,City,15,75000,Dealer,Petrol,Manual,16.0 kmpl,1493 CC,106.0 bhp,"12.7@ 2,700(kgm@ rpm)",5.0,235000
Maruti Swift,Maruti,Swift,7,50000,Dealer,Petrol,Manual,18.6 kmpl,1197 CC,85.8 bhp,113Nm@ 4000rpm,5.0,500000
Maruti Ciaz,Maruti,Ciaz,5,86000,Dealer,  Diesel ,Manual,28.09 kmpl,1248 CC,88.5 bhp,190Nm@ 2000rpm,5.0,680000
Mahindra Thar,Mahindra,Thar,4,42000,Dealer,diesel,Manual,16.55 kmpl,2498 CC,105.0 bhp,200Nm@ 1750rpm,6.0,795000
Skoda Superb,Skoda,Superb,5,56000,Dealer,DIESEL,Automatic,18.19 kmpl,1968 CC,174.5 bhp,200Nm@ 1750rpm,5.0,1875000
Maruti Wagon R,Maruti,Wagon R,10,120000,Individual,Petrol,Manual,18.9 kmpl,998 CC,67.1 bhp,24@ 1900(kgm@ rpm),5.0,192000
Hyundai i20,Hyundai,i20,5,20000,Individual,Diesel,Manual,22.54 kmpl,1396 CC,88.73 bhp,170Nm@ 1800-2400rpm,5.0,650000
Hyundai Creta,Hyundai,Creta,4,45900,DEALER,DIESEL,Manual,19.67 kmpl,1582 CC,126.2 bhp,113Nm@ 4000rpm,5.0,1250000
Toyota Innova,Toyota,Innova,4,52000,dealer,DIESEL,Manual,13.68 kmpl,2393 CC,147.51 bhp,170Nm@ 1800-2400rpm,7.0,1450000
Ford Ecosport,Ford,Ecosport,7,86000,Dealer,Diesel,Manual,22.7 kmpl,1498 CC,89.84 bhp,250Nm@ 1500-2500rpm,5.0,550000
Mahindra KUV,Mahindra,KUV,5,70000,Individual,Diesel,Manual,25.32 kmpl,,77.0 bhp,,6.0,350000
Toyota Innova,Toyota,Innova,5,65000,dealer,Diesel,Manual,13.68 kmpl,,147.51 bhp,,7.0,1700000
BMW 5,BMW,5,7,38000,Dealer,Diesel,Automatic,18.84 kmpl,1995 CC,184.0 bhp,170Nm@ 1800-2400rpm,5.0,2075000
Maruti Swift Dzire,Maruti,Swift Dzire,5,80000,Individual,Diesel,Manual,19.3 kmpl,1248 CC,73.9 bhp,250Nm@ 1500-2500rpm,5.0,600000
Mahindra KUV100,Mahindra,KUV100,1,35000,INDIVIDUAL,DIESEL,Manual,25.32 kmpl,1198 CC,77.0 bhp,170Nm@ 1800-2400rpm,6.0,700000
Hyundai Venue,Hyundai,Venue,1,10000,Individual,Diesel,Manual,23.7 kmpl,1493 CC,,"12.7@ 2,700(kgm@ rpm)",5.0,1000000
Maruti Wagon R,Maruti,Wagon R,12,113000,Dealer,Petrol,Manual,,998 CC,67.05 bhp,250Nm@ 1500-2500rpm,5.0,135000
Maruti Baleno,Maruti,Baleno,2,16780,Dealer,Petrol,Manual,21.01 kmpl,1197 CC,81.8 bhp,24@ 1900(kgm@ rpm),5.0,695000
Maruti Swift,Maruti,Swift,7,90000,INDIVIDUAL,Diesel,Manual,25.2 kmpl,1248 CC,74.0 bhp,24@ 1900(kgm@ rpm),5.0,350000
Maruti Ciaz,Maruti,Ciaz,6,40000,individual,Diesel,Manual,26.21 kmpl,1248 CC,88.5 bhp,113Nm@ 4000rpm,5.0,800000
Isuzu D-Max,Isuzu,D-Max,5,80000,Individual,DIESEL,Manual,12.4 kmpl,2499 CC,134.0 bhp,250Nm@ 1500-2500rpm,5.0,1050000
Renault KWID,Renault,KWID,4,19000,Dealer,Petrol,Automatic,24.04 kmpl,999 CC,67.0 bhp,"12.7@ 2,700(kgm@ rpm)",5.0,365000
Renault KWID,Renault,KWID,4,43616,Dealer,  Petrol ,Manual,25.17 kmpl,799 CC,53.3 bhp,113Nm@ 4000rpm,5.0,290000
Maruti Swift,Maruti,Swift,7,81000,Dealer,Diesel,Manual,28.4 kmpl,1248 CC,74.0 bhp,170Nm@ 1800-2400rpm,5.0,475000
Hyundai i20,Hyundai,i20,10,30680,  Dealer ,Diesel,Manual,23.0 kmpl,1396 CC,90.0 bhp,91Nm@ 3500rpm,5.0,318000
Skoda Rapid,Skoda,Rapid,9,80000,individual,Petrol,Manual,15.0 kmpl,1598 CC,103.5 bhp,200Nm@ 1750rpm,5.0,295000
Hyundai i10,Hyundai,i10,5,67817,dealer,Petrol,Manual,20.36 kmpl,1197 CC,78.9 bhp,"12.7@ 2,700(kgm@ rpm)",5.0,465000
Maruti Ertiga,Maruti,Ertiga,4,30900,INDIVIDUAL,CNG,Manual,17.5 km/kg,1373 CC,80.46 bhp,"12.7@ 2,700(kgm@ rpm)",7.0,820000
Hyundai i20,Hyundai,i20,4,110000,Individual,DIESEL,Manual,,1396 CC,88.73 bhp,250Nm@ 1500-2500rpm,5.0,800000
Ford Figo,Ford,Figo,11,161728,  Dealer ,  Petrol ,Manual,15.6 kmpl,,70.0 bhp,,5.0,140000
Mercedes-Benz C-Class,Mercedes-Benz,C-Class,5,19000,dealer,DIESEL,Automatic,19.27 kmpl,,170.0 bhp,,5.0,2500000
Hyundai Grand,Hyundai,Grand,5,70000,Individual,DIESEL,Manual,24.0 kmpl,1120 CC,70.0 bhp,200Nm@ 1750rpm,5.0,425000
Honda Amaze,Honda,Amaze,5,52312,Trustmark Dealer,Petrol,Manual,17.8 kmpl,1198 CC,86.7 bhp,170Nm@ 1800-2400rpm,5.0,490000
Hyundai Verna,Hyundai,Verna,4,15000,  Individual ,  Petrol ,Automatic,15.74 kmpl,1591 CC,121.3 bhp,250Nm@ 1500-2500rpm,5.0,750000
BMW 7,BMW,7,5,56000,dealer,Diesel,Automatic,16.46 kmpl,2993 CC,258.0 bhp,250Nm@ 1500-2500rpm,5.0,5385000
Toyota Innova,Toyota,Innova,9,60000,  Dealer ,DIESEL,Manual,12.99 kmpl,,100.0 bhp,,8.0,590000
Mahindra Scorpio,Mahindra,Scorpio,7,100000,Individual,diesel,Manual,15.4 kmpl,2179 CC,120.0 bhp,200Nm@ 1750rpm,8.0,800000
Tata Tiago,Tata,Tiago,5,29035,Dealer,Petrol,Manual,23.84 kmpl,1199 CC,84.0 bhp,250Nm@ 1500-2500rpm,5.0,375000
Renault Duster,Renault,Duster,5,80000,Individual,Diesel,Manual,19.87 kmpl,1461 CC,83.8 bhp,91Nm@ 3500rpm,5.0,950000
Toyota Innova,Toyota,Innova,14,118000,Dealer,Diesel,Manual,12.8 kmpl,2494 CC,102.0 bhp,24@ 1900(kgm@ rpm),7.0,450000
Maruti Alto,Maruti,Alto,9,52865,Dealer,Petrol,Manual,23.95 kmpl,998 CC,67.05 bhp,24@ 1900(kgm@ rpm),5.0,245000
Maruti Alto,Maruti,Alto,5,27648,Trustmark Dealer,CNG,Manual,32.26 km/kg,998 CC,58.3 bhp,113Nm@ 4000rpm,4.0,325000
Maruti Swift Dzire,Maruti,Swift Dzire,7,81000,  Dealer ,DIESEL,Manual,28.4 kmpl,1248 CC,74.02 bhp,113Nm@ 4000rpm,5.0,439000
Hyundai Creta,Hyundai,Creta,5,39000,dealer,petrol,Manual,13.0 kmpl,1591 CC,121.3 bhp,24@ 1900(kgm@ rpm),5.0,920000
Maruti Ertiga,Maruti,Ertiga,6,44000,Dealer,Diesel,Manual,20.77 kmpl,1248 CC,88.76 bhp,24@ 1900(kgm@ rpm),7.0,770000
Toyota Innova,Toyota,Innova,4,167000,DEALER,DIESEL,Manual,13.68 kmpl,2393 CC,147.8 bhp,170Nm@ 1800-2400rpm,7.0,1695000
Maruti Eeco,Maruti,Eeco,2,25000,  Individual ,Petrol,Manual,15.37 kmpl,1196 CC,73.0 bhp,200Nm@ 1750rpm,5.0,411000
Maruti Swift,Maruti,Swift,12,65000,Dealer,  Petrol ,Manual,16.1 kmpl,1298 CC,88.2 bhp,"12.7@ 2,700(kgm@ rpm)",5.0,210000
Maruti Celerio,Maruti,Celerio,6,50000,Individual,diesel,Manual,27.62 kmpl,793 CC,47.0 bhp,113Nm@ 4000rpm,5.0,290000
Mahindra Scorpio,Mahindra,Scorpio,6,80000,dealer,Diesel,Manual,15.4 kmpl,2523 CC,75.0 bhp,113Nm@ 4000rpm,7.0,700000
Hyundai i10,Hyundai,i10,10,70000,Dealer,Petrol,Manual,19.81 kmpl,1086 CC,,"12.7@ 2,700(kgm@ rpm)",5.0,199000
Land Rover Rover,Land Rover,Rover,5,145000,Dealer,Diesel,Automatic,12.81 kmpl,1999 CC,148.31 bhp,24@ 1900(kgm@ rpm),7.0,2850000
Volkswagen Polo,Volkswagen,Polo,7,79000,Dealer,diesel,Manual,22.07 kmpl,1199 CC,,250Nm@ 1500-2500rpm,,440000
Honda City,Honda,City,10,55000,Dealer,PETROL,Manual,16.9 kmpl,1497 CC,100.0 bhp,"12.7@ 2,700(kgm@ rpm)",5.0,350000
Maruti Swift,Maruti,Swift,2,25000,Individual,petrol,Manual,21.21 kmpl,1197 CC,81.8 bhp,250Nm@ 1500-2500rpm,5.0,500000
Ford Ecosport,Ford,Ecosport,2,11800,Individual,Petrol,Manual,17.0 kmpl,1497 CC,121.31 bhp,91Nm@ 3500rpm,5.0,900000
Audi A4,Audi,A4,10,68000,Dealer,Petrol,Automatic,10.8 kmpl,1984 CC,132.0 bhp,113Nm@ 4000rpm,5.0,1350000
Maruti Ertiga,Maruti,Ertiga,4,60000,  Individual ,Diesel,Manual,,1248 CC,88.5 bhp,190Nm@ 2000rpm,7.0,800000
Honda Jazz,Honda,Jazz,4,8048,Dealer,Petrol,Manual,18.7 kmpl,1199 CC,88.7 bhp,170Nm@ 1800-2400rpm,5.0,600000
Maruti Baleno,Maruti,Baleno,3,35833,dealer,Petrol,Manual,21.4 kmpl,1197 CC,83.1 bhp,250Nm@ 1500-2500rpm,5.0,565000
Mercedes-Benz E-Class,Mercedes-Benz,E-Class,7,62000,Dealer,DIESEL,Automatic,13.0 kmpl,,201.1 bhp,,5.0,1825000
Toyota Innova,Toyota,Innova,5,56000,Dealer,Diesel,Manual,13.68 kmpl,2393 CC,147.8 bhp,250Nm@ 1500-2500rpm,7.0,1625000
Land Rover Rover,Land Rover,Rover,5,104000,Individual,diesel,Automatic,12.51 kmpl,2179 CC,187.7 bhp,24@ 1900(kgm@ rpm),7.0,2700000
Maruti Celerio,Maruti,Celerio,7,53412,Dealer,Petrol,Automatic,23.1 kmpl,998 CC,67.04 bhp,200Nm@ 1750rpm,5.0,300000
Maruti Alto,Maruti,Alto,4,33977,  Trustmark Dealer ,Petrol,Manual,24.7 kmpl,796 CC,47.3 bhp,"12.7@ 2,700(kgm@ rpm)",5.0,299000
Hyundai Grand,Hyundai,Grand,8,70000,Dealer,DIESEL,Manual,24.0 kmpl,1186 CC,73.97 bhp,170Nm@ 1800-2400rpm,5.0,310000
Maruti Vitara,Maruti,Vitara,5,60000,Individual,  Diesel ,Manual,24.3 kmpl,1248 CC,88.5 bhp,91Nm@ 3500rpm,5.0,615000
Ford Ecosport,Ford,Ecosport,8,68281,Dealer,  Diesel ,Manual,22.7 kmpl,1498 CC,89.84 bhp,200Nm@ 1750rpm,5.0,420000
Maruti Vitara,Maruti,Vitara,3,30000,individual,Diesel,Manual,24.3 kmpl,1248 CC,88.5 bhp,91Nm@ 3500rpm,5.0,711000
Maruti Swift Dzire,Maruti,Swift Dzire,3,70000,Individual,Diesel,Automatic,,1248 CC,74.02 bhp,113Nm@ 4000rpm,5.0,800000
Hyundai Grand,Hyundai,Grand,6,53100,Dealer,PETROL,Manual,18.9 kmpl,1197 CC,82.0 bhp,250Nm@ 1500-2500rpm,5.0,420000
Maruti Ertiga,Maruti,Ertiga,8,38000,Individual,Diesel,Manual,20.77 kmpl,1248 CC,88.8 bhp,113Nm@ 4000rpm,7.0,650000
Mahindra XUV500,Mahindra,XUV500,6,120000,individual,Diesel,Manual,16.0 kmpl,2179 CC,140.0 bhp,"12.7@ 2,700(kgm@ rpm)",7.0,945000
Mahindra XUV500,Mahindra,XUV500,5,90000,Individual,Diesel,Automatic,16.0 kmpl,2179 CC,140.0 bhp,190Nm@ 2000rpm,7.0,1000000
Hyundai Creta,Hyundai,Creta,3,35000,Individual,Diesel,Manual,22.1 kmpl,1396 CC,88.7 bhp,"12.7@ 2,700(kgm@ rpm)",5.0,996000
Mercedes-Benz E-Class,Mercedes-Benz,E-Class,10,57000,Dealer,  Diesel ,Automatic,14.21 kmpl,2143 CC,203.0 bhp,91Nm@ 3500rpm,5.0,1125000
Renault Duster,Renault,Duster,6,42000,DEALER,Diesel,Manual,19.01 kmpl,1461 CC,108.45 bhp,91Nm@ 3500rpm,5.0,550000
Toyota Fortuner,Toyota,Fortuner,9,75000,dealer,DIESEL,Manual,13.0 kmpl,2982 CC,,190Nm@ 2000rpm,7.0,1249000
Hyundai Verna,Hyundai,Verna,8,64000,DEALER,PETROL,Manual,17.01 kmpl,1591 CC,121.3 bhp,91Nm@ 3500rpm,5.0,525000
Maruti Alto,Maruti,Alto,7,45000,INDIVIDUAL,petrol,Manual,23.95 kmpl,998 CC,67.05 bhp,113Nm@ 4000rpm,5.0,250000
Ford Aspire,Ford,Aspire,4,24000,Dealer,DIESEL,Manual,25.83 kmpl,1498 CC,99.0 bhp,190Nm@ 2000rpm,5.0,690000
Hyundai Verna,Hyundai,Verna,2,45000,Dealer,PETROL,Automatic,17.0 kmpl,1591 CC,121.3 bhp,"12.7@ 2,700(kgm@ rpm)",5.0,1225000
Volkswagen Vento,Volkswagen,Vento,9,79349,dealer,diesel,Manual,20.54 kmpl,1598 CC,,"12.7@ 2,700(kgm@ rpm)",5.0,530000
Honda Amaze,Honda,Amaze,7,67000,Dealer,Diesel,Manual,25.8 kmpl,1498 CC,,24@ 1900(kgm@ rpm),5.0,330000
Honda Amaze,Honda,Amaze,5,49000,  Dealer ,Petrol,Manual,17.8 kmpl,1198 CC,86.7 bhp,91Nm@ 3500rpm,5.0,495000
Maruti Celerio,Maruti,Celerio,7,86000,dealer,Petrol,Automatic,23.1 kmpl,998 CC,67.04 bhp,91Nm@ 3500rpm,5.0,385000
Maruti Wagon R,Maruti,Wagon R,5,72000,Dealer,Petrol,Manual,21.79 kmpl,998 CC,67.05 bhp,200Nm@ 1750rpm,5.0,310000
Mahindra XUV500,Mahindra,XUV500,9,138489,Dealer,Diesel,Manual,15.1 kmpl,2179 CC,140.0 bhp,250Nm@ 1500-2500rpm,7.0,500000
Maruti Swift,Maruti,Swift,4,45000,Dealer,  Petrol ,Manual,16.1 kmpl,1197 CC,85.0 bhp,91Nm@ 3500rpm,5.0,568000
Toyota Innova,Toyota,Innova,5,107000,DEALER,diesel,Manual,13.68 kmpl,2393 CC,147.8 bhp,250Nm@ 1500-2500rpm,7.0,1745000
Jeep Compass,Jeep,Compass,4,23450,Individual,DIESEL,Manual,16.3 kmpl,1956 CC,170.0 bhp,24@ 1900(kgm@ rpm),5.0,1500000
Hyundai Venue,Hyundai,Venue,2,27000,DEALER,Petrol,Manual,18.27 kmpl,998 CC,118.35 bhp,200Nm@ 1750rpm,5.0,1025000
Hyundai i20,Hyundai,i20,6,90000,individual,Diesel,Manual,22.54 kmpl,1396 CC,88.73 bhp,250Nm@ 1500-2500rpm,5.0,700000
Mercedes-Benz C-Class,Mercedes-Benz,C-Class,9,60000,Individual,Petrol,Automatic,11.74 kmpl,1796 CC,186.0 bhp,170Nm@ 1800-2400rpm,5.0,1060000
Maruti Swift Dzire,Maruti,Swift Dzire,6,57000,Dealer,  Petrol ,Manual,21.21 kmpl,1197 CC,81.8 bhp,170Nm@ 1800-2400rpm,5.0,460000
Toyota Innova,Toyota,Innova,7,148533,dealer,diesel,Manual,12.99 kmpl,2494 CC,100.0 bhp,91Nm@ 3500rpm,7.0,975000
Skoda Rapid,Skoda,Rapid,6,28800,  Dealer ,Petrol,Automatic,14.3 kmpl,1598 CC,103.52 bhp,170Nm@ 1800-2400rpm,5.0,625000
Maruti Swift Dzire,Maruti,Swift Dzire,6,123273,  Dealer ,DIESEL,Manual,26.59 kmpl,1248 CC,74.0 bhp,170Nm@ 1800-2400rpm,5.0,410000
Mahindra XUV500,Mahindra,XUV500,3,46000,Dealer,Diesel,Manual,15.1 kmpl,2179 CC,152.87 bhp,200Nm@ 1750rpm,7.0,1775000
Hyundai Verna,Hyundai,Verna,5,35000,Individual,Diesel,Manual,,1396 CC,88.7 bhp,250Nm@ 1500-2500rpm,5.0,655000
Maruti Wagon R,Maruti,Wagon R,7,56795,Dealer,CNG,Manual,26.2 km/kg,998 CC,58.2 bhp,250Nm@ 1500-2500rpm,5.0,340000
Hyundai Verna,Hyundai,Verna,4,23211,Dealer,Diesel,Manual,23.9 kmpl,1582 CC,126.2 bhp,113Nm@ 4000rpm,5.0,825000
Honda City,Honda,City,5,27000,Dealer,Petrol,Manual,17.0 kmpl,1497 CC,118.0 bhp,"12.7@ 2,700(kgm@ rpm)",5.0,775000
Toyota Innova,Toyota,Innova,11,142800,DEALER,Diesel,Manual,12.8 kmpl,,102.0 bhp,,8.0,790000
Honda City,Honda,City,6,40864,dealer,Petrol,Manual,17.4 kmpl,1497 CC,117.3 bhp,190Nm@ 2000rpm,5.0,579000
Maruti Wagon R,Maruti,Wagon R,12,63000,Dealer,petrol,Manual,21.79 kmpl,998 CC,67.05 bhp,"12.7@ 2,700(kgm@ rpm)",5.0,125000
Renault KWID,Renault,KWID,4,12500,Dealer,petrol,Automatic,24.04 kmpl,999 CC,67.0 bhp,91Nm@ 3500rpm,5.0,445000
Hyundai Verna,Hyundai,Verna,13,90000,Individual,Diesel,Manual,16.8 kmpl,1493 CC,110.0 bhp,91Nm@ 3500rpm,5.0,190000
Maruti Swift Dzire,Maruti,Swift Dzire,7,80000,Dealer,  Petrol ,Manual,19.0 kmpl,1197 CC,85.8 bhp,91Nm@ 3500rpm,5.0,310000
Renault Duster,Renault,Duster,7,90000,Individual,Diesel,Manual,20.45 kmpl,1461 CC,83.8 bhp,113Nm@ 4000rpm,5.0,500000
Hyundai Verna,Hyundai,Verna,7,72000,dealer,diesel,Automatic,19.08 kmpl,1582 CC,,200Nm@ 1750rpm,5.0,725000
Maruti Swift,Maruti,Swift,6,84000,Dealer,diesel,Manual,28.4 kmpl,1248 CC,74.0 bhp,,5.0,425000
Maruti Baleno,Maruti,Baleno,2,4300,Dealer,Petrol,Automatic,21.4 kmpl,1197 CC,83.1 bhp,24@ 1900(kgm@ rpm),5.0,790000
Datsun redi-GO,Datsun,redi-GO,4,34000,Dealer,Petrol,Manual,21.7 kmpl,999 CC,67.05 bhp,250Nm@ 1500-2500rpm,5.0,249000
Toyota Camry,Toyota,Camry,5,65300,DEALER,petrol,Automatic,12.98 kmpl,2494 CC,178.4 bhp,113Nm@ 4000rpm,5.0,1471000
Maruti Wagon R,Maruti,Wagon R,9,37000,  Individual ,PETROL,Manual,,998 CC,67.1 bhp,200Nm@ 1750rpm,5.0,250000
Maruti Ciaz,Maruti,Ciaz,5,31000,dealer,Petrol,Manual,20.73 kmpl,1373 CC,91.1 bhp,91Nm@ 3500rpm,,600000
Maruti Wagon R,Maruti,Wagon R,6,30000,Dealer,CNG,Manual,32.52 km/kg,998 CC,58.33 bhp,"12.7@ 2,700(kgm@ rpm)",5.0,350000
Hyundai i20,Hyundai,i20,8,30000,Dealer,Diesel,Manual,21.9 kmpl,1396 CC,90.0 bhp,190Nm@ 2000rpm,5.0,400000
Maruti Swift,Maruti,Swift,7,6500,individual,Diesel,Manual,22.9 kmpl,1248 CC,74.0 bhp,24@ 1900(kgm@ rpm),5.0,600000
Hyundai Creta,Hyundai,Creta,4,50000,Individual,Diesel,Manual,19.67 kmpl,1582 CC,126.2 bhp,113Nm@ 4000rpm,5.0,1100000
Hyundai i20,Hyundai,i20,5,23000,Dealer,Petrol,Manual,18.6 kmpl,1197 CC,81.83 bhp,200Nm@ 1750rpm,5.0,575000
Maruti Swift Dzire,Maruti,Swift Dzire,6,46000,DEALER,petrol,Manual,22.0 kmpl,1197 CC,81.8 bhp,"12.7@ 2,700(kgm@ rpm)",5.0,515000
Maruti Ciaz,Maruti,Ciaz,4,51000,Dealer,DIESEL,Manual,26.21 kmpl,1248 CC,88.5 bhp,91Nm@ 3500rpm,5.0,690000
Maruti Alto,Maruti,Alto,4,14870,  Individual ,PETROL,Manual,,796 CC,47.3 bhp,250Nm@ 1500-2500rpm,5.0,298000
Hyundai i20,Hyundai,i20,3,22218,Dealer,Petrol,Manual,18.6 kmpl,1197 CC,,170Nm@ 1800-2400rpm,5.0,715000
Hyundai Santro,Hyundai,Santro,14,50000,Individual,Petrol,Manual,17.8 kmpl,1086 CC,63.0 bhp,91Nm@ 3500rpm,5.0,60000
Maruti Swift,Maruti,Swift,11,74000,dealer,diesel,Manual,28.4 kmpl,1248 CC,74.0 bhp,24@ 1900(kgm@ rpm),5.0,340000
Maruti Celerio,Maruti,Celerio,7,29000,Dealer,PETROL,Automatic,23.1 kmpl,998 CC,67.04 bhp,200Nm@ 1750rpm,5.0,465000
Ford Ecosport,Ford,Ecosport,6,90000,INDIVIDUAL,Petrol,Automatic,15.63 kmpl,1499 CC,110.4 bhp,170Nm@ 1800-2400rpm,5.0,530000
BMW X1,BMW,X1,5,32000,INDIVIDUAL,diesel,Automatic,17.05 kmpl,1995 CC,184.0 bhp,113Nm@ 4000rpm,5.0,2500000
Skoda Rapid,Skoda,Rapid,5,80000,Individual,Diesel,Manual,21.13 kmpl,1498 CC,108.6 bhp,190Nm@ 2000rpm,5.0,650000
Maruti Swift Dzire,Maruti,Swift Dzire,9,90000,Individual,petrol,Manual,17.5 kmpl,1298 CC,85.8 bhp,24@ 1900(kgm@ rpm),5.0,350000
Maruti Swift Dzire,Maruti,Swift Dzire,13,86379,Dealer,DIESEL,Manual,19.3 kmpl,1248 CC,73.9 bhp,"12.7@ 2,700(kgm@ rpm)",5.0,290000
Maruti Swift,Maruti,Swift,7,77000,dealer,DIESEL,Manual,25.2 kmpl,1248 CC,74.0 bhp,24@ 1900(kgm@ rpm),5.0,525000
Maruti Swift,Maruti,Swift,4,90000,Individual,Diesel,Manual,28.4 kmpl,1248 CC,74.0 bhp,91Nm@ 3500rpm,,620000
Hyundai Grand,Hyundai,Grand,8,58000,  Dealer ,Diesel,Manual,24.0 kmpl,1120 CC,70.0 bhp,170Nm@ 1800-2400rpm,5.0,399000
Mercedes-Benz E-Class,Mercedes-Benz,E-Class,6,61498,Dealer,Diesel,Automatic,13.0 kmpl,2143 CC,,170Nm@ 1800-2400rpm,5.0,2100000
Hyundai Creta,Hyundai,Creta,3,85000,individual,Diesel,Manual,19.67 kmpl,1582 CC,126.2 bhp,113Nm@ 4000rpm,5.0,1150000
Volkswagen Vento,Volkswagen,Vento,9,58000,DEALER,Diesel,Manual,20.54 kmpl,1598 CC,103.6 bhp,91Nm@ 3500rpm,5.0,520000
BMW 3,BMW,3,6,40000,Dealer,Diesel,Automatic,21.76 kmpl,1995 CC,188.0 bhp,190Nm@ 2000rpm,5.0,2800000
Tata Tiago,Tata,Tiago,3,16000,DEALER,Petrol,Manual,23.84 kmpl,1199 CC,84.0 bhp,190Nm@ 2000rpm,5.0,525000
Maruti Wagon R,Maruti,Wagon R,13,70000,Individual,LPG,Manual,17.3 km/kg,1061 CC,57.5 bhp,24@ 1900(kgm@ rpm),5.0,117000
Tata Hexa,Tata,Hexa,3,44000,Dealer,Diesel,Automatic,17.6 kmpl,2179 CC,153.86 bhp,113Nm@ 4000rpm,7.0,1400000
Maruti Celerio,Maruti,Celerio,7,25000,Individual,Petrol,Automatic,23.1 kmpl,998 CC,67.04 bhp,250Nm@ 1500-2500rpm,5.0,298000
Hyundai i10,Hyundai,i10,6,15000,Individual,LPG,Manual,19.2 km/kg,1086 CC,68.05 bhp,250Nm@ 1500-2500rpm,5.0,420000
Maruti Vitara,Maruti,Vitara,4,80000,Individual,Diesel,Manual,24.3 kmpl,1248 CC,88.5 bhp,170Nm@ 1800-2400rpm,5.0,830000
Hyundai Grand,Hyundai,Grand,6,142996,Dealer,Diesel,Manual,24.0 kmpl,1120 CC,70.0 bhp,190Nm@ 2000rpm,5.0,420000
Tata Nexon,Tata,Nexon,3,50000,Individual,Diesel,Manual,21.5 kmpl,1497 CC,108.5 bhp,170Nm@ 1800-2400rpm,5.0,725000
Hyundai i10,Hyundai,i10,5,38156,Dealer,petrol,Manual,19.81 kmpl,1086 CC,68.05 bhp,,5.0,463000
Maruti Celerio,Maruti,Celerio,3,8300,individual,Petrol,Manual,23.1 kmpl,998 CC,67.04 bhp,24@ 1900(kgm@ rpm),5.0,450000
Volkswagen Vento,Volkswagen,Vento,4,90000,Dealer,diesel,Manual,20.34 kmpl,1498 CC,103.2 bhp,24@ 1900(kgm@ rpm),5.0,725000
Tata Hexa,Tata,Hexa,4,57500,DEALER,Diesel,Automatic,17.6 kmpl,2179 CC,,190Nm@ 2000rpm,7.0,1275000
Mahindra Bolero,Mahindra,Bolero,9,120000,Individual,Diesel,Manual,,2523 CC,62.1 bhp,113Nm@ 4000rpm,7.0,460000
Maruti Vitara,Maruti,Vitara,4,64500,Dealer,DIESEL,Manual,24.3 kmpl,1248 CC,88.5 bhp,170Nm@ 1800-2400rpm,5.0,850000
Renault KWID,Renault,KWID,3,15300,Dealer,Petrol,Manual,23.01 kmpl,999 CC,67.0 bhp,200Nm@ 1750rpm,5.0,411000
Honda Civic,Honda,Civic,2,3000,Dealer,petrol,Automatic,16.5 kmpl,1799 CC,139.46 bhp,190Nm@ 2000rpm,5.0,1750000
Maruti Wagon R,Maruti,Wagon R,7,90000,INDIVIDUAL,CNG,Manual,26.6 km/kg,998 CC,58.16 bhp,"12.7@ 2,700(kgm@ rpm)",5.0,300000
Maruti Swift,Maruti,Swift,9,123000,Individual,Diesel,Manual,22.9 kmpl,1248 CC,74.0 bhp,250Nm@ 1500-2500rpm,5.0,475000
Honda City,Honda,City,11,57977,Dealer,Petrol,Manual,17.0 kmpl,1497 CC,118.0 bhp,113Nm@ 4000rpm,5.0,299000
Maruti Wagon R,Maruti,Wagon R,5,35000,Dealer,PETROL,Manual,,1197 CC,81.8 bhp,190Nm@ 2000rpm,5.0,390000
Hyundai i20,Hyundai,i20,9,94000,Dealer,Diesel,Manual,23.0 kmpl,1396 CC,90.0 bhp,190Nm@ 2000rpm,5.0,390000
Hyundai Santro,Hyundai,Santro,14,60000,Individual,Petrol,Manual,17.8 kmpl,1086 CC,63.0 bhp,113Nm@ 4000rpm,5.0,155000
Honda Amaze,Honda,Amaze,2,10000,  Individual ,Petrol,Automatic,19.0 kmpl,1199 CC,88.76 bhp,"12.7@ 2,700(kgm@ rpm)",5.0,675000
Maruti S-Presso,Maruti,S-Presso,2,5000,Individual,Petrol,Manual,21.7 kmpl,998 CC,67.0 bhp,"12.7@ 2,700(kgm@ rpm)",5.0,420000
Maruti Ertiga,Maruti,Ertiga,2,15000,  Individual ,Petrol,Manual,19.34 kmpl,1462 CC,103.0 bhp,24@ 1900(kgm@ rpm),7.0,805000
Honda City,Honda,City,5,30000,Individual,PETROL,Manual,17.8 kmpl,1497 CC,117.3 bhp,91Nm@ 3500rpm,5.0,950000
Maruti Swift Dzire,Maruti,Swift Dzire,5,35600,Dealer,PETROL,Manual,22.0 kmpl,1197 CC,81.8 bhp,200Nm@ 1750rpm,5.0,465000
Tata Safari,Tata,Safari,10,120000,Individual,Diesel,Manual,11.57 kmpl,2179 CC,138.1 bhp,91Nm@ 3500rpm,7.0,400000
Renault KWID,Renault,KWID,4,35500,Dealer,  Petrol ,Manual,25.17 kmpl,799 CC,53.3 bhp,91Nm@ 3500rpm,5.0,295000
Maruti Swift,Maruti,Swift,8,90145,Dealer,Diesel,Manual,28.4 kmpl,1248 CC,74.0 bhp,190Nm@ 2000rpm,5.0,350000
Mahindra XUV500,Mahindra,XUV500,8,70000,individual,Diesel,Manual,15.1 kmpl,,140.0 bhp,,7.0,725000
Maruti Alto,Maruti,Alto,4,36000,Dealer,Petrol,Manual,24.7 kmpl,796 CC,47.3 bhp,113Nm@ 4000rpm,5.0,275000
Hyundai Creta,Hyundai,Creta,5,24000,Individual,PETROL,Manual,15.29 kmpl,1591 CC,121.3 bhp,24@ 1900(kgm@ rpm),5.0,835000
Maruti Alto,Maruti,Alto,7,110000,INDIVIDUAL,petrol,Manual,22.74 kmpl,796 CC,47.3 bhp,250Nm@ 1500-2500rpm,5.0,180000
Hyundai Verna,Hyundai,Verna,8,60000,Individual,Diesel,Manual,,1582 CC,126.3 bhp,91Nm@ 3500rpm,5.0,475000
Ford Endeavour,Ford,Endeavour,3,48000,Dealer,Diesel,Automatic,10.91 kmpl,3198 CC,197.0 bhp,91Nm@ 3500rpm,7.0,2899000
Maruti Alto,Maruti,Alto,11,40000,DEALER,PETROL,Manual,19.7 kmpl,796 CC,46.3 bhp,250Nm@ 1500-2500rpm,5.0,265000
Maruti Alto,Maruti,Alto,2,10300,Individual,Petrol,Manual,24.7 kmpl,796 CC,47.3 bhp,113Nm@ 4000rpm,5.0,300000
Mahindra Scorpio,Mahindra,Scorpio,3,57000,Dealer,Diesel,Manual,15.4 kmpl,1997 CC,120.0 bhp,170Nm@ 1800-2400rpm,7.0,1035000
Mahindra Bolero,Mahindra,Bolero,9,60000,Individual,  Diesel ,Manual,15.96 kmpl,2523 CC,63.0 bhp,250Nm@ 1500-2500rpm,9.0,500000
Maruti Alto,Maruti,Alto,11,70000,individual,Petrol,Manual,19.7 kmpl,796 CC,46.3 bhp,24@ 1900(kgm@ rpm),5.0,135000
Honda City,Honda,City,4,37000,Dealer,Petrol,Manual,17.8 kmpl,1497 CC,117.3 bhp,190Nm@ 2000rpm,5.0,950000
Maruti Wagon R,Maruti,Wagon R,3,13500,Individual,Petrol,Manual,20.51 kmpl,998 CC,67.04 bhp,170Nm@ 1800-2400rpm,5.0,460000
Maruti Ciaz,Maruti,Ciaz,3,15000,Dealer,PETROL,Manual,20.65 kmpl,1462 CC,103.25 bhp,190Nm@ 2000rpm,5.0,800000
Maruti Alto,Maruti,Alto,13,110000,individual,Petrol,Manual,19.7 kmpl,796 CC,46.3 bhp,91Nm@ 3500rpm,5.0,85000
Maruti Celerio,Maruti,Celerio,4,24513,  Dealer ,PETROL,Manual,21.63 kmpl,998 CC,67.04 bhp,170Nm@ 1800-2400rpm,5.0,525000
Maruti Celerio,Maruti,Celerio,3,10000,  Individual ,  Petrol ,Automatic,21.63 kmpl,998 CC,67.0 bhp,91Nm@ 3500rpm,5.0,510000
Maruti Alto,Maruti,Alto,4,11000,  Dealer ,PETROL,Manual,23.95 kmpl,998 CC,67.05 bhp,24@ 1900(kgm@ rpm),5.0,325000
Hyundai Grand,Hyundai,Grand,8,70000,DEALER,  Diesel ,Manual,,1120 CC,70.0 bhp,190Nm@ 2000rpm,5.0,290000
Mercedes-Benz S-Class,Mercedes-Benz,S-Class,14,50000,DEALER,Petrol,Automatic,10.13 kmpl,,364.9 bhp,,5.0,800000
Hyundai i10,Hyundai,i10,9,68000,DEALER,PETROL,Automatic,16.95 kmpl,1197 CC,78.9 bhp,190Nm@ 2000rpm,5.0,370000
Ford Ecosport,Ford,Ecosport,6,66000,Dealer,diesel,Manual,22.77 kmpl,1498 CC,98.59 bhp,190Nm@ 2000rpm,5.0,775000
Renault KWID,Renault,KWID,6,30000,Individual,Petrol,Manual,25.17 kmpl,799 CC,53.3 bhp,170Nm@ 1800-2400rpm,5.0,315000
Toyota Camry,Toyota,Camry,5,85000,Dealer,Petrol,Automatic,,,,,5.0,1995000
Mercedes-Benz C-Class,Mercedes-Benz,C-Class,9,41315,Dealer,Petrol,Automatic,11.74 kmpl,1796 CC,186.0 bhp,113Nm@ 4000rpm,5.0,1050000
Maruti Baleno,Maruti,Baleno,3,20000,Individual,Petrol,Manual,21.4 kmpl,1197 CC,83.1 bhp,"12.7@ 2,700(kgm@ rpm)",5.0,680000
Renault KWID,Renault,KWID,2,10000,  Individual ,Petrol,Manual,25.17 kmpl,799 CC,53.3 bhp,24@ 1900(kgm@ rpm),5.0,350000
Maruti Swift,Maruti,Swift,9,66001,Dealer,Diesel,Manual,22.9 kmpl,1248 CC,74.0 bhp,"12.7@ 2,700(kgm@ rpm)",5.0,275000
Honda City,Honda,City,9,33000,Dealer,PETROL,Manual,17.4 kmpl,1497 CC,117.3 bhp,"12.7@ 2,700(kgm@ rpm)",5.0,675000
Maruti Ertiga,Maruti,Ertiga,1,4500,INDIVIDUAL,Petrol,Manual,19.01 kmpl,1462 CC,103.26 bhp,113Nm@ 4000rpm,7.0,830000
Maruti Swift Dzire,Maruti,Swift Dzire,8,113450,individual,Diesel,Manual,23.4 kmpl,1248 CC,74.0 bhp,91Nm@ 3500rpm,5.0,380000
Maruti Ciaz,Maruti,Ciaz,3,28500,Dealer,Diesel,Manual,28.09 kmpl,1248 CC,88.5 bhp,,5.0,925000
Honda City,Honda,City,6,78000,DEALER,Petrol,Automatic,,1497 CC,117.3 bhp,200Nm@ 1750rpm,5.0,895000
Hyundai i20,Hyundai,i20,2,30000,Dealer,Petrol,Manual,18.6 kmpl,1197 CC,81.86 bhp,,5.0,675000
Maruti Baleno,Maruti,Baleno,4,23000,Dealer,PETROL,Manual,21.01 kmpl,1197 CC,81.8 bhp,170Nm@ 1800-2400rpm,5.0,600000
Maruti Ciaz,Maruti,Ciaz,6,46000,Dealer,Petrol,Manual,20.73 kmpl,1373 CC,91.1 bhp,91Nm@ 3500rpm,5.0,525000
Renault Duster,Renault,Duster,8,85405,  Dealer ,Diesel,Manual,19.01 kmpl,1461 CC,108.45 bhp,250Nm@ 1500-2500rpm,5.0,410000
Honda City,Honda,City,7,66852,dealer,Diesel,Manual,25.1 kmpl,1498 CC,98.6 bhp,24@ 1900(kgm@ rpm),5.0,625000
Maruti Swift Dzire,Maruti,Swift Dzire,4,20000,Individual,Diesel,Manual,28.4 kmpl,1248 CC,74.02 bhp,113Nm@ 4000rpm,5.0,700000
Datsun GO,Datsun,GO,3,21500,INDIVIDUAL,petrol,Manual,20.63 kmpl,1198 CC,67.0 bhp,91Nm@ 3500rpm,5.0,430000
Tata Tiago,Tata,Tiago,2,3000,Individual,Petrol,Manual,23.84 kmpl,1199 CC,84.0 bhp,113Nm@ 4000rpm,5.0,550000
Volkswagen Polo,Volkswagen,Polo,8,89929,Dealer,  Diesel ,Manual,20.14 kmpl,1498 CC,88.0 bhp,24@ 1900(kgm@ rpm),5.0,441000
Volkswagen Vento,Volkswagen,Vento,8,51500,Dealer,Petrol,Automatic,16.93 kmpl,1197 CC,103.2 bhp,170Nm@ 1800-2400rpm,5.0,475000
Maruti Swift Dzire,Maruti,Swift Dzire,5,47000,Dealer,  Petrol ,Manual,22.0 kmpl,1197 CC,81.8 bhp,170Nm@ 1800-2400rpm,5.0,475000
Maruti Swift Dzire,Maruti,Swift Dzire,3,114000,Individual,Petrol,Manual,19.0 kmpl,1197 CC,85.8 bhp,91Nm@ 3500rpm,5.0,500000
Datsun GO,Datsun,GO,2,10000,Individual,petrol,Manual,19.83 kmpl,1198 CC,67.0 bhp,24@ 1900(kgm@ rpm),,444000
Maruti Swift Dzire,Maruti,Swift Dzire,6,70000,Dealer,diesel,Manual,19.3 kmpl,1248 CC,73.9 bhp,200Nm@ 1750rpm,5.0,570000
Maruti Celerio,Maruti,Celerio,4,33000,Dealer,Petrol,Manual,23.1 kmpl,998 CC,67.04 bhp,250Nm@ 1500-2500rpm,5.0,460000
Maruti Swift Dzire,Maruti,Swift Dzire,5,110000,Individual,Diesel,Manual,26.59 kmpl,,74.0 bhp,,5.0,535000
Honda City,Honda,City,11,80000,Individual,Petrol,Manual,17.0 kmpl,1497 CC,118.0 bhp,250Nm@ 1500-2500rpm,5.0,280000
Mercedes-Benz E-Class,Mercedes-Benz,E-Class,14,52483,Dealer,diesel,Automatic,11.0 kmpl,2987 CC,198.5 bhp,190Nm@ 2000rpm,5.0,1050000
Maruti Eeco,Maruti,Eeco,2,25000,INDIVIDUAL,petrol,Manual,15.37 kmpl,1196 CC,73.0 bhp,190Nm@ 2000rpm,5.0,385000
Renault Duster,Renault,Duster,5,70000,Dealer,  Diesel ,Manual,19.87 kmpl,1461 CC,83.8 bhp,200Nm@ 1750rpm,5.0,600000
Audi A4,Audi,A4,6,30000,Individual,Diesel,Automatic,17.11 kmpl,1968 CC,174.33 bhp,113Nm@ 4000rpm,5.0,1800000
Hyundai Creta,Hyundai,Creta,4,43000,Dealer,Petrol,Manual,13.0 kmpl,1591 CC,121.3 bhp,91Nm@ 3500rpm,5.0,1050000
Honda Amaze,Honda,Amaze,6,43251,Dealer,Diesel,Manual,25.8 kmpl,1498 CC,98.6 bhp,91Nm@ 3500rpm,5.0,515000
Volkswagen Polo,Volkswagen,Polo,7,80000,DEALER,Diesel,Manual,20.14 kmpl,1498 CC,88.8 bhp,170Nm@ 1800-2400rpm,5.0,325000
Hyundai i20,Hyundai,i20,4,17805,trustmark dealer,Petrol,Manual,18.6 kmpl,1197 CC,81.83 bhp,113Nm@ 4000rpm,5.0,660000
Hyundai i20,Hyundai,i20,6,35000,  Individual ,Petrol,Manual,18.6 kmpl,1197 CC,,250Nm@ 1500-2500rpm,5.0,470000
Maruti Alto,Maruti,Alto,6,70000,Individual,PETROL,Manual,22.74 kmpl,796 CC,47.3 bhp,200Nm@ 1750rpm,5.0,240000
Maruti Wagon R,Maruti,Wagon R,5,68000,dealer,CNG,Manual,26.2 km/kg,998 CC,58.2 bhp,"12.7@ 2,700(kgm@ rpm)",5.0,320000
Hyundai Grand,Hyundai,Grand,2,10000,individual,Petrol,Manual,18.9 kmpl,1197 CC,81.86 bhp,190Nm@ 2000rpm,5.0,540000
Volkswagen Polo,Volkswagen,Polo,8,49000,Dealer,DIESEL,Manual,22.07 kmpl,1199 CC,73.9 bhp,,5.0,380000
Maruti Swift,Maruti,Swift,4,75823,dealer,  Diesel ,Manual,28.4 kmpl,1248 CC,74.0 bhp,"12.7@ 2,700(kgm@ rpm)",,635000
Volkswagen Vento,Volkswagen,Vento,10,59526,Dealer,DIESEL,Manual,20.54 kmpl,1598 CC,103.6 bhp,250Nm@ 1500-2500rpm,5.0,375000
Maruti Baleno,Maruti,Baleno,5,22000,Dealer,Petrol,Manual,15.4 kmpl,1590 CC,94.0 bhp,170Nm@ 1800-2400rpm,5.0,625000
Audi A4,Audi,A4,7,52100,Dealer,  Diesel ,Automatic,16.55 kmpl,1968 CC,140.0 bhp,91Nm@ 3500rpm,5.0,1650000
Mercedes-Benz C-Class,Mercedes-Benz,C-Class,11,45000,Dealer,Diesel,Automatic,14.84 kmpl,2143 CC,170.0 bhp,170Nm@ 1800-2400rpm,5.0,740000
Honda City,Honda,City,10,100000,  Individual ,  Petrol ,Manual,17.0 kmpl,1497 CC,118.0 bhp,91Nm@ 3500rpm,5.0,380000
Hyundai i20,Hyundai,i20,6,53000,dealer,PETROL,Manual,,1197 CC,81.83 bhp,113Nm@ 4000rpm,5.0,599000
Volkswagen Polo,Volkswagen,Polo,4,32000,Dealer,Diesel,Manual,20.14 kmpl,1498 CC,88.7 bhp,24@ 1900(kgm@ rpm),5.0,655000
Volkswagen Polo,Volkswagen,Polo,8,89103,Dealer,Diesel,Manual,22.07 kmpl,1199 CC,73.9 bhp,24@ 1900(kgm@ rpm),5.0,234000
Hyundai i20,Hyundai,i20,4,33230,Dealer,Petrol,Manual,18.6 kmpl,1197 CC,81.83 bhp,24@ 1900(kgm@ rpm),5.0,655000
Skoda Superb,Skoda,Superb,12,83546,DEALER,Petrol,Automatic,13.7 kmpl,1798 CC,157.75 bhp,,5.0,310000
Renault KWID,Renault,KWID,2,14000,Individual,Petrol,Manual,23.01 kmpl,,67.0 bhp,,5.0,390000
Hyundai Verna,Hyundai,Verna,3,12000,dealer,Petrol,Manual,17.1 kmpl,1591 CC,121.3 bhp,113Nm@ 4000rpm,5.0,1025000
Maruti Swift,Maruti,Swift,6,49000,Individual,Diesel,Manual,25.2 kmpl,1248 CC,74.0 bhp,24@ 1900(kgm@ rpm),5.0,380000
Toyota Fortuner,Toyota,Fortuner,8,110000,  Individual ,DIESEL,Manual,13.0 kmpl,2982 CC,168.5 bhp,113Nm@ 4000rpm,7.0,1150000
Skoda Rapid,Skoda,Rapid,4,30000,Dealer,PETROL,Manual,15.41 kmpl,1598 CC,103.2 bhp,190Nm@ 2000rpm,5.0,720000
Ford Freestyle,Ford,Freestyle,2,13133,Dealer,Diesel,Manual,24.4 kmpl,1498 CC,98.63 bhp,200Nm@ 1750rpm,5.0,880000
Mahindra XUV500,Mahindra,XUV500,5,50000,Dealer,Diesel,Manual,16.0 kmpl,1997 CC,140.0 bhp,200Nm@ 1750rpm,7.0,1099000
Tata Nexon,Tata,Nexon,2,20000,Individual,Petrol,Manual,17.0 kmpl,1198 CC,108.5 bhp,200Nm@ 1750rpm,5.0,675000
Maruti Swift Dzire,Maruti,Swift Dzire,3,70000,INDIVIDUAL,diesel,Manual,23.4 kmpl,1248 CC,74.0 bhp,91Nm@ 3500rpm,5.0,515000
Kia Seltos,Kia,Seltos,1,3500,dealer,petrol,Automatic,16.8 kmpl,1497 CC,113.4 bhp,91Nm@ 3500rpm,5.0,1490000
Maruti Alto,Maruti,Alto,6,90000,Individual,  Petrol ,Manual,22.74 kmpl,796 CC,47.3 bhp,190Nm@ 2000rpm,5.0,200000
Volkswagen Vento,Volkswagen,Vento,8,90000,Individual,Diesel,Manual,20.54 kmpl,1598 CC,103.6 bhp,170Nm@ 1800-2400rpm,5.0,520000
Volkswagen Polo,Volkswagen,Polo,6,56084,DEALER,Petrol,Automatic,17.21 kmpl,1197 CC,103.6 bhp,250Nm@ 1500-2500rpm,5.0,645000
Mini Cooper,Mini,Cooper,9,24000,DEALER,PETROL,Automatic,17.33 kmpl,1998 CC,189.08 bhp,190Nm@ 2000rpm,4.0,1750000
Audi A4,Audi,A4,5,29000,  Dealer ,petrol,Automatic,15.64 kmpl,1798 CC,167.62 bhp,250Nm@ 1500-2500rpm,5.0,1890000
Jaguar XF,Jaguar,XF,7,28000,Dealer,DIESEL,Automatic,16.36 kmpl,2179 CC,187.7 bhp,190Nm@ 2000rpm,5.0,3190000
Mahindra Scorpio,Mahindra,Scorpio,5,35000,Individual,Diesel,Automatic,15.4 kmpl,2179 CC,120.0 bhp,250Nm@ 1500-2500rpm,7.0,1450000
Mahindra Scorpio,Mahindra,Scorpio,9,32208,DEALER,Diesel,Manual,14.0 kmpl,2523 CC,75.0 bhp,190Nm@ 2000rpm,8.0,625000
Hyundai Verna,Hyundai,Verna,13,77000,Dealer,Petrol,Manual,13.9 kmpl,1599 CC,103.2 bhp,"12.7@ 2,700(kgm@ rpm)",5.0,190000
Volkswagen Polo,Volkswagen,Polo,9,50000,individual,diesel,Manual,22.07 kmpl,1199 CC,73.9 bhp,91Nm@ 3500rpm,5.0,380000
Maruti Swift,Maruti,Swift,3,25000,Individual,Petrol,Automatic,22.0 kmpl,1197 CC,81.8 bhp,250Nm@ 1500-2500rpm,5.0,630000
Volkswagen Polo,Volkswagen,Polo,3,14510,Dealer,PETROL,Manual,18.78 kmpl,999 CC,75.0 bhp,190Nm@ 2000rpm,5.0,560000
Honda Jazz,Honda,Jazz,3,30000,INDIVIDUAL,petrol,Manual,18.7 kmpl,1199 CC,88.7 bhp,91Nm@ 3500rpm,5.0,650000
Renault KWID,Renault,KWID,3,28000,INDIVIDUAL,Petrol,Manual,23.01 kmpl,999 CC,,113Nm@ 4000rpm,5.0,345000
Maruti Celerio,Maruti,Celerio,3,100000,Individual,PETROL,Automatic,23.1 kmpl,998 CC,67.04 bhp,250Nm@ 1500-2500rpm,5.0,450000
Ford Figo,Ford,Figo,8,30000,Individual,PETROL,Manual,15.6 kmpl,1196 CC,70.0 bhp,170Nm@ 1800-2400rpm,5.0,325000
Mercedes-Benz E-Class,Mercedes-Benz,E-Class,10,49000,DEALER,Diesel,Automatic,14.21 kmpl,2143 CC,203.0 bhp,"12.7@ 2,700(kgm@ rpm)",5.0,999000
Honda City,Honda,City,5,40000,INDIVIDUAL,PETROL,Automatic,18.0 kmpl,1497 CC,117.3 bhp,170Nm@ 1800-2400rpm,5.0,845000
Maruti Wagon R,Maruti,Wagon R,12,70000,  Individual ,Petrol,Manual,,1061 CC,67.0 bhp,"12.7@ 2,700(kgm@ rpm)",,150000
Honda City,Honda,City,10,40142,DEALER,petrol,Manual,17.0 kmpl,1497 CC,118.0 bhp,113Nm@ 4000rpm,5.0,310000
Maruti Vitara,Maruti,Vitara,4,70000,Individual,Diesel,Manual,24.3 kmpl,1248 CC,88.5 bhp,113Nm@ 4000rpm,5.0,750000
Mahindra XUV500,Mahindra,XUV500,4,48800,Individual,Diesel,Automatic,16.0 kmpl,2179 CC,140.0 bhp,91Nm@ 3500rpm,7.0,1300000
Maruti Alto,Maruti,Alto,4,28239,Trustmark Dealer,CNG,Manual,33.44 km/kg,796 CC,40.3 bhp,"12.7@ 2,700(kgm@ rpm)",4.0,315000
Hyundai Verna,Hyundai,Verna,8,136700,Dealer,Diesel,Automatic,22.32 kmpl,1582 CC,126.32 bhp,170Nm@ 1800-2400rpm,5.0,350000
Honda City,Honda,City,3,40000,Dealer,Petrol,Manual,17.4 kmpl,1497 CC,117.6 bhp,200Nm@ 1750rpm,5.0,850000
Maruti Celerio,Maruti,Celerio,8,26000,DEALER,Petrol,Automatic,23.1 kmpl,998 CC,67.04 bhp,170Nm@ 1800-2400rpm,5.0,450000
Ford Figo,Ford,Figo,9,90000,Individual,Diesel,Manual,20.0 kmpl,1399 CC,68.0 bhp,200Nm@ 1750rpm,5.0,220000
Honda City,Honda,City,14,75075,Dealer,Petrol,Manual,17.7 kmpl,1497 CC,78.0 bhp,200Nm@ 1750rpm,5.0,200000
Hyundai i10,Hyundai,i10,11,48216,dealer,  Petrol ,Manual,20.36 kmpl,1197 CC,78.9 bhp,113Nm@ 4000rpm,5.0,350000
Honda Civic,Honda,Civic,1,1900,Dealer,Petrol,Automatic,16.5 kmpl,1799 CC,139.46 bhp,190Nm@ 2000rpm,5.0,2150000
Renault KWID,Renault,KWID,4,26233,dealer,  Petrol ,Manual,25.17 kmpl,799 CC,53.3 bhp,200Nm@ 1750rpm,5.0,345000
Hyundai i20,Hyundai,i20,11,25000,Individual,  Petrol ,Manual,18.5 kmpl,1197 CC,80.0 bhp,,5.0,370000
Hyundai i10,Hyundai,i10,11,76602,Dealer,  Petrol ,Manual,20.36 kmpl,1197 CC,78.9 bhp,113Nm@ 4000rpm,5.0,320000
Mahindra XUV500,Mahindra,XUV500,7,75273,Dealer,diesel,Manual,16.0 kmpl,,140.0 bhp,,7.0,851000
Mahindra XUV500,Mahindra,XUV500,5,44890,  Dealer ,Diesel,Automatic,16.0 kmpl,1997 CC,140.0 bhp,250Nm@ 1500-2500rpm,7.0,975000
Toyota Innova,Toyota,Innova,8,215000,INDIVIDUAL,Diesel,Manual,12.99 kmpl,2494 CC,100.6 bhp,190Nm@ 2000rpm,7.0,1000000
Mercedes-Benz C-Class,Mercedes-Benz,C-Class,9,72000,Dealer,DIESEL,Automatic,14.84 kmpl,2143 CC,167.62 bhp,190Nm@ 2000rpm,5.0,1400000
Toyota Innova,Toyota,Innova,5,70001,Dealer,diesel,Manual,12.99 kmpl,2494 CC,100.6 bhp,170Nm@ 1800-2400rpm,7.0,975000
Maruti Swift Dzire,Maruti,Swift Dzire,10,89000,  Dealer ,Diesel,Manual,19.3 kmpl,1248 CC,73.9 bhp,190Nm@ 2000rpm,5.0,360000
Hyundai Grand,Hyundai,Grand,5,60000,  Individual ,PETROL,Automatic,18.9 kmpl,1197 CC,81.86 bhp,200Nm@ 1750rpm,5.0,400000
Hyundai i20,Hyundai,i20,3,12000,DEALER,petrol,Automatic,17.4 kmpl,1197 CC,81.86 bhp,24@ 1900(kgm@ rpm),5.0,890000
Maruti Alto,Maruti,Alto,7,80000,  Individual ,petrol,Manual,22.74 kmpl,796 CC,47.3 bhp,113Nm@ 4000rpm,5.0,210000
Hyundai Verna,Hyundai,Verna,5,50000,Individual,Diesel,Manual,23.9 kmpl,1582 CC,126.2 bhp,200Nm@ 1750rpm,5.0,750000
Maruti Ertiga,Maruti,Ertiga,2,45000,Individual,Diesel,Manual,25.47 kmpl,1248 CC,88.5 bhp,200Nm@ 1750rpm,7.0,980000
Renault Duster,Renault,Duster,7,53190,Dealer,diesel,Manual,19.01 kmpl,1461 CC,108.45 bhp,250Nm@ 1500-2500rpm,5.0,560000
Hyundai Grand,Hyundai,Grand,2,36000,Dealer,  Petrol ,Manual,18.9 kmpl,1197 CC,81.86 bhp,24@ 1900(kgm@ rpm),5.0,495000
Maruti Alto,Maruti,Alto,1,2200,  Dealer ,Petrol,Manual,24.7 kmpl,796 CC,47.3 bhp,190Nm@ 2000rpm,5.0,360000
Maruti Baleno,Maruti,Baleno,3,40000,INDIVIDUAL,Diesel,Manual,27.39 kmpl,1248 CC,74.0 bhp,250Nm@ 1500-2500rpm,5.0,700000
Datsun GO,Datsun,GO,5,30000,Individual,Petrol,Manual,19.44 kmpl,1198 CC,67.0 bhp,91Nm@ 3500rpm,7.0,300000
Hyundai Verna,Hyundai,Verna,7,45000,Individual,Diesel,Manual,22.32 kmpl,1582 CC,,113Nm@ 4000rpm,5.0,635000
Hyundai Creta,Hyundai,Creta,3,70000,Individual,Diesel,Manual,22.1 kmpl,1396 CC,,113Nm@ 4000rpm,5.0,998000
Honda City,Honda,City,6,24000,Dealer,  Petrol ,Automatic,18.0 kmpl,1497 CC,117.3 bhp,250Nm@ 1500-2500rpm,5.0,825000
Ford Figo,Ford,Figo,4,42267,Dealer,Diesel,Manual,25.83 kmpl,1498 CC,99.0 bhp,113Nm@ 4000rpm,5.0,600000
Mahindra KUV,Mahindra,KUV,5,21000,Dealer,diesel,Manual,25.32 kmpl,1198 CC,77.0 bhp,200Nm@ 1750rpm,5.0,425000
Toyota Innova,Toyota,Innova,6,52000,dealer,Diesel,Manual,12.99 kmpl,,100.6 bhp,,8.0,1200000
Hyundai Verna,Hyundai,Verna,12,55000,DEALER,  Petrol ,Manual,,1599 CC,103.2 bhp,113Nm@ 4000rpm,5.0,250000
Hyundai i20,Hyundai,i20,8,33135,dealer,PETROL,Manual,18.5 kmpl,1197 CC,80.0 bhp,250Nm@ 1500-2500rpm,5.0,325000
Hyundai Venue,Hyundai,Venue,2,30000,Dealer,diesel,Manual,23.7 kmpl,1493 CC,,200Nm@ 1750rpm,5.0,1050000
Maruti Ciaz,Maruti,Ciaz,4,34834,Dealer,  Petrol ,Manual,20.73 kmpl,1373 CC,91.1 bhp,250Nm@ 1500-2500rpm,5.0,750000
Honda Civic,Honda,Civic,15,100000,INDIVIDUAL,  Petrol ,Manual,13.5 kmpl,,130.0 bhp,,5.0,120000
Renault Duster,Renault,Duster,7,179000,Individual,Diesel,Manual,19.01 kmpl,1461 CC,108.45 bhp,200Nm@ 1750rpm,5.0,550000
Maruti Swift,Maruti,Swift,6,76400,dealer,  Diesel ,Manual,,1248 CC,74.0 bhp,24@ 1900(kgm@ rpm),5.0,575000
Hyundai Grand,Hyundai,Grand,6,75000,DEALER,PETROL,Automatic,18.9 kmpl,1197 CC,82.0 bhp,170Nm@ 1800-2400rpm,5.0,495000
Honda City,Honda,City,13,90000,Dealer,PETROL,Automatic,,1493 CC,100.0 bhp,190Nm@ 2000rpm,5.0,365000
Kia Seltos,Kia,Seltos,2,6000,individual,Petrol,Manual,16.1 kmpl,1353 CC,138.0 bhp,91Nm@ 3500rpm,5.0,1635000
Volkswagen Polo,Volkswagen,Polo,6,65000,Dealer,Petrol,Manual,16.2 kmpl,1199 CC,74.0 bhp,24@ 1900(kgm@ rpm),5.0,465000
Maruti Alto,Maruti,Alto,6,70000,Individual,Petrol,Manual,22.74 kmpl,796 CC,47.3 bhp,,5.0,210000
Porsche Macan,Porsche,Macan,4,30350,Dealer,  Petrol ,Automatic,13.6 kmpl,1984 CC,252.0 bhp,250Nm@ 1500-2500rpm,5.0,5995000
Hyundai i20,Hyundai,i20,2,12000,individual,Petrol,Manual,18.6 kmpl,1197 CC,81.86 bhp,200Nm@ 1750rpm,5.0,735000
Honda City,Honda,City,11,34178,Dealer,Petrol,Manual,17.0 kmpl,1497 CC,118.0 bhp,170Nm@ 1800-2400rpm,5.0,430000
Maruti Alto,Maruti,Alto,10,30000,Individual,PETROL,Manual,19.7 kmpl,796 CC,46.3 bhp,"12.7@ 2,700(kgm@ rpm)",5.0,150000
Hyundai i20,Hyundai,i20,11,97780,DEALER,DIESEL,Manual,25.2 kmpl,1493 CC,98.63 bhp,113Nm@ 4000rpm,5.0,320000
Maruti Swift Dzire,Maruti,Swift Dzire,9,43500,Individual,Diesel,Manual,19.3 kmpl,1248 CC,73.9 bhp,"12.7@ 2,700(kgm@ rpm)",5.0,420000
Mercedes-Benz E-Class,Mercedes-Benz,E-Class,7,42000,Dealer,DIESEL,Automatic,13.0 kmpl,2143 CC,204.0 bhp,91Nm@ 3500rpm,5.0,1875000
Toyota Innova,Toyota,Innova,6,82000,DEALER,Diesel,Manual,12.99 kmpl,2494 CC,100.6 bhp,24@ 1900(kgm@ rpm),8.0,946000
Volkswagen Polo,Volkswagen,Polo,2,36800,dealer,Diesel,Manual,20.14 kmpl,1498 CC,,250Nm@ 1500-2500rpm,5.0,675000
Hyundai Grand,Hyundai,Grand,8,40000,Individual,Diesel,Manual,,1120 CC,70.0 bhp,24@ 1900(kgm@ rpm),5.0,350000
Maruti Eeco,Maruti,Eeco,3,36000,  Dealer ,CNG,Manual,15.1 km/kg,1196 CC,73.0 bhp,113Nm@ 4000rpm,5.0,435000
Hyundai i20,Hyundai,i20,4,40000,Individual,Petrol,Manual,18.6 kmpl,1197 CC,81.83 bhp,170Nm@ 1800-2400rpm,5.0,450000
Maruti Swift Dzire,Maruti,Swift Dzire,11,72000,dealer,Petrol,Manual,19.1 kmpl,1197 CC,85.8 bhp,113Nm@ 4000rpm,5.0,260000
Maruti Ignis,Maruti,Ignis,3,30000,Dealer,petrol,Manual,20.89 kmpl,1197 CC,81.8 bhp,190Nm@ 2000rpm,5.0,570000
Maruti Swift Dzire,Maruti,Swift Dzire,5,40000,  Individual ,petrol,Manual,20.85 kmpl,1197 CC,83.14 bhp,200Nm@ 1750rpm,5.0,575000
Maruti Alto,Maruti,Alto,9,52000,Dealer,Petrol,Manual,24.7 kmpl,796 CC,,,5.0,195000
Ford Ecosport,Ford,Ecosport,3,6500,Dealer,DIESEL,Manual,22.77 kmpl,1498 CC,98.59 bhp,170Nm@ 1800-2400rpm,5.0,899000
Tata Nexon,Tata,Nexon,4,34000,Dealer,petrol,Manual,17.0 kmpl,1199 CC,118.3 bhp,91Nm@ 3500rpm,5.0,690000
BMW 5,BMW,5,0,2000,Dealer,Diesel,Automatic,22.48 kmpl,1995 CC,187.74 bhp,"12.7@ 2,700(kgm@ rpm)",5.0,4850000
Ford Aspire,Ford,Aspire,4,24000,Dealer,DIESEL,Manual,25.83 kmpl,1498 CC,99.0 bhp,24@ 1900(kgm@ rpm),5.0,690000
Renault Duster,Renault,Duster,8,100000,INDIVIDUAL,Diesel,Manual,19.01 kmpl,1461 CC,108.45 bhp,200Nm@ 1750rpm,5.0,325000
Tata Safari,Tata,Safari,9,94000,Individual,Diesel,Manual,13.93 kmpl,,138.03 bhp,,7.0,250000
Datsun GO,Datsun,GO,4,58000,individual,PETROL,Manual,20.63 kmpl,1198 CC,67.06 bhp,250Nm@ 1500-2500rpm,5.0,360000
Hyundai Elantra,Hyundai,Elantra,3,40000,Dealer,  Petrol ,Automatic,14.62 kmpl,1999 CC,149.92 bhp,250Nm@ 1500-2500rpm,5.0,1600000
Hyundai Creta,Hyundai,Creta,5,20000,DEALER,Diesel,Manual,19.67 kmpl,1582 CC,126.2 bhp,190Nm@ 2000rpm,5.0,1000000
Toyota Innova,Toyota,Innova,4,52000,Dealer,Diesel,Automatic,,2755 CC,171.5 bhp,200Nm@ 1750rpm,7.0,1965000
Honda Amaze,Honda,Amaze,2,7000,Individual,  Petrol ,Manual,19.5 kmpl,1199 CC,88.76 bhp,170Nm@ 1800-2400rpm,5.0,715000
BMW 3,BMW,3,6,56000,  Dealer ,Diesel,Automatic,19.59 kmpl,1995 CC,187.74 bhp,170Nm@ 1800-2400rpm,5.0,2675000
Hyundai Santro,Hyundai,Santro,13,25000,INDIVIDUAL,Petrol,Manual,17.92 kmpl,1086 CC,62.1 bhp,200Nm@ 1750rpm,5.0,119000
Maruti Swift Dzire,Maruti,Swift Dzire,5,70666,  Dealer ,  Petrol ,Manual,20.85 kmpl,1197 CC,83.14 bhp,190Nm@ 2000rpm,5.0,630000
Hyundai i20,Hyundai,i20,2,40000,Individual,Petrol,Manual,18.6 kmpl,1197 CC,81.86 bhp,250Nm@ 1500-2500rpm,5.0,750000
Hyundai Verna,Hyundai,Verna,6,90000,Dealer,Diesel,Manual,22.32 kmpl,1582 CC,126.32 bhp,250Nm@ 1500-2500rpm,5.0,685000
Maruti Vitara,Maruti,Vitara,4,22000,DEALER,diesel,Manual,24.3 kmpl,,88.5 bhp,,5.0,955000
Hyundai Grand,Hyundai,Grand,4,140000,  Individual ,Petrol,Manual,18.9 kmpl,1197 CC,81.86 bhp,91Nm@ 3500rpm,5.0,380000
Maruti Swift Dzire,Maruti,Swift Dzire,7,60000,individual,  Diesel ,Manual,23.4 kmpl,1248 CC,74.0 bhp,113Nm@ 4000rpm,5.0,500000
Maruti Dzire VXI,Maruti,Dzire VXI,1,10000,INDIVIDUAL,petrol,Manual,23.26 kmpl,1197 CC,,113Nm@ 4000rpm,5.0,675000
Audi A6,Audi,A6,5,35000,Dealer,  Diesel ,Automatic,18.53 kmpl,1968 CC,187.74 bhp,"12.7@ 2,700(kgm@ rpm)",5.0,3000000
Maruti Alto,Maruti,Alto,8,60000,Individual,PETROL,Manual,20.92 kmpl,998 CC,67.1 bhp,250Nm@ 1500-2500rpm,5.0,210000
Ford Figo,Ford,Figo,11,35500,Dealer,Petrol,Manual,15.6 kmpl,1196 CC,70.0 bhp,113Nm@ 4000rpm,5.0,271000
Hyundai Verna,Hyundai,Verna,4,72000,Dealer,  Diesel ,Manual,24.0 kmpl,1396 CC,88.76 bhp,113Nm@ 4000rpm,5.0,698000
BMW 5,BMW,5,6,65000,Dealer,Diesel,Automatic,18.12 kmpl,1995 CC,190.0 bhp,170Nm@ 1800-2400rpm,5.0,2300000
BMW 6,BMW,6,8,24000,  Dealer ,Diesel,Automatic,,2993 CC,313.0 bhp,,4.0,4000000
Maruti Swift,Maruti,Swift,4,64874,DEALER,Diesel,Manual,25.2 kmpl,1248 CC,74.0 bhp,"12.7@ 2,700(kgm@ rpm)",5.0,635000
Ford Ecosport,Ford,Ecosport,5,57000,  Dealer ,Petrol,Manual,17.0 kmpl,1497 CC,121.36 bhp,113Nm@ 4000rpm,5.0,635000
Maruti Swift Dzire,Maruti,Swift Dzire,6,68393,Dealer,Diesel,Manual,26.59 kmpl,1248 CC,74.0 bhp,"12.7@ 2,700(kgm@ rpm)",5.0,650000
Honda Civic,Honda,Civic,2,1923,Dealer,Petrol,Automatic,16.5 kmpl,1799 CC,139.46 bhp,91Nm@ 3500rpm,5.0,2200000
Audi A4,Audi,A4,9,68370,Dealer,Diesel,Automatic,17.11 kmpl,1968 CC,174.33 bhp,190Nm@ 2000rpm,5.0,1345000
Renault KWID,Renault,KWID,3,15235,dealer,PETROL,Manual,23.01 kmpl,999 CC,67.0 bhp,91Nm@ 3500rpm,5.0,410000
Toyota Innova,Toyota,Innova,5,90000,Individual,Diesel,Automatic,11.36 kmpl,2755 CC,171.5 bhp,24@ 1900(kgm@ rpm),7.0,1775000
Toyota Innova,Toyota,Innova,4,54000,dealer,Diesel,Manual,13.68 kmpl,2393 CC,147.8 bhp,113Nm@ 4000rpm,7.0,1450000
Honda City,Honda,City,6,50000,INDIVIDUAL,  Petrol ,Manual,17.4 kmpl,1497 CC,117.3 bhp,170Nm@ 1800-2400rpm,5.0,750000
Maruti Wagon R,Maruti,Wagon R,8,17568,Dealer,Petrol,Manual,18.9 kmpl,998 CC,67.1 bhp,"12.7@ 2,700(kgm@ rpm)",5.0,389000
Volkswagen Vento,Volkswagen,Vento,7,95000,  Dealer ,diesel,Manual,20.34 kmpl,1498 CC,103.2 bhp,200Nm@ 1750rpm,5.0,435000
Maruti Swift Dzire,Maruti,Swift Dzire,3,28229,  Dealer ,Diesel,Automatic,28.4 kmpl,1248 CC,74.02 bhp,170Nm@ 1800-2400rpm,5.0,799000
Honda Jazz,Honda,Jazz,6,31700,Dealer,PETROL,Automatic,19.0 kmpl,1199 CC,88.7 bhp,"12.7@ 2,700(kgm@ rpm)",5.0,610000
Maruti Wagon R,Maruti,Wagon R,9,60000,INDIVIDUAL,Petrol,Manual,18.9 kmpl,998 CC,67.1 bhp,91Nm@ 3500rpm,5.0,220000
Maruti Swift Dzire,Maruti,Swift Dzire,4,53154,Dealer,Petrol,Manual,17.5 kmpl,1298 CC,85.8 bhp,,5.0,725000
Maruti Swift,Maruti,Swift,8,70000,Individual,petrol,Manual,18.6 kmpl,1197 CC,85.8 bhp,200Nm@ 1750rpm,5.0,350000
Maruti Swift,Maruti,Swift,6,45000,Dealer,DIESEL,Manual,22.9 kmpl,1248 CC,74.0 bhp,113Nm@ 4000rpm,5.0,450000
Maruti Swift,Maruti,Swift,4,30000,Individual,petrol,Manual,22.0 kmpl,1197 CC,81.8 bhp,91Nm@ 3500rpm,5.0,520000
Ford Ecosport,Ford,Ecosport,4,35000,Individual,Diesel,Manual,23.0 kmpl,1498 CC,98.96 bhp,200Nm@ 1750rpm,5.0,800000
Mahindra Scorpio,Mahindra,Scorpio,4,51000,Individual,Diesel,Manual,15.4 kmpl,1997 CC,120.0 bhp,170Nm@ 1800-2400rpm,7.0,1200000
Toyota Innova,Toyota,Innova,3,68600,Dealer,  Diesel ,Manual,13.68 kmpl,2393 CC,147.51 bhp,200Nm@ 1750rpm,8.0,1721000
Hyundai Grand,Hyundai,Grand,4,19000,individual,Petrol,Manual,18.9 kmpl,1197 CC,82.0 bhp,200Nm@ 1750rpm,5.0,560000
Hyundai Grand,Hyundai,Grand,6,50000,Individual,PETROL,Manual,18.9 kmpl,1197 CC,82.0 bhp,200Nm@ 1750rpm,5.0,405000
Maruti Eeco,Maruti,Eeco,2,25000,Individual,Petrol,Manual,15.37 kmpl,1196 CC,73.0 bhp,24@ 1900(kgm@ rpm),5.0,370000
Hyundai Santro,Hyundai,Santro,13,81000,  Individual ,  Petrol ,Manual,17.92 kmpl,1086 CC,62.1 bhp,113Nm@ 4000rpm,5.0,125000
Maruti Swift Dzire,Maruti,Swift Dzire,7,115000,Individual,  Diesel ,Manual,,1248 CC,,250Nm@ 1500-2500rpm,5.0,521000
Maruti Baleno,Maruti,Baleno,3,12500,  Dealer ,Petrol,Manual,21.4 kmpl,,83.1 bhp,,5.0,581000
Audi A4,Audi,A4,11,70000,Dealer,  Petrol ,Automatic,10.8 kmpl,1984 CC,132.0 bhp,113Nm@ 4000rpm,5.0,1200000
Toyota Fortuner,Toyota,Fortuner,4,98000,Dealer,diesel,Automatic,15.04 kmpl,2755 CC,174.5 bhp,190Nm@ 2000rpm,7.0,2700000
Maruti Swift Dzire,Maruti,Swift Dzire,6,15000,Individual,Diesel,Manual,26.59 kmpl,1248 CC,74.0 bhp,170Nm@ 1800-2400rpm,5.0,600000
Maruti Wagon R,Maruti,Wagon R,14,30000,Individual,petrol,Manual,18.9 kmpl,,67.0 bhp,,5.0,70000
Hyundai Verna,Hyundai,Verna,9,61000,Dealer,DIESEL,Manual,22.32 kmpl,1582 CC,126.3 bhp,91Nm@ 3500rpm,5.0,420000
Maruti Celerio,Maruti,Celerio,5,24262,Dealer,PETROL,Automatic,23.1 kmpl,998 CC,67.04 bhp,250Nm@ 1500-2500rpm,5.0,460000
Hyundai i20,Hyundai,i20,3,25000,Individual,Petrol,Manual,18.6 kmpl,1197 CC,81.86 bhp,200Nm@ 1750rpm,5.0,535000
Hyundai Grand,Hyundai,Grand,4,40000,dealer,  Petrol ,Manual,18.9 kmpl,1197 CC,82.0 bhp,91Nm@ 3500rpm,5.0,525000
Maruti Alto,Maruti,Alto,5,25000,individual,Petrol,Manual,23.95 kmpl,998 CC,67.05 bhp,250Nm@ 1500-2500rpm,,350000
Maruti Swift Dzire,Maruti,Swift Dzire,7,70123,dealer,Petrol,Manual,19.1 kmpl,1197 CC,85.8 bhp,113Nm@ 4000rpm,5.0,445000
Maruti Alto,Maruti,Alto,12,60000,INDIVIDUAL,PETROL,Manual,19.7 kmpl,796 CC,46.3 bhp,113Nm@ 4000rpm,5.0,106000
Maruti Vitara,Maruti,Vitara,3,40000,Individual,Diesel,Manual,24.3 kmpl,1248 CC,88.5 bhp,200Nm@ 1750rpm,5.0,800000
Honda Amaze,Honda,Amaze,6,37000,Dealer,Petrol,Manual,18.0 kmpl,1198 CC,86.7 bhp,91Nm@ 3500rpm,5.0,475000
MG Hector,MG,Hector,2,20000,Dealer,Diesel,Manual,17.41 kmpl,1956 CC,167.68 bhp,200Nm@ 1750rpm,5.0,1750000
Honda City,Honda,City,7,57000,DEALER,Petrol,Manual,17.8 kmpl,1497 CC,117.3 bhp,"12.7@ 2,700(kgm@ rpm)",5.0,620000
Hyundai Grand,Hyundai,Grand,3,10000,Individual,petrol,Manual,18.9 kmpl,1197 CC,81.86 bhp,24@ 1900(kgm@ rpm),5.0,555000
Tata Tiago,Tata,Tiago,2,15000,Individual,PETROL,Manual,23.84 kmpl,1199 CC,83.83 bhp,91Nm@ 3500rpm,5.0,530000
Hyundai Creta,Hyundai,Creta,4,40000,Dealer,petrol,Manual,15.29 kmpl,1591 CC,121.3 bhp,113Nm@ 4000rpm,5.0,970000
Renault KWID,Renault,KWID,4,35914,Dealer,  Petrol ,Manual,,999 CC,67.0 bhp,190Nm@ 2000rpm,,380000
Maruti Vitara,Maruti,Vitara,3,29000,Dealer,Diesel,Automatic,24.3 kmpl,1248 CC,88.5 bhp,"12.7@ 2,700(kgm@ rpm)",5.0,895000
Honda Amaze,Honda,Amaze,5,18800,individual,  Petrol ,Manual,18.0 kmpl,1198 CC,86.7 bhp,250Nm@ 1500-2500rpm,5.0,450000
Mahindra Bolero,Mahindra,Bolero,9,120000,Individual,Diesel,Manual,,2523 CC,62.1 bhp,113Nm@ 4000rpm,7.0,460000
Maruti Wagon R,Maruti,Wagon R,4,38000,Dealer,petrol,Manual,20.51 kmpl,998 CC,67.04 bhp,250Nm@ 1500-2500rpm,5.0,425000
Maruti Ertiga,Maruti,Ertiga,8,50000,DEALER,diesel,Manual,24.2 kmpl,1498 CC,93.87 bhp,170Nm@ 1800-2400rpm,7.0,550000
Hyundai Grand,Hyundai,Grand,4,37850,DEALER,petrol,Manual,18.9 kmpl,1197 CC,81.86 bhp,113Nm@ 4000rpm,5.0,568000
Hyundai i20,Hyundai,i20,6,190000,Individual,Diesel,Manual,22.54 kmpl,1396 CC,88.73 bhp,"12.7@ 2,700(kgm@ rpm)",5.0,525000
Honda Amaze,Honda,Amaze,6,42380,Dealer,  Diesel ,Manual,25.8 kmpl,1498 CC,98.6 bhp,200Nm@ 1750rpm,5.0,359000
Hyundai Verna,Hyundai,Verna,6,60000,INDIVIDUAL,Diesel,Manual,24.8 kmpl,1396 CC,,91Nm@ 3500rpm,5.0,600000
Maruti Swift,Maruti,Swift,9,140000,  Individual ,Diesel,Manual,22.9 kmpl,1248 CC,74.0 bhp,170Nm@ 1800-2400rpm,5.0,340000
Jeep Compass,Jeep,Compass,3,50000,INDIVIDUAL,Diesel,Manual,17.1 kmpl,1956 CC,170.0 bhp,190Nm@ 2000rpm,5.0,1500000
Ford Ecosport,Ford,Ecosport,3,54400,Dealer,DIESEL,Manual,21.7 kmpl,1498 CC,98.96 bhp,91Nm@ 3500rpm,5.0,870000
Maruti Wagon R,Maruti,Wagon R,9,43000,Dealer,petrol,Manual,21.79 kmpl,998 CC,67.05 bhp,170Nm@ 1800-2400rpm,5.0,245000
Maruti Vitara,Maruti,Vitara,5,47000,  Individual ,Diesel,Manual,24.3 kmpl,1248 CC,88.5 bhp,113Nm@ 4000rpm,5.0,870000
Maruti Swift,Maruti,Swift,11,87000,Individual,Diesel,Manual,17.8 kmpl,1248 CC,75.0 bhp,200Nm@ 1750rpm,5.0,205000
Ford Figo,Ford,Figo,5,35000,Dealer,Petrol,Manual,,1196 CC,86.8 bhp,190Nm@ 2000rpm,5.0,595000
Mahindra Bolero,Mahindra,Bolero,6,120000,INDIVIDUAL,Diesel,Manual,15.96 kmpl,2523 CC,63.0 bhp,91Nm@ 3500rpm,9.0,473000
Tata Hexa,Tata,Hexa,4,53000,DEALER,Diesel,Automatic,17.6 kmpl,2179 CC,153.86 bhp,91Nm@ 3500rpm,7.0,1050000
Honda City,Honda,City,5,70000,individual,Petrol,Manual,17.8 kmpl,1497 CC,117.3 bhp,113Nm@ 4000rpm,5.0,715000
Maruti Swift,Maruti,Swift,3,7000,dealer,Petrol,Manual,22.0 kmpl,,81.8 bhp,,5.0,610000
Mahindra XUV300,Mahindra,XUV300,2,13921,Dealer,Petrol,Manual,17.0 kmpl,1197 CC,108.6 bhp,190Nm@ 2000rpm,5.0,975000
Ford Ecosport,Ford,Ecosport,5,78000,dealer,diesel,Manual,22.77 kmpl,1498 CC,98.59 bhp,250Nm@ 1500-2500rpm,5.0,715000
Maruti Ciaz,Maruti,Ciaz,5,58400,  Individual ,DIESEL,Manual,28.09 kmpl,1248 CC,88.5 bhp,200Nm@ 1750rpm,5.0,728000
Hyundai i20,Hyundai,i20,3,25000,DEALER,PETROL,Manual,18.6 kmpl,1197 CC,81.86 bhp,200Nm@ 1750rpm,5.0,600000
Maruti Alto,Maruti,Alto,2,22987,Trustmark Dealer,Petrol,Manual,24.7 kmpl,796 CC,47.3 bhp,190Nm@ 2000rpm,5.0,335000
Honda Jazz,Honda,Jazz,3,14000,DEALER,Petrol,Automatic,19.0 kmpl,1199 CC,88.7 bhp,91Nm@ 3500rpm,5.0,775000
Ford Ecosport,Ford,Ecosport,7,13000,Dealer,petrol,Manual,15.8 kmpl,1499 CC,110.0 bhp,"12.7@ 2,700(kgm@ rpm)",5.0,620000
Volkswagen Polo,Volkswagen,Polo,6,44070,dealer,Petrol,Automatic,17.2 kmpl,1197 CC,103.6 bhp,200Nm@ 1750rpm,5.0,725000
BMW X1,BMW,X1,4,22000,INDIVIDUAL,Diesel,Automatic,20.68 kmpl,1995 CC,188.0 bhp,170Nm@ 1800-2400rpm,5.0,2500000
Tata Tigor,Tata,Tigor,4,25000,individual,Diesel,Manual,24.7 kmpl,,69.0 bhp,,5.0,550000
Hyundai Verna,Hyundai,Verna,8,90000,INDIVIDUAL,  Diesel ,Manual,23.5 kmpl,1396 CC,88.7 bhp,200Nm@ 1750rpm,5.0,300000
Hyundai Creta,Hyundai,Creta,2,40000,Individual,DIESEL,Manual,20.5 kmpl,1582 CC,126.2 bhp,113Nm@ 4000rpm,,1500000
Toyota Innova,Toyota,Innova,9,75000,Dealer,Diesel,Manual,12.99 kmpl,2494 CC,,113Nm@ 4000rpm,,830000
Hyundai i20,Hyundai,i20,9,63872,DEALER,PETROL,Manual,18.5 kmpl,1197 CC,80.0 bhp,170Nm@ 1800-2400rpm,5.0,350000
Volkswagen Vento,Volkswagen,Vento,2,2700,DEALER,Petrol,Automatic,14.4 kmpl,1598 CC,103.6 bhp,113Nm@ 4000rpm,5.0,1000000
Maruti Swift Dzire,Maruti,Swift Dzire,6,150000,individual,Diesel,Manual,26.59 kmpl,1248 CC,74.0 bhp,"12.7@ 2,700(kgm@ rpm)",5.0,330000
Mahindra Bolero,Mahindra,Bolero,6,78028,Dealer,DIESEL,Manual,15.96 kmpl,2523 CC,62.1 bhp,200Nm@ 1750rpm,7.0,635000
Hyundai i20,Hyundai,i20,8,64321,TRUSTMARK DEALER,PETROL,Manual,18.5 kmpl,1197 CC,82.85 bhp,,5.0,430000
Maruti Vitara,Maruti,Vitara,4,54452,Dealer,DIESEL,Manual,24.3 kmpl,1248 CC,88.5 bhp,170Nm@ 1800-2400rpm,5.0,850000
Maruti Alto,Maruti,Alto,9,25000,Individual,Petrol,Manual,20.92 kmpl,998 CC,67.1 bhp,250Nm@ 1500-2500rpm,5.0,200000
Hyundai i20,Hyundai,i20,7,100000,individual,Diesel,Manual,21.9 kmpl,1396 CC,88.76 bhp,190Nm@ 2000rpm,5.0,450000
Hyundai Verna,Hyundai,Verna,9,85000,DEALER,DIESEL,Manual,22.32 kmpl,1582 CC,126.32 bhp,200Nm@ 1750rpm,5.0,450000
Maruti Swift Dzire,Maruti,Swift Dzire,4,70000,Individual,  Diesel ,Manual,28.4 kmpl,1248 CC,74.02 bhp,250Nm@ 1500-2500rpm,5.0,648000
Maruti Alto,Maruti,Alto,15,100785,Individual,petrol,Manual,19.7 kmpl,796 CC,46.3 bhp,200Nm@ 1750rpm,5.0,65000
Maruti Wagon R,Maruti,Wagon R,9,60000,INDIVIDUAL,cng,Manual,26.2 km/kg,998 CC,58.2 bhp,91Nm@ 3500rpm,,215000
Honda Amaze,Honda,Amaze,5,35118,DEALER,PETROL,Manual,17.8 kmpl,1198 CC,86.7 bhp,91Nm@ 3500rpm,5.0,475000
Maruti Vitara,Maruti,Vitara,4,40000,Dealer,Diesel,Manual,24.3 kmpl,1248 CC,88.5 bhp,24@ 1900(kgm@ rpm),5.0,825000
Honda City,Honda,City,2,20000,Dealer,Petrol,Manual,17.4 kmpl,1497 CC,117.6 bhp,200Nm@ 1750rpm,5.0,1075000
Maruti Swift Dzire,Maruti,Swift Dzire,5,100000,INDIVIDUAL,Diesel,Manual,26.59 kmpl,1248 CC,74.0 bhp,113Nm@ 4000rpm,5.0,450000
MG Hector,MG,Hector,2,4000,dealer,  Petrol ,Automatic,13.96 kmpl,1451 CC,141.0 bhp,250Nm@ 1500-2500rpm,5.0,1875000
BMW 5,BMW,5,3,30660,Dealer,Diesel,Automatic,22.48 kmpl,1995 CC,187.74 bhp,170Nm@ 1800-2400rpm,5.0,5595000
Maruti Swift,Maruti,Swift,3,25000,individual,Petrol,Manual,22.0 kmpl,,81.8 bhp,,5.0,550000
Hyundai Verna,Hyundai,Verna,7,68000,dealer,Diesel,Automatic,19.08 kmpl,1582 CC,126.32 bhp,170Nm@ 1800-2400rpm,5.0,690000
Datsun GO,Datsun,GO,6,73000,Dealer,Petrol,Manual,20.63 kmpl,1198 CC,67.0 bhp,113Nm@ 4000rpm,5.0,350000
Maruti Swift,Maruti,Swift,11,92182,Dealer,Diesel,Manual,17.8 kmpl,1248 CC,75.0 bhp,170Nm@ 1800-2400rpm,5.0,295000
Maruti Swift,Maruti,Swift,15,127000,  Dealer ,petrol,Manual,16.1 kmpl,1197 CC,85.0 bhp,"12.7@ 2,700(kgm@ rpm)",5.0,145000
Hyundai Verna,Hyundai,Verna,12,110000,  Individual ,diesel,Manual,18.1 kmpl,1493 CC,110.0 bhp,24@ 1900(kgm@ rpm),5.0,350000
Ford Ecosport,Ford,Ecosport,2,40000,individual,Diesel,Manual,23.0 kmpl,1498 CC,98.96 bhp,24@ 1900(kgm@ rpm),5.0,1100000
Volkswagen Polo,Volkswagen,Polo,8,55000,Dealer,Petrol,Automatic,17.2 kmpl,1197 CC,103.6 bhp,,5.0,660000
Mahindra XUV500,Mahindra,XUV500,7,76000,Individual,diesel,Manual,15.1 kmpl,2179 CC,140.0 bhp,91Nm@ 3500rpm,7.0,690000
BMW 5,BMW,5,5,48530,  Dealer ,Diesel,Automatic,18.12 kmpl,1995 CC,190.0 bhp,24@ 1900(kgm@ rpm),5.0,3375000
Tata Safari,Tata,Safari,9,100000,Individual,diesel,Manual,13.93 kmpl,2179 CC,138.1 bhp,"12.7@ 2,700(kgm@ rpm)",7.0,400000
Toyota Fortuner,Toyota,Fortuner,9,104446,Dealer,diesel,Manual,12.55 kmpl,2982 CC,168.5 bhp,24@ 1900(kgm@ rpm),7.0,1340000
Volkswagen Vento,Volkswagen,Vento,9,120000,Individual,  Diesel ,Manual,20.54 kmpl,1598 CC,103.6 bhp,190Nm@ 2000rpm,5.0,375000
Maruti Ertiga,Maruti,Ertiga,8,42406,dealer,Diesel,Manual,20.77 kmpl,1248 CC,88.76 bhp,190Nm@ 2000rpm,7.0,625000
BMW X5,BMW,X5,11,95000,Dealer,Diesel,Automatic,11.7 kmpl,2993 CC,245.0 bhp,,5.0,1899000
Renault KWID,Renault,KWID,5,37250,Dealer,  Petrol ,Manual,25.17 kmpl,799 CC,53.3 bhp,170Nm@ 1800-2400rpm,5.0,325000
Honda Jazz,Honda,Jazz,6,19567,Dealer,  Petrol ,Manual,18.7 kmpl,1199 CC,88.7 bhp,170Nm@ 1800-2400rpm,5.0,575000
BMW 3,BMW,3,4,16300,Individual,petrol,Automatic,17.61 kmpl,1998 CC,184.0 bhp,"12.7@ 2,700(kgm@ rpm)",5.0,2950000
Honda City,Honda,City,11,54000,Dealer,Petrol,Manual,17.4 kmpl,1497 CC,117.3 bhp,170Nm@ 1800-2400rpm,5.0,375000
Renault Duster,Renault,Duster,5,120000,Individual,Diesel,Manual,19.6 kmpl,1461 CC,108.45 bhp,250Nm@ 1500-2500rpm,5.0,700000
BMW 3,BMW,3,8,87000,Dealer,Diesel,Automatic,18.88 kmpl,1995 CC,184.0 bhp,200Nm@ 1750rpm,5.0,1175000
Maruti Swift,Maruti,Swift,3,35759,  Dealer ,Petrol,Automatic,22.0 kmpl,1197 CC,,,5.0,595000
Hyundai i20,Hyundai,i20,3,20000,  Dealer ,Petrol,Automatic,17.4 kmpl,1197 CC,81.86 bhp,113Nm@ 4000rpm,5.0,795000
Renault KWID,Renault,KWID,3,30000,Individual,  Petrol ,Manual,25.17 kmpl,799 CC,53.3 bhp,113Nm@ 4000rpm,5.0,350000
Hyundai Verna,Hyundai,Verna,8,59867,Dealer,Diesel,Manual,22.32 kmpl,1582 CC,126.32 bhp,200Nm@ 1750rpm,5.0,450000
Maruti Wagon R,Maruti,Wagon R,14,53000,Individual,Petrol,Manual,18.9 kmpl,1061 CC,67.0 bhp,113Nm@ 4000rpm,5.0,121000
Volkswagen Polo,Volkswagen,Polo,6,65869,DEALER,petrol,Manual,16.2 kmpl,1199 CC,74.0 bhp,170Nm@ 1800-2400rpm,5.0,465000
Maruti Ertiga,Maruti,Ertiga,4,35000,Individual,DIESEL,Manual,24.52 kmpl,1248 CC,88.5 bhp,"12.7@ 2,700(kgm@ rpm)",7.0,950000
Toyota Fortuner,Toyota,Fortuner,9,102000,  Dealer ,DIESEL,Manual,12.55 kmpl,2982 CC,168.5 bhp,190Nm@ 2000rpm,7.0,880000
Hyundai i20,Hyundai,i20,5,38900,  Individual ,PETROL,Manual,18.6 kmpl,1197 CC,81.83 bhp,190Nm@ 2000rpm,5.0,580000
Hyundai Tucson,Hyundai,Tucson,4,70000,Individual,diesel,Manual,,1995 CC,182.46 bhp,200Nm@ 1750rpm,5.0,1700000
Maruti Swift,Maruti,Swift,10,54688,DEALER,Petrol,Manual,16.1 kmpl,1197 CC,85.0 bhp,190Nm@ 2000rpm,5.0,300000
Ford Ecosport,Ford,Ecosport,4,39000,Dealer,  Diesel ,Manual,22.77 kmpl,1498 CC,98.59 bhp,200Nm@ 1750rpm,5.0,835000
Honda City,Honda,City,5,88000,Dealer,Petrol,Manual,,1497 CC,117.3 bhp,,5.0,680000
Skoda Rapid,Skoda,Rapid,6,32000,Individual,DIESEL,Manual,21.14 kmpl,1498 CC,,"12.7@ 2,700(kgm@ rpm)",5.0,450000
Hyundai i20,Hyundai,i20,5,62000,Dealer,  Petrol ,Manual,17.0 kmpl,1197 CC,80.0 bhp,"12.7@ 2,700(kgm@ rpm)",5.0,545000
Mahindra Scorpio,Mahindra,Scorpio,15,120000,Individual,Diesel,Manual,12.7 kmpl,2609 CC,116.6 bhp,113Nm@ 4000rpm,8.0,300000
Maruti Swift,Maruti,Swift,1,1332,Dealer,Petrol,Manual,21.21 kmpl,1197 CC,,170Nm@ 1800-2400rpm,5.0,625000
Ford Figo,Ford,Figo,8,51000,Dealer,DIESEL,Manual,,1399 CC,68.0 bhp,250Nm@ 1500-2500rpm,5.0,345000
Maruti Swift Dzire,Maruti,Swift Dzire,6,63000,Dealer,  Diesel ,Manual,19.3 kmpl,1248 CC,73.9 bhp,,5.0,490000
Hyundai Santro,Hyundai,Santro,1,9668,TRUSTMARK DEALER,  CNG ,Manual,30.48 km/kg,1086 CC,58.0 bhp,250Nm@ 1500-2500rpm,5.0,540000
Maruti Ciaz,Maruti,Ciaz,4,60000,Dealer,PETROL,Automatic,19.12 kmpl,1373 CC,91.1 bhp,"12.7@ 2,700(kgm@ rpm)",5.0,715000
Mahindra Scorpio,Mahindra,Scorpio,4,50000,  Individual ,Diesel,Manual,15.4 kmpl,1997 CC,120.0 bhp,24@ 1900(kgm@ rpm),7.0,970000
Toyota Innova,Toyota,Innova,3,65000,DEALER,Diesel,Manual,13.68 kmpl,2393 CC,147.51 bhp,91Nm@ 3500rpm,7.0,1950000
Maruti Swift Dzire,Maruti,Swift Dzire,9,50000,INDIVIDUAL,Petrol,Manual,20.85 kmpl,1197 CC,83.14 bhp,250Nm@ 1500-2500rpm,5.0,400000
Maruti Alto,Maruti,Alto,3,40000,Individual,Petrol,Manual,23.95 kmpl,998 CC,67.05 bhp,200Nm@ 1750rpm,5.0,350000
Toyota Innova,Toyota,Innova,3,58000,DEALER,Diesel,Manual,13.68 kmpl,2393 CC,147.51 bhp,113Nm@ 4000rpm,7.0,1750000
Volkswagen Polo,Volkswagen,Polo,5,76574,Dealer,diesel,Manual,22.07 kmpl,1199 CC,73.9 bhp,250Nm@ 1500-2500rpm,5.0,650000
Maruti Swift Dzire,Maruti,Swift Dzire,3,22000,dealer,Petrol,Automatic,21.21 kmpl,1197 CC,81.8 bhp,190Nm@ 2000rpm,5.0,795000
Maruti Ertiga,Maruti,Ertiga,5,56000,individual,Diesel,Manual,24.52 kmpl,1248 CC,88.5 bhp,24@ 1900(kgm@ rpm),7.0,975000
Toyota Innova,Toyota,Innova,5,108000,Dealer,DIESEL,Manual,12.99 kmpl,2494 CC,100.6 bhp,190Nm@ 2000rpm,7.0,1125000
Maruti Alto,Maruti,Alto,7,60000,dealer,petrol,Manual,,796 CC,47.3 bhp,190Nm@ 2000rpm,5.0,265000
Mahindra XUV500,Mahindra,XUV500,6,65000,dealer,Diesel,Manual,15.1 kmpl,,140.0 bhp,,7.0,1050000
Maruti Ciaz,Maruti,Ciaz,2,9000,DEALER,DIESEL,Manual,26.32 kmpl,1498 CC,93.87 bhp,113Nm@ 4000rpm,5.0,925000
Honda WR-V,Honda,WR-V,3,11000,DEALER,Diesel,Manual,25.5 kmpl,1498 CC,98.6 bhp,113Nm@ 4000rpm,5.0,825000
Skoda Octavia,Skoda,Octavia,6,39900,  Dealer ,Petrol,Automatic,14.7 kmpl,1798 CC,177.5 bhp,200Nm@ 1750rpm,5.0,935000
Hyundai Creta,Hyundai,Creta,3,8400,Individual,DIESEL,Manual,22.1 kmpl,1396 CC,88.7 bhp,200Nm@ 1750rpm,5.0,1050000
Ford Ecosport,Ford,Ecosport,3,60000,  Individual ,Diesel,Manual,23.0 kmpl,1498 CC,98.96 bhp,200Nm@ 1750rpm,5.0,990000
Mercedes-Benz GL-Class,Mercedes-Benz,GL-Class,7,87000,Dealer,Diesel,Automatic,11.3 kmpl,2987 CC,254.8 bhp,170Nm@ 1800-2400rpm,7.0,3500000
Audi A4,Audi,A4,10,69000,dealer,DIESEL,Automatic,17.11 kmpl,1968 CC,174.33 bhp,200Nm@ 1750rpm,5.0,925000
Honda City,Honda,City,1,4600,Dealer,PETROL,Manual,17.8 kmpl,1498 CC,119.35 bhp,113Nm@ 4000rpm,5.0,1175000
Maruti Wagon R,Maruti,Wagon R,8,58000,DEALER,PETROL,Manual,20.51 kmpl,998 CC,67.04 bhp,113Nm@ 4000rpm,5.0,320000
Honda Amaze,Honda,Amaze,4,100000,INDIVIDUAL,Diesel,Manual,25.8 kmpl,1498 CC,,170Nm@ 1800-2400rpm,5.0,410000
Hyundai Creta,Hyundai,Creta,5,55000,DEALER,Diesel,Manual,19.67 kmpl,1582 CC,126.2 bhp,170Nm@ 1800-2400rpm,5.0,1115000
Mahindra XUV500,Mahindra,XUV500,6,135884,Dealer,Diesel,Manual,16.0 kmpl,2179 CC,140.0 bhp,200Nm@ 1750rpm,7.0,950000
Maruti Swift,Maruti,Swift,6,21000,Dealer,Petrol,Manual,21.21 kmpl,1197 CC,81.8 bhp,"12.7@ 2,700(kgm@ rpm)",5.0,499000
Hyundai i20,Hyundai,i20,5,40000,Individual,Petrol,Manual,18.6 kmpl,1197 CC,81.83 bhp,24@ 1900(kgm@ rpm),5.0,560000
Maruti Swift Dzire,Maruti,Swift Dzire,11,50000,Individual,Diesel,Manual,19.3 kmpl,1248 CC,73.9 bhp,"12.7@ 2,700(kgm@ rpm)",5.0,300000
Audi A4,Audi,A4,7,65000,Dealer,Diesel,Automatic,17.11 kmpl,1968 CC,174.33 bhp,24@ 1900(kgm@ rpm),5.0,1850000
Honda City,Honda,City,6,63000,dealer,  Diesel ,Manual,,1498 CC,98.6 bhp,250Nm@ 1500-2500rpm,5.0,575000
Maruti Alto,Maruti,Alto,4,70000,  Individual ,petrol,Manual,24.7 kmpl,796 CC,47.3 bhp,190Nm@ 2000rpm,5.0,270000
Mahindra Scorpio,Mahindra,Scorpio,7,70000,individual,Diesel,Manual,14.0 kmpl,2523 CC,,91Nm@ 3500rpm,7.0,650000
Maruti Wagon R,Maruti,Wagon R,12,77000,  Individual ,  Petrol ,Manual,18.9 kmpl,1061 CC,67.0 bhp,250Nm@ 1500-2500rpm,5.0,150000
Hyundai Santro,Hyundai,Santro,9,170000,Individual,CNG,Manual,11.88 km/kg,1086 CC,62.1 bhp,250Nm@ 1500-2500rpm,5.0,175000
Maruti Alto,Maruti,Alto,12,35000,dealer,PETROL,Manual,19.7 kmpl,796 CC,46.3 bhp,91Nm@ 3500rpm,5.0,225000
Maruti Alto,Maruti,Alto,10,57000,Dealer,CNG,Manual,26.83 km/kg,796 CC,38.4 bhp,91Nm@ 3500rpm,5.0,172000
Maruti Alto,Maruti,Alto,5,50000,Individual,petrol,Manual,22.74 kmpl,,47.3 bhp,,5.0,250000
Hyundai i20,Hyundai,i20,3,40000,Individual,Petrol,Manual,18.6 kmpl,1197 CC,81.83 bhp,91Nm@ 3500rpm,5.0,598000
Honda Amaze,Honda,Amaze,7,80000,Dealer,diesel,Manual,25.8 kmpl,1498 CC,98.6 bhp,"12.7@ 2,700(kgm@ rpm)",,375000
Maruti Wagon R,Maruti,Wagon R,6,17205,dealer,Petrol,Manual,20.51 kmpl,998 CC,67.04 bhp,"12.7@ 2,700(kgm@ rpm)",5.0,400000
Maruti Ciaz,Maruti,Ciaz,3,36000,DEALER,Petrol,Manual,20.73 kmpl,1373 CC,91.1 bhp,250Nm@ 1500-2500rpm,5.0,775000
Mahindra Thar,Mahindra,Thar,2,25000,Individual,Diesel,Manual,16.55 kmpl,2498 CC,105.0 bhp,113Nm@ 4000rpm,6.0,950000
BMW X4,BMW,X4,2,9850,Dealer,Diesel,Automatic,16.78 kmpl,1995 CC,190.0 bhp,113Nm@ 4000rpm,5.0,4960000
BMW 3,BMW,3,11,83001,Dealer,Diesel,Automatic,16.07 kmpl,,181.0 bhp,,5.0,1175000
Hyundai Verna,Hyundai,Verna,7,89000,Dealer,diesel,Manual,22.32 kmpl,1582 CC,126.32 bhp,200Nm@ 1750rpm,5.0,650000
Datsun RediGO,Datsun,RediGO,2,4646,Dealer,Petrol,Manual,22.7 kmpl,799 CC,53.64 bhp,113Nm@ 4000rpm,5.0,350000
Skoda Rapid,Skoda,Rapid,8,69000,Dealer,Petrol,Manual,15.0 kmpl,1598 CC,105.0 bhp,113Nm@ 4000rpm,5.0,325000
Datsun RediGO,Datsun,RediGO,4,27500,INDIVIDUAL,Petrol,Manual,,799 CC,53.64 bhp,250Nm@ 1500-2500rpm,5.0,206000
Honda City,Honda,City,4,55598,DEALER,diesel,Manual,25.6 kmpl,1498 CC,97.9 bhp,250Nm@ 1500-2500rpm,5.0,1051000
Volkswagen Vento,Volkswagen,Vento,6,50000,DEALER,PETROL,Automatic,18.19 kmpl,1197 CC,103.2 bhp,250Nm@ 1500-2500rpm,5.0,525000
Maruti Swift,Maruti,Swift,8,50000,Individual,petrol,Manual,18.6 kmpl,1197 CC,85.8 bhp,200Nm@ 1750rpm,5.0,370000
Maruti Alto,Maruti,Alto,2,10000,Individual,Petrol,Manual,23.95 kmpl,998 CC,67.1 bhp,"12.7@ 2,700(kgm@ rpm)",5.0,360000
BMW 6,BMW,6,1,5945,Dealer,Diesel,Automatic,17.09 kmpl,1995 CC,188.0 bhp,190Nm@ 2000rpm,4.0,5750000
Maruti Swift,Maruti,Swift,4,27876,  Dealer ,petrol,Manual,20.4 kmpl,1197 CC,81.8 bhp,91Nm@ 3500rpm,5.0,491000
Maruti Ertiga,Maruti,Ertiga,8,197000,individual,  Diesel ,Manual,20.77 kmpl,1248 CC,88.8 bhp,91Nm@ 3500rpm,7.0,660000
Mahindra KUV100,Mahindra,KUV100,3,80000,Individual,Diesel,Manual,25.32 kmpl,1198 CC,77.0 bhp,200Nm@ 1750rpm,6.0,450000
Maruti Swift Dzire,Maruti,Swift Dzire,12,76963,Individual,Petrol,Manual,,,85.8 bhp,,5.0,230000
Mercedes-Benz C-Class,Mercedes-Benz,C-Class,6,35000,Individual,petrol,Automatic,14.74 kmpl,1991 CC,181.04 bhp,"12.7@ 2,700(kgm@ rpm)",5.0,2100000
Maruti Vitara,Maruti,Vitara,4,35000,dealer,  Diesel ,Manual,24.3 kmpl,1248 CC,88.5 bhp,113Nm@ 4000rpm,5.0,810000
Toyota Innova,Toyota,Innova,6,82000,Dealer,Diesel,Manual,,2494 CC,100.6 bhp,190Nm@ 2000rpm,7.0,1299000
Maruti Wagon R,Maruti,Wagon R,9,37000,  Individual ,PETROL,Manual,,998 CC,67.1 bhp,200Nm@ 1750rpm,5.0,250000
Toyota Innova,Toyota,Innova,7,140000,DEALER,diesel,Manual,12.99 kmpl,2494 CC,100.6 bhp,200Nm@ 1750rpm,8.0,1100000
Maruti Alto,Maruti,Alto,12,70000,Individual,petrol,Manual,19.7 kmpl,796 CC,46.3 bhp,200Nm@ 1750rpm,5.0,130000
Maruti Alto,Maruti,Alto,6,57000,Dealer,Petrol,Manual,22.74 kmpl,796 CC,47.3 bhp,24@ 1900(kgm@ rpm),5.0,285000
Skoda Octavia,Skoda,Octavia,7,30000,Dealer,petrol,Automatic,14.7 kmpl,1798 CC,177.5 bhp,200Nm@ 1750rpm,5.0,945000
Hyundai Grand,Hyundai,Grand,3,9095,Dealer,  Petrol ,Manual,18.9 kmpl,1197 CC,81.86 bhp,,5.0,579000
Renault KWID,Renault,KWID,2,25000,Individual,petrol,Manual,25.17 kmpl,799 CC,53.3 bhp,"12.7@ 2,700(kgm@ rpm)",5.0,300000
Maruti Wagon R,Maruti,Wagon R,12,48192,dealer,petrol,Manual,18.9 kmpl,1061 CC,67.0 bhp,91Nm@ 3500rpm,5.0,200000
Honda City,Honda,City,5,56000,Dealer,Petrol,Manual,17.8 kmpl,1497 CC,117.3 bhp,170Nm@ 1800-2400rpm,5.0,660000
Maruti Celerio,Maruti,Celerio,3,18000,Individual,petrol,Manual,21.63 kmpl,998 CC,67.0 bhp,91Nm@ 3500rpm,5.0,460000
Hyundai Creta,Hyundai,Creta,5,46432,dealer,Petrol,Manual,15.8 kmpl,1591 CC,121.3 bhp,91Nm@ 3500rpm,5.0,945000
Maruti Alto,Maruti,Alto,6,30000,Individual,PETROL,Manual,23.95 kmpl,998 CC,67.1 bhp,200Nm@ 1750rpm,5.0,350000
Honda Amaze,Honda,Amaze,2,8345,Individual,  Petrol ,Automatic,19.0 kmpl,1199 CC,88.76 bhp,"12.7@ 2,700(kgm@ rpm)",5.0,750000
Hyundai Venue,Hyundai,Venue,1,10000,Dealer,Diesel,Manual,23.7 kmpl,1396 CC,88.7 bhp,,5.0,1039000
Toyota Glanza,Toyota,Glanza,2,10000,DEALER,Petrol,Manual,21.01 kmpl,1197 CC,81.8 bhp,200Nm@ 1750rpm,5.0,835000
Skoda Rapid,Skoda,Rapid,4,35000,  Dealer ,Petrol,Automatic,14.84 kmpl,,103.2 bhp,,5.0,795000
Hyundai Verna,Hyundai,Verna,3,20000,Individual,PETROL,Manual,17.0 kmpl,1591 CC,121.3 bhp,91Nm@ 3500rpm,5.0,990000
Toyota Fortuner,Toyota,Fortuner,2,32000,  Dealer ,DIESEL,Automatic,12.9 kmpl,2755 CC,174.5 bhp,200Nm@ 1750rpm,7.0,3300000
Skoda Rapid,Skoda,Rapid,9,85600,Dealer,Diesel,Manual,20.5 kmpl,1598 CC,103.5 bhp,190Nm@ 2000rpm,5.0,475000
Renault Duster,Renault,Duster,6,120000,  Individual ,Diesel,Manual,20.45 kmpl,1461 CC,83.8 bhp,24@ 1900(kgm@ rpm),5.0,600000
Honda Jazz,Honda,Jazz,5,40000,INDIVIDUAL,  Diesel ,Manual,27.3 kmpl,1498 CC,98.6 bhp,91Nm@ 3500rpm,5.0,680000
Maruti Swift,Maruti,Swift,3,25000,Dealer,Petrol,Automatic,22.0 kmpl,1197 CC,81.8 bhp,113Nm@ 4000rpm,5.0,645000
Hyundai i10,Hyundai,i10,9,37590,Dealer,Petrol,Automatic,16.95 kmpl,1197 CC,78.9 bhp,24@ 1900(kgm@ rpm),5.0,370000
Volkswagen Polo,Volkswagen,Polo,7,18520,Dealer,Petrol,Manual,,1199 CC,74.0 bhp,113Nm@ 4000rpm,5.0,465000
Datsun GO,Datsun,GO,2,30000,Individual,Petrol,Automatic,19.59 kmpl,1198 CC,76.43 bhp,"12.7@ 2,700(kgm@ rpm)",5.0,550000
Maruti Alto,Maruti,Alto,5,25000,Individual,Petrol,Manual,22.74 kmpl,796 CC,47.3 bhp,170Nm@ 1800-2400rpm,5.0,220000
BMW 5,BMW,5,7,44000,Dealer,  Diesel ,Automatic,18.12 kmpl,1995 CC,190.0 bhp,,5.0,2025000
Volkswagen Polo,Volkswagen,Polo,10,98000,Dealer,DIESEL,Manual,,1199 CC,73.9 bhp,113Nm@ 4000rpm,5.0,200000
Maruti Swift,Maruti,Swift,5,46852,Dealer,diesel,Manual,22.9 kmpl,1248 CC,74.0 bhp,200Nm@ 1750rpm,5.0,620000
Mahindra Bolero,Mahindra,Bolero,10,160000,individual,Diesel,Manual,13.6 kmpl,2523 CC,63.0 bhp,113Nm@ 4000rpm,7.0,350000
Maruti Swift Dzire,Maruti,Swift Dzire,7,90000,Individual,diesel,Manual,23.4 kmpl,1248 CC,74.0 bhp,190Nm@ 2000rpm,5.0,465000
Maruti Ertiga,Maruti,Ertiga,7,79000,dealer,Diesel,Manual,20.77 kmpl,1248 CC,88.8 bhp,190Nm@ 2000rpm,7.0,610000
Datsun GO,Datsun,GO,6,70000,individual,PETROL,Manual,19.44 kmpl,1198 CC,,190Nm@ 2000rpm,7.0,350000
BMW 3,BMW,3,6,74898,Dealer,  Diesel ,Automatic,18.88 kmpl,1995 CC,184.0 bhp,250Nm@ 1500-2500rpm,5.0,1600000
Maruti Swift Dzire,Maruti,Swift Dzire,6,87194,Dealer,Diesel,Manual,28.4 kmpl,1248 CC,74.02 bhp,190Nm@ 2000rpm,5.0,575000
Maruti Alto,Maruti,Alto,10,70000,Individual,PETROL,Manual,20.92 kmpl,998 CC,67.1 bhp,91Nm@ 3500rpm,5.0,150000
Hyundai Elantra,Hyundai,Elantra,6,68486,  Dealer ,Petrol,Automatic,14.5 kmpl,1797 CC,147.5 bhp,200Nm@ 1750rpm,5.0,760000
Maruti Swift,Maruti,Swift,8,34553,dealer,Petrol,Manual,22.0 kmpl,1197 CC,81.8 bhp,24@ 1900(kgm@ rpm),5.0,375000
Mahindra Bolero,Mahindra,Bolero,5,64172,dealer,  Diesel ,Manual,16.5 kmpl,1493 CC,70.0 bhp,250Nm@ 1500-2500rpm,7.0,690000
Renault Duster,Renault,Duster,7,150000,  Individual ,Diesel,Manual,19.01 kmpl,1461 CC,108.45 bhp,170Nm@ 1800-2400rpm,5.0,485000
Maruti Alto,Maruti,Alto,7,35000,Individual,Petrol,Manual,22.74 kmpl,796 CC,47.3 bhp,"12.7@ 2,700(kgm@ rpm)",5.0,250000
Maruti Eeco,Maruti,Eeco,11,106000,Dealer,cng,Manual,20.88 km/kg,1196 CC,61.7 bhp,250Nm@ 1500-2500rpm,5.0,230000
Maruti Vitara,Maruti,Vitara,2,19910,Dealer,Diesel,Automatic,24.3 kmpl,1248 CC,88.5 bhp,24@ 1900(kgm@ rpm),5.0,1050000
Maruti Swift,Maruti,Swift,5,50000,Individual,  Diesel ,Manual,25.2 kmpl,1248 CC,74.0 bhp,190Nm@ 2000rpm,5.0,520000
Maruti Baleno,Maruti,Baleno,4,57000,Dealer,Diesel,Manual,27.39 kmpl,1248 CC,74.0 bhp,170Nm@ 1800-2400rpm,5.0,685000
Maruti Swift,Maruti,Swift,8,78000,  Individual ,Diesel,Manual,22.9 kmpl,1248 CC,74.0 bhp,91Nm@ 3500rpm,5.0,427000
Maruti Alto,Maruti,Alto,8,55000,individual,Petrol,Manual,22.74 kmpl,796 CC,47.3 bhp,24@ 1900(kgm@ rpm),5.0,230000
Mahindra XUV500,Mahindra,XUV500,5,80000,INDIVIDUAL,Diesel,Manual,16.0 kmpl,2179 CC,140.0 bhp,250Nm@ 1500-2500rpm,7.0,1090000
Hyundai Creta,Hyundai,Creta,3,39000,dealer,Petrol,Automatic,,1591 CC,121.3 bhp,170Nm@ 1800-2400rpm,5.0,1250000
Hyundai i20,Hyundai,i20,6,50000,individual,Diesel,Manual,21.19 kmpl,1396 CC,88.73 bhp,170Nm@ 1800-2400rpm,5.0,590000
Toyota Innova,Toyota,Innova,5,119000,Dealer,DIESEL,Manual,,2393 CC,147.8 bhp,170Nm@ 1800-2400rpm,7.0,1400000
Mahindra Scorpio,Mahindra,Scorpio,4,68500,Dealer,  Diesel ,Manual,15.4 kmpl,2179 CC,120.0 bhp,113Nm@ 4000rpm,7.0,1270000
Maruti Celerio,Maruti,Celerio,3,39472,Dealer,Petrol,Automatic,21.63 kmpl,998 CC,67.04 bhp,"12.7@ 2,700(kgm@ rpm)",5.0,464000
Ford Aspire,Ford,Aspire,3,5000,Individual,Petrol,Manual,18.16 kmpl,1196 CC,86.8 bhp,250Nm@ 1500-2500rpm,5.0,680000
Hyundai i20,Hyundai,i20,1,15000,Individual,Petrol,Manual,20.35 kmpl,1197 CC,81.86 bhp,200Nm@ 1750rpm,5.0,670000
Maruti Baleno,Maruti,Baleno,3,60000,Individual,Petrol,Manual,21.4 kmpl,1197 CC,,24@ 1900(kgm@ rpm),,710000
Maruti Ciaz,Maruti,Ciaz,4,26000,dealer,petrol,Manual,20.73 kmpl,1373 CC,91.1 bhp,91Nm@ 3500rpm,5.0,775000
Hyundai Grand,Hyundai,Grand,4,12784,Dealer,Petrol,Automatic,18.9 kmpl,1197 CC,81.86 bhp,200Nm@ 1750rpm,5.0,610000
Mahindra XUV300,Mahindra,XUV300,1,4713,Trustmark Dealer,petrol,Manual,17.0 kmpl,1197 CC,110.0 bhp,91Nm@ 3500rpm,5.0,950000
Mahindra Scorpio,Mahindra,Scorpio,4,50000,Individual,Diesel,Manual,15.4 kmpl,2179 CC,120.0 bhp,200Nm@ 1750rpm,7.0,970000
Mahindra XUV500,Mahindra,XUV500,6,15000,INDIVIDUAL,Diesel,Manual,15.1 kmpl,2179 CC,140.0 bhp,200Nm@ 1750rpm,7.0,950000
Toyota Innova,Toyota,Innova,4,36000,Dealer,  Diesel ,Automatic,11.36 kmpl,2755 CC,171.5 bhp,250Nm@ 1500-2500rpm,7.0,1995000
Maruti Celerio,Maruti,Celerio,3,72000,DEALER,Petrol,Manual,21.63 kmpl,998 CC,67.04 bhp,24@ 1900(kgm@ rpm),5.0,470000
Hyundai i20,Hyundai,i20,4,70650,  Individual ,PETROL,Manual,18.6 kmpl,1197 CC,,250Nm@ 1500-2500rpm,5.0,600000
Mercedes-Benz S-Class,Mercedes-Benz,S-Class,6,56000,Dealer,diesel,Automatic,13.5 kmpl,2987 CC,254.79 bhp,91Nm@ 3500rpm,5.0,4500000
Datsun GO,Datsun,GO,4,50000,Individual,Petrol,Manual,20.63 kmpl,1198 CC,67.06 bhp,250Nm@ 1500-2500rpm,5.0,315000
Mahindra KUV100,Mahindra,KUV100,3,15000,Individual,Petrol,Manual,18.15 kmpl,1198 CC,,190Nm@ 2000rpm,6.0,450000
Hyundai Verna,Hyundai,Verna,5,28000,dealer,Petrol,Manual,17.01 kmpl,1591 CC,121.3 bhp,113Nm@ 4000rpm,,740000
Toyota Fortuner,Toyota,Fortuner,3,11000,Dealer,DIESEL,Manual,14.24 kmpl,2755 CC,174.5 bhp,91Nm@ 3500rpm,7.0,2925000
Mahindra XUV500,Mahindra,XUV500,2,5000,Individual,Diesel,Manual,15.1 kmpl,2179 CC,152.87 bhp,200Nm@ 1750rpm,7.0,1550000
Hyundai Creta,Hyundai,Creta,5,70000,INDIVIDUAL,Diesel,Manual,19.67 kmpl,1582 CC,126.2 bhp,"12.7@ 2,700(kgm@ rpm)",5.0,950000
Toyota Innova,Toyota,Innova,3,25000,DEALER,Diesel,Manual,13.68 kmpl,2393 CC,147.51 bhp,91Nm@ 3500rpm,8.0,1925000
Maruti Dzire ZXI,Maruti,Dzire ZXI,4,18767,Dealer,Petrol,Manual,23.26 kmpl,1197 CC,88.5 bhp,,5.0,760000
Hyundai i20,Hyundai,i20,6,79000,Individual,petrol,Manual,18.6 kmpl,1197 CC,81.83 bhp,91Nm@ 3500rpm,5.0,515000
Honda City,Honda,City,6,58058,Dealer,  Petrol ,Manual,17.4 kmpl,1497 CC,117.3 bhp,91Nm@ 3500rpm,5.0,500000
Maruti Ciaz,Maruti,Ciaz,6,49000,Dealer,diesel,Manual,28.09 kmpl,1248 CC,88.5 bhp,250Nm@ 1500-2500rpm,5.0,565000
Toyota Innova,Toyota,Innova,3,50000,INDIVIDUAL,  Diesel ,Manual,13.68 kmpl,2393 CC,147.8 bhp,91Nm@ 3500rpm,8.0,1500000
MG Hector,MG,Hector,2,11002,DEALER,Petrol,Automatic,13.96 kmpl,1451 CC,141.0 bhp,190Nm@ 2000rpm,5.0,1790000
Maruti Swift,Maruti,Swift,5,60000,Individual,Petrol,Manual,20.4 kmpl,1197 CC,,24@ 1900(kgm@ rpm),5.0,450000
Tata Tiago,Tata,Tiago,5,80000,Individual,Petrol,Manual,23.84 kmpl,1199 CC,84.0 bhp,91Nm@ 3500rpm,5.0,370000
Hyundai Grand,Hyundai,Grand,6,50000,INDIVIDUAL,Petrol,Manual,18.9 kmpl,1197 CC,82.0 bhp,,5.0,310000
Ford Ecosport,Ford,Ecosport,8,34000,DEALER,PETROL,Manual,18.88 kmpl,999 CC,123.37 bhp,"12.7@ 2,700(kgm@ rpm)",5.0,550000
Hyundai i10,Hyundai,i10,13,20000,Individual,PETROL,Manual,19.81 kmpl,1086 CC,68.05 bhp,170Nm@ 1800-2400rpm,5.0,230000
Renault KWID,Renault,KWID,2,10695,Dealer,Petrol,Manual,23.01 kmpl,999 CC,67.0 bhp,24@ 1900(kgm@ rpm),5.0,395000
Hyundai i10,Hyundai,i10,11,100000,Dealer,Petrol,Manual,20.36 kmpl,1197 CC,78.9 bhp,,5.0,170000
Maruti Vitara,Maruti,Vitara,3,64000,Individual,DIESEL,Manual,24.3 kmpl,1248 CC,88.5 bhp,250Nm@ 1500-2500rpm,5.0,790000
Honda WR-V,Honda,WR-V,4,20000,Individual,  Petrol ,Manual,17.5 kmpl,1199 CC,,24@ 1900(kgm@ rpm),,850000
Maruti Alto,Maruti,Alto,7,62488,TRUSTMARK DEALER,Petrol,Manual,20.92 kmpl,998 CC,67.1 bhp,190Nm@ 2000rpm,5.0,235000
Toyota Fortuner,Toyota,Fortuner,8,140305,Dealer,Diesel,Manual,11.5 kmpl,2982 CC,171.0 bhp,24@ 1900(kgm@ rpm),7.0,1375000
Mercedes-Benz C-Class,Mercedes-Benz,C-Class,10,59000,dealer,Petrol,Automatic,11.74 kmpl,1796 CC,186.0 bhp,91Nm@ 3500rpm,5.0,650000
Hyundai i20,Hyundai,i20,8,62000,Dealer,Diesel,Manual,21.9 kmpl,1396 CC,88.76 bhp,200Nm@ 1750rpm,5.0,435000
Maruti Celerio,Maruti,Celerio,5,50000,INDIVIDUAL,Petrol,Manual,23.1 kmpl,998 CC,67.04 bhp,250Nm@ 1500-2500rpm,5.0,400000
Toyota Fortuner,Toyota,Fortuner,4,91346,Dealer,Diesel,Automatic,15.04 kmpl,2755 CC,174.5 bhp,200Nm@ 1750rpm,7.0,2950000
Hyundai i20,Hyundai,i20,4,27000,DEALER,Petrol,Manual,17.19 kmpl,1197 CC,81.86 bhp,"12.7@ 2,700(kgm@ rpm)",5.0,595000
Toyota Fortuner,Toyota,Fortuner,2,590000,DEALER,Diesel,Manual,14.24 kmpl,2755 CC,174.5 bhp,"12.7@ 2,700(kgm@ rpm)",7.0,2850000
Volkswagen Polo,Volkswagen,Polo,4,10000,Individual,Petrol,Manual,16.2 kmpl,1199 CC,74.0 bhp,250Nm@ 1500-2500rpm,5.0,500000
Hyundai Verna,Hyundai,Verna,4,10000,INDIVIDUAL,PETROL,Manual,17.0 kmpl,,121.3 bhp,,5.0,1125000
Maruti Celerio,Maruti,Celerio,5,20675,Dealer,Petrol,Manual,23.1 kmpl,998 CC,67.04 bhp,113Nm@ 4000rpm,5.0,470000
Ford Ecosport,Ford,Ecosport,5,125000,Individual,Diesel,Manual,22.77 kmpl,1498 CC,98.59 bhp,113Nm@ 4000rpm,5.0,725000
Maruti Swift Dzire,Maruti,Swift Dzire,13,40578,Individual,Diesel,Manual,19.3 kmpl,1248 CC,73.9 bhp,91Nm@ 3500rpm,5.0,280000
Renault Duster,Renault,Duster,4,80000,Individual,Diesel,Manual,19.87 kmpl,1461 CC,83.8 bhp,170Nm@ 1800-2400rpm,5.0,730000
Renault KWID,Renault,KWID,5,21445,  Dealer ,Petrol,Manual,25.17 kmpl,799 CC,53.3 bhp,250Nm@ 1500-2500rpm,5.0,345000
Hyundai i20,Hyundai,i20,6,70000,Dealer,Diesel,Manual,22.54 kmpl,1396 CC,88.73 bhp,170Nm@ 1800-2400rpm,5.0,590000
Ford Figo,Ford,Figo,10,90000,Individual,Diesel,Manual,20.0 kmpl,1399 CC,68.0 bhp,,5.0,230000
Skoda Rapid,Skoda,Rapid,5,75000,Dealer,Diesel,Automatic,21.66 kmpl,1498 CC,103.52 bhp,113Nm@ 4000rpm,5.0,675000
Porsche Cayenne,Porsche,Cayenne,6,46500,Dealer,Diesel,Automatic,13.5 kmpl,2967 CC,240.0 bhp,250Nm@ 1500-2500rpm,5.0,6000000
Ford Ecosport,Ford,Ecosport,3,30000,Dealer,diesel,Manual,23.0 kmpl,1498 CC,98.96 bhp,250Nm@ 1500-2500rpm,5.0,950000
Maruti Vitara,Maruti,Vitara,5,80000,individual,Diesel,Manual,24.3 kmpl,1248 CC,88.5 bhp,190Nm@ 2000rpm,5.0,624000
Honda City,Honda,City,6,53000,Dealer,Petrol,Automatic,18.0 kmpl,1497 CC,117.3 bhp,91Nm@ 3500rpm,5.0,741000
Maruti Swift,Maruti,Swift,11,107600,dealer,Diesel,Manual,17.8 kmpl,1248 CC,75.0 bhp,113Nm@ 4000rpm,5.0,400000
Audi A4,Audi,A4,11,74000,Dealer,diesel,Automatic,17.11 kmpl,1968 CC,174.33 bhp,113Nm@ 4000rpm,5.0,1100000
Hyundai Grand,Hyundai,Grand,2,11000,Dealer,Petrol,Manual,18.9 kmpl,1197 CC,82.0 bhp,24@ 1900(kgm@ rpm),5.0,625000
Volkswagen Vento,Volkswagen,Vento,9,63000,Dealer,Diesel,Manual,20.54 kmpl,1598 CC,103.6 bhp,91Nm@ 3500rpm,5.0,375000
Maruti Swift Dzire,Maruti,Swift Dzire,5,40000,Individual,DIESEL,Manual,26.59 kmpl,1248 CC,74.0 bhp,190Nm@ 2000rpm,5.0,550000
Honda Amaze,Honda,Amaze,7,57432,Dealer,Petrol,Manual,,1198 CC,,91Nm@ 3500rpm,5.0,365000
Honda City,Honda,City,10,60000,Individual,Petrol,Manual,17.0 kmpl,1497 CC,118.0 bhp,190Nm@ 2000rpm,5.0,352000
Skoda Octavia,Skoda,Octavia,4,22000,Dealer,Petrol,Automatic,14.7 kmpl,1798 CC,177.5 bhp,250Nm@ 1500-2500rpm,5.0,1399000
Maruti Swift,Maruti,Swift,7,63699,Dealer,Petrol,Manual,21.21 kmpl,1197 CC,81.8 bhp,190Nm@ 2000rpm,5.0,355000
Tata Tiago,Tata,Tiago,3,25000,Individual,Petrol,Manual,23.84 kmpl,1199 CC,84.0 bhp,200Nm@ 1750rpm,5.0,450000
Volkswagen Vento,Volkswagen,Vento,10,160000,Individual,PETROL,Manual,15.8 kmpl,1598 CC,,170Nm@ 1800-2400rpm,5.0,225000
Hyundai Creta,Hyundai,Creta,2,19000,Dealer,Petrol,Manual,13.0 kmpl,1591 CC,121.3 bhp,200Nm@ 1750rpm,5.0,1075000
Maruti Dzire VXI,Maruti,Dzire VXI,8,30000,Dealer,Petrol,Automatic,24.12 kmpl,1197 CC,88.5 bhp,190Nm@ 2000rpm,5.0,475000
Hyundai Grand,Hyundai,Grand,8,32000,dealer,DIESEL,Manual,24.0 kmpl,,70.0 bhp,,5.0,365000
Mahindra XUV500,Mahindra,XUV500,7,66746,Dealer,Diesel,Manual,15.1 kmpl,2179 CC,140.0 bhp,200Nm@ 1750rpm,7.0,700000
Jaguar XF,Jaguar,XF,8,45000,Dealer,DIESEL,Automatic,14.74 kmpl,2993 CC,270.9 bhp,170Nm@ 1800-2400rpm,5.0,1450000
Ford Figo,Ford,Figo,10,110000,Individual,Diesel,Manual,20.0 kmpl,1399 CC,68.0 bhp,"12.7@ 2,700(kgm@ rpm)",5.0,200000
Maruti Vitara,Maruti,Vitara,5,68000,Dealer,Diesel,Manual,24.3 kmpl,1248 CC,88.5 bhp,24@ 1900(kgm@ rpm),5.0,660000
BMW 3,BMW,3,10,24000,Dealer,diesel,Automatic,16.07 kmpl,1995 CC,181.0 bhp,24@ 1900(kgm@ rpm),5.0,875000
Hyundai Grand,Hyundai,Grand,4,17500,Individual,PETROL,Manual,18.9 kmpl,1197 CC,81.86 bhp,"12.7@ 2,700(kgm@ rpm)",5.0,500000
Hyundai i20,Hyundai,i20,6,80000,individual,  Petrol ,Manual,18.6 kmpl,1197 CC,81.83 bhp,250Nm@ 1500-2500rpm,5.0,520000
Toyota Innova,Toyota,Innova,13,85216,dealer,Diesel,Manual,12.8 kmpl,2494 CC,102.0 bhp,170Nm@ 1800-2400rpm,7.0,465000
Maruti Swift Dzire,Maruti,Swift Dzire,6,45782,Dealer,Diesel,Manual,19.3 kmpl,1248 CC,73.9 bhp,24@ 1900(kgm@ rpm),5.0,410000
Honda City,Honda,City,6,15000,Individual,petrol,Manual,17.4 kmpl,1497 CC,,91Nm@ 3500rpm,5.0,1000000
Tata Hexa,Tata,Hexa,3,25000,INDIVIDUAL,Diesel,Manual,17.6 kmpl,2179 CC,153.86 bhp,170Nm@ 1800-2400rpm,7.0,800000
Ford Figo,Ford,Figo,6,20319,Dealer,petrol,Manual,18.16 kmpl,1196 CC,86.8 bhp,200Nm@ 1750rpm,5.0,355000
Maruti Swift Dzire,Maruti,Swift Dzire,4,100000,individual,Diesel,Manual,26.59 kmpl,1248 CC,74.0 bhp,170Nm@ 1800-2400rpm,5.0,450000
Hyundai Creta,Hyundai,Creta,4,68000,Dealer,Diesel,Automatic,17.6 kmpl,1582 CC,,91Nm@ 3500rpm,5.0,1340000
Toyota Innova,Toyota,Innova,2,12500,dealer,Diesel,Manual,13.68 kmpl,2393 CC,147.8 bhp,190Nm@ 2000rpm,7.0,1750000
Maruti Eeco,Maruti,Eeco,11,35000,DEALER,Petrol,Manual,16.11 kmpl,1196 CC,72.42 bhp,91Nm@ 3500rpm,5.0,250000
Mercedes-Benz GLS,Mercedes-Benz,GLS,4,32000,dealer,DIESEL,Automatic,11.0 kmpl,2987 CC,258.0 bhp,250Nm@ 1500-2500rpm,7.0,7000000
Maruti Alto,Maruti,Alto,8,45019,DEALER,Petrol,Manual,22.74 kmpl,796 CC,47.3 bhp,250Nm@ 1500-2500rpm,5.0,285000
Hyundai i10,Hyundai,i10,9,46100,Dealer,Petrol,Manual,20.36 kmpl,1197 CC,78.9 bhp,190Nm@ 2000rpm,5.0,270000
Hyundai i20,Hyundai,i20,6,70000,Individual,DIESEL,Manual,22.54 kmpl,1396 CC,88.73 bhp,250Nm@ 1500-2500rpm,5.0,650000
Ford Ecosport,Ford,Ecosport,6,55000,DEALER,Diesel,Manual,23.0 kmpl,1498 CC,98.96 bhp,190Nm@ 2000rpm,5.0,450000
Toyota Innova,Toyota,Innova,5,80000,Individual,Diesel,Manual,12.99 kmpl,2494 CC,100.6 bhp,91Nm@ 3500rpm,7.0,1000000
Toyota Innova,Toyota,Innova,4,60000,INDIVIDUAL,Diesel,Automatic,11.36 kmpl,2755 CC,171.5 bhp,190Nm@ 2000rpm,7.0,1800000
Tata Tiago,Tata,Tiago,5,31000,Dealer,  Petrol ,Manual,23.84 kmpl,1199 CC,84.0 bhp,200Nm@ 1750rpm,5.0,365000
Hyundai i20,Hyundai,i20,5,50000,Dealer,petrol,Manual,18.6 kmpl,1197 CC,81.83 bhp,170Nm@ 1800-2400rpm,5.0,500000
Toyota Fortuner,Toyota,Fortuner,9,100000,Individual,DIESEL,Automatic,11.5 kmpl,,169.0 bhp,,7.0,1300000
Maruti Wagon R,Maruti,Wagon R,9,65000,Dealer,Petrol,Manual,18.9 kmpl,998 CC,67.1 bhp,170Nm@ 1800-2400rpm,5.0,276000
Maruti Swift,Maruti,Swift,6,65122,Dealer,  Diesel ,Manual,28.4 kmpl,1248 CC,74.0 bhp,170Nm@ 1800-2400rpm,5.0,510000
Maruti Ciaz,Maruti,Ciaz,5,94400,  Individual ,Diesel,Manual,28.09 kmpl,1248 CC,88.5 bhp,91Nm@ 3500rpm,5.0,595000
Hyundai i20,Hyundai,i20,4,10000,individual,Petrol,Manual,,1197 CC,81.83 bhp,200Nm@ 1750rpm,5.0,700000
Maruti Alto,Maruti,Alto,5,30000,Individual,petrol,Manual,23.95 kmpl,998 CC,67.05 bhp,24@ 1900(kgm@ rpm),5.0,300000
Volkswagen Polo,Volkswagen,Polo,4,59894,dealer,PETROL,Manual,16.2 kmpl,1199 CC,74.0 bhp,190Nm@ 2000rpm,,543000
Mercedes-Benz E-Class,Mercedes-Benz,E-Class,7,62000,Dealer,Petrol,Manual,12.3 kmpl,1796 CC,185.0 bhp,24@ 1900(kgm@ rpm),5.0,1650000
Renault KWID,Renault,KWID,1,23323,Dealer,PETROL,Manual,22.3 kmpl,,,,5.0,430000
Honda City,Honda,City,9,57000,Dealer,Petrol,Manual,16.8 kmpl,1497 CC,116.4 bhp,170Nm@ 1800-2400rpm,5.0,415000
Mahindra Scorpio,Mahindra,Scorpio,4,100000,individual,Diesel,Manual,15.4 kmpl,1997 CC,120.0 bhp,250Nm@ 1500-2500rpm,7.0,880000
Mahindra KUV,Mahindra,KUV,4,19838,DEALER,Petrol,Manual,18.15 kmpl,1198 CC,82.0 bhp,"12.7@ 2,700(kgm@ rpm)",6.0,475000
Hyundai Santro,Hyundai,Santro,1,100,individual,PETROL,Manual,20.3 kmpl,1086 CC,68.0 bhp,"12.7@ 2,700(kgm@ rpm)",5.0,475000
Maruti Alto,Maruti,Alto,6,90000,INDIVIDUAL,CNG,Manual,30.46 km/kg,796 CC,47.3 bhp,190Nm@ 2000rpm,5.0,216000
Renault KWID,Renault,KWID,3,25000,  Individual ,petrol,Manual,23.01 kmpl,999 CC,67.0 bhp,113Nm@ 4000rpm,5.0,299000
Hyundai Venue,Hyundai,Venue,2,12000,DEALER,Petrol,Manual,,998 CC,118.35 bhp,250Nm@ 1500-2500rpm,5.0,1050000
Maruti Celerio,Maruti,Celerio,3,28314,Dealer,petrol,Manual,23.1 kmpl,998 CC,67.04 bhp,190Nm@ 2000rpm,5.0,490000
Hyundai Verna,Hyundai,Verna,4,48000,  Dealer ,Petrol,Manual,17.01 kmpl,1591 CC,121.3 bhp,113Nm@ 4000rpm,5.0,850000
Maruti Vitara,Maruti,Vitara,4,68100,Dealer,  Diesel ,Manual,24.3 kmpl,1248 CC,,24@ 1900(kgm@ rpm),5.0,675000
Hyundai i20,Hyundai,i20,12,11638,Dealer,PETROL,Manual,20.35 kmpl,1197 CC,81.86 bhp,91Nm@ 3500rpm,5.0,300000
Volkswagen Vento,Volkswagen,Vento,6,100000,Individual,diesel,Manual,20.34 kmpl,1498 CC,103.2 bhp,190Nm@ 2000rpm,5.0,590000
Volkswagen Polo,Volkswagen,Polo,5,32967,Dealer,Petrol,Manual,16.2 kmpl,1199 CC,74.0 bhp,200Nm@ 1750rpm,5.0,675000
Maruti Swift,Maruti,Swift,5,54000,Dealer,Diesel,Manual,28.4 kmpl,1248 CC,74.0 bhp,190Nm@ 2000rpm,5.0,610000
Mahindra Scorpio,Mahindra,Scorpio,7,70000,Individual,Diesel,Manual,12.05 kmpl,2179 CC,120.0 bhp,91Nm@ 3500rpm,9.0,450000
Honda Amaze,Honda,Amaze,7,45000,Dealer,Diesel,Manual,,1498 CC,98.6 bhp,190Nm@ 2000rpm,5.0,372000
Hyundai i10,Hyundai,i10,12,8500,dealer,petrol,Automatic,19.2 kmpl,1197 CC,,200Nm@ 1750rpm,5.0,275000
Hyundai Grand,Hyundai,Grand,4,40000,Individual,  Diesel ,Manual,24.0 kmpl,1120 CC,70.0 bhp,,5.0,425000
Mahindra XUV500,Mahindra,XUV500,6,50000,Individual,Diesel,Manual,15.1 kmpl,2179 CC,140.0 bhp,113Nm@ 4000rpm,7.0,800000
Hyundai i20,Hyundai,i20,5,57000,dealer,  Diesel ,Manual,,1396 CC,88.73 bhp,200Nm@ 1750rpm,5.0,650000
Jeep Compass,Jeep,Compass,3,20000,Individual,Petrol,Manual,16.0 kmpl,1368 CC,160.0 bhp,113Nm@ 4000rpm,5.0,1472000
Hyundai Santro,Hyundai,Santro,8,76945,Dealer,petrol,Manual,17.92 kmpl,1086 CC,62.1 bhp,170Nm@ 1800-2400rpm,5.0,350000
Ford Ecosport,Ford,Ecosport,4,25000,  Dealer ,Diesel,Manual,23.0 kmpl,1498 CC,98.96 bhp,24@ 1900(kgm@ rpm),5.0,800000
Honda Amaze,Honda,Amaze,2,20000,Individual,PETROL,Manual,19.5 kmpl,1199 CC,88.76 bhp,250Nm@ 1500-2500rpm,5.0,615000
Maruti Ertiga,Maruti,Ertiga,9,90000,Dealer,Petrol,Manual,16.02 kmpl,1373 CC,93.7 bhp,190Nm@ 2000rpm,7.0,480000
Toyota Innova,Toyota,Innova,3,30000,dealer,Diesel,Manual,13.68 kmpl,2393 CC,147.8 bhp,200Nm@ 1750rpm,8.0,2050000
Maruti Wagon R,Maruti,Wagon R,6,60000,  Individual ,petrol,Manual,20.51 kmpl,998 CC,67.04 bhp,91Nm@ 3500rpm,5.0,310000
Honda Jazz,Honda,Jazz,5,39000,DEALER,diesel,Manual,27.3 kmpl,1498 CC,98.6 bhp,113Nm@ 4000rpm,5.0,485000
Hyundai i20,Hyundai,i20,9,71000,dealer,Petrol,Manual,17.0 kmpl,1197 CC,80.0 bhp,113Nm@ 4000rpm,5.0,410000
Maruti Swift,Maruti,Swift,6,47529,Dealer,Petrol,Manual,21.21 kmpl,1197 CC,81.8 bhp,200Nm@ 1750rpm,5.0,635000
Maruti Alto,Maruti,Alto,6,40000,Dealer,CNG,Manual,32.26 km/kg,998 CC,,"12.7@ 2,700(kgm@ rpm)",4.0,260000
Mahindra XUV500,Mahindra,XUV500,9,120000,  Individual ,Diesel,Manual,15.1 kmpl,2179 CC,140.0 bhp,"12.7@ 2,700(kgm@ rpm)",7.0,780000
Maruti Vitara,Maruti,Vitara,5,75510,Dealer,DIESEL,Manual,24.3 kmpl,1248 CC,88.5 bhp,113Nm@ 4000rpm,5.0,825000
Datsun RediGO,Datsun,RediGO,4,15000,Individual,Petrol,Manual,22.7 kmpl,799 CC,53.64 bhp,200Nm@ 1750rpm,5.0,250000
Maruti Wagon R,Maruti,Wagon R,9,50000,Individual,Petrol,Manual,18.9 kmpl,998 CC,67.1 bhp,250Nm@ 1500-2500rpm,5.0,280000
Honda Jazz,Honda,Jazz,5,49000,Dealer,PETROL,Manual,18.7 kmpl,1199 CC,88.7 bhp,"12.7@ 2,700(kgm@ rpm)",5.0,575000
Hyundai i20,Hyundai,i20,7,70000,Individual,Diesel,Manual,22.54 kmpl,1396 CC,88.73 bhp,200Nm@ 1750rpm,5.0,695000
Hyundai Grand,Hyundai,Grand,5,80000,Individual,DIESEL,Manual,24.0 kmpl,1120 CC,70.0 bhp,250Nm@ 1500-2500rpm,5.0,480000
Maruti Ciaz,Maruti,Ciaz,3,90000,Individual,Diesel,Manual,28.09 kmpl,1248 CC,88.5 bhp,200Nm@ 1750rpm,5.0,800000
Ford Ecosport,Ford,Ecosport,6,69997,DEALER,Diesel,Manual,23.0 kmpl,1498 CC,,170Nm@ 1800-2400rpm,5.0,530000
BMW X1,BMW,X1,9,91000,Dealer,Diesel,Automatic,17.05 kmpl,1995 CC,184.0 bhp,24@ 1900(kgm@ rpm),5.0,1195000
Mahindra XUV500,Mahindra,XUV500,4,76000,DEALER,DIESEL,Manual,16.0 kmpl,2179 CC,140.0 bhp,"12.7@ 2,700(kgm@ rpm)",7.0,1190000
Hyundai i20,Hyundai,i20,5,64500,Individual,diesel,Manual,22.54 kmpl,1396 CC,88.73 bhp,200Nm@ 1750rpm,5.0,749000
Maruti Eeco,Maruti,Eeco,5,51000,Dealer,CNG,Manual,15.1 km/kg,1196 CC,73.0 bhp,"12.7@ 2,700(kgm@ rpm)",5.0,291000
Volkswagen Vento,Volkswagen,Vento,8,71000,Dealer,Diesel,Manual,20.54 kmpl,1598 CC,103.6 bhp,170Nm@ 1800-2400rpm,5.0,525000
Maruti Wagon R,Maruti,Wagon R,7,51000,  Dealer ,  CNG ,Manual,32.52 km/kg,998 CC,58.33 bhp,24@ 1900(kgm@ rpm),5.0,245000
BMW 3,BMW,3,12,74000,Dealer,  Petrol ,Automatic,12.05 kmpl,1995 CC,154.0 bhp,"12.7@ 2,700(kgm@ rpm)",5.0,565000
Maruti Swift,Maruti,Swift,6,31200,INDIVIDUAL,Petrol,Manual,20.4 kmpl,1197 CC,81.8 bhp,250Nm@ 1500-2500rpm,5.0,400000
Hyundai Grand,Hyundai,Grand,7,69000,Dealer,Petrol,Manual,18.9 kmpl,1197 CC,81.86 bhp,170Nm@ 1800-2400rpm,5.0,474000
Hyundai Creta,Hyundai,Creta,4,71841,dealer,diesel,Manual,21.38 kmpl,1396 CC,88.7 bhp,91Nm@ 3500rpm,5.0,950000
MG Hector,MG,Hector,2,14400,  Dealer ,Petrol,Automatic,13.96 kmpl,1451 CC,141.0 bhp,24@ 1900(kgm@ rpm),5.0,1749000
Honda Jazz,Honda,Jazz,4,30000,Dealer,Petrol,Manual,18.7 kmpl,1199 CC,88.7 bhp,250Nm@ 1500-2500rpm,5.0,525000
Maruti Ignis,Maruti,Ignis,2,25000,Individual,Petrol,Manual,20.89 kmpl,1197 CC,81.8 bhp,250Nm@ 1500-2500rpm,5.0,510000
Honda City,Honda,City,11,161445,Dealer,Petrol,Manual,17.0 kmpl,1497 CC,118.0 bhp,"12.7@ 2,700(kgm@ rpm)",5.0,275000
Hyundai Grand,Hyundai,Grand,5,21986,Dealer,Petrol,Manual,18.9 kmpl,1197 CC,82.0 bhp,24@ 1900(kgm@ rpm),5.0,560000
Honda WR-V,Honda,WR-V,4,23039,DEALER,Diesel,Manual,25.5 kmpl,1498 CC,98.6 bhp,113Nm@ 4000rpm,5.0,750000
BMW 3,BMW,3,4,57000,  Dealer ,Petrol,Automatic,15.34 kmpl,1998 CC,248.0 bhp,250Nm@ 1500-2500rpm,5.0,2550000
Toyota Fortuner,Toyota,Fortuner,6,126000,Dealer,DIESEL,Manual,13.0 kmpl,2982 CC,168.5 bhp,190Nm@ 2000rpm,7.0,1625000
Maruti Dzire VXI,Maruti,Dzire VXI,6,54500,Dealer,Petrol,Manual,23.26 kmpl,1197 CC,88.5 bhp,91Nm@ 3500rpm,5.0,452000
Maruti Swift,Maruti,Swift,5,110000,individual,  Diesel ,Manual,25.2 kmpl,1248 CC,74.0 bhp,24@ 1900(kgm@ rpm),5.0,530000
Maruti Ignis,Maruti,Ignis,3,18000,  Dealer ,  Diesel ,Manual,26.8 kmpl,1248 CC,74.0 bhp,24@ 1900(kgm@ rpm),5.0,640000
Mahindra Bolero,Mahindra,Bolero,4,65000,Dealer,diesel,Manual,21.0 kmpl,1498 CC,74.96 bhp,250Nm@ 1500-2500rpm,7.0,675000
Mahindra Bolero,Mahindra,Bolero,12,100000,Individual,Diesel,Manual,13.6 kmpl,2523 CC,63.0 bhp,190Nm@ 2000rpm,7.0,260000
Hyundai Grand,Hyundai,Grand,5,41473,Dealer,Petrol,Manual,,1197 CC,82.0 bhp,"12.7@ 2,700(kgm@ rpm)",5.0,550000
Hyundai Verna,Hyundai,Verna,2,65000,Dealer,Diesel,Automatic,22.0 kmpl,1582 CC,126.2 bhp,"12.7@ 2,700(kgm@ rpm)",5.0,1100000
Volkswagen Polo,Volkswagen,Polo,5,86400,Dealer,Diesel,Manual,20.14 kmpl,1498 CC,,250Nm@ 1500-2500rpm,5.0,565000
BMW 5,BMW,5,4,30000,Dealer,Diesel,Automatic,22.48 kmpl,1995 CC,187.74 bhp,24@ 1900(kgm@ rpm),,3975000
Mahindra Scorpio,Mahindra,Scorpio,3,50000,Individual,  Diesel ,Manual,15.4 kmpl,2523 CC,75.0 bhp,190Nm@ 2000rpm,7.0,900000
Maruti Celerio,Maruti,Celerio,6,71500,Dealer,petrol,Manual,23.1 kmpl,998 CC,67.04 bhp,113Nm@ 4000rpm,5.0,295000
Hyundai Grand,Hyundai,Grand,5,27471,Dealer,Petrol,Automatic,18.9 kmpl,1197 CC,82.0 bhp,91Nm@ 3500rpm,5.0,480000
Toyota Fortuner,Toyota,Fortuner,6,120000,Dealer,Diesel,Manual,12.55 kmpl,2982 CC,168.5 bhp,170Nm@ 1800-2400rpm,7.0,2150000
Hyundai Grand,Hyundai,Grand,4,25000,Dealer,PETROL,Manual,18.9 kmpl,1197 CC,81.86 bhp,91Nm@ 3500rpm,5.0,495000
Maruti Alto,Maruti,Alto,10,39513,  Dealer ,petrol,Manual,23.95 kmpl,998 CC,67.05 bhp,250Nm@ 1500-2500rpm,5.0,200000
Skoda Rapid,Skoda,Rapid,8,54000,  Dealer ,Diesel,Manual,,1598 CC,103.5 bhp,,5.0,365000
Honda City,Honda,City,9,69000,Dealer,Petrol,Manual,17.0 kmpl,1497 CC,118.0 bhp,91Nm@ 3500rpm,5.0,445000
Volkswagen Polo,Volkswagen,Polo,3,18523,Dealer,PETROL,Automatic,17.21 kmpl,1798 CC,189.0 bhp,"12.7@ 2,700(kgm@ rpm)",4.0,875000
Maruti Swift,Maruti,Swift,3,32400,dealer,Petrol,Manual,22.0 kmpl,1197 CC,81.8 bhp,200Nm@ 1750rpm,5.0,575000
Honda City,Honda,City,5,55000,dealer,PETROL,Manual,17.8 kmpl,1497 CC,117.3 bhp,"12.7@ 2,700(kgm@ rpm)",5.0,650000
Honda City,Honda,City,2,10000,INDIVIDUAL,petrol,Automatic,18.0 kmpl,1497 CC,117.6 bhp,200Nm@ 1750rpm,5.0,1150000
Renault Triber,Renault,Triber,2,23000,Individual,Petrol,Manual,20.0 kmpl,999 CC,72.0 bhp,250Nm@ 1500-2500rpm,7.0,550000
Hyundai Verna,Hyundai,Verna,5,53400,Dealer,Petrol,Manual,17.01 kmpl,1591 CC,121.3 bhp,250Nm@ 1500-2500rpm,5.0,675000
Hyundai Grand,Hyundai,Grand,5,48303,DEALER,petrol,Manual,18.9 kmpl,1197 CC,82.0 bhp,24@ 1900(kgm@ rpm),5.0,455000
Hyundai i20,Hyundai,i20,4,60000,individual,Diesel,Manual,22.54 kmpl,1396 CC,88.73 bhp,200Nm@ 1750rpm,5.0,780000
Honda City,Honda,City,4,30000,Individual,Petrol,Manual,17.8 kmpl,1497 CC,117.3 bhp,170Nm@ 1800-2400rpm,5.0,850000
Ford Figo,Ford,Figo,11,114231,dealer,Petrol,Manual,,1196 CC,70.0 bhp,91Nm@ 3500rpm,5.0,249000
Hyundai i20,Hyundai,i20,5,60000,  Individual ,DIESEL,Manual,22.54 kmpl,1396 CC,88.73 bhp,170Nm@ 1800-2400rpm,5.0,700000
Hyundai i20,Hyundai,i20,11,64000,Dealer,  Petrol ,Manual,18.5 kmpl,1197 CC,80.0 bhp,170Nm@ 1800-2400rpm,5.0,375000
Hyundai Tucson,Hyundai,Tucson,4,70000,Individual,diesel,Manual,,1995 CC,182.46 bhp,200Nm@ 1750rpm,5.0,1700000
Audi A6,Audi,A6,5,27000,Dealer,Petrol,Automatic,,1798 CC,187.74 bhp,200Nm@ 1750rpm,5.0,3000000
Ford Freestyle,Ford,Freestyle,2,16000,Individual,Petrol,Manual,18.5 kmpl,,,,5.0,700000
Toyota Innova,Toyota,Innova,10,135000,Dealer,  Diesel ,Manual,12.99 kmpl,2494 CC,100.0 bhp,113Nm@ 4000rpm,7.0,650000
Hyundai Grand,Hyundai,Grand,6,70000,  Individual ,DIESEL,Manual,24.0 kmpl,1120 CC,70.0 bhp,91Nm@ 3500rpm,5.0,380000
Ford Ecosport,Ford,Ecosport,6,50000,Dealer,DIESEL,Manual,,1498 CC,98.96 bhp,250Nm@ 1500-2500rpm,5.0,560000
Maruti Swift,Maruti,Swift,3,45000,Dealer,Petrol,Automatic,22.0 kmpl,1197 CC,81.8 bhp,170Nm@ 1800-2400rpm,5.0,645000
Maruti Baleno,Maruti,Baleno,3,7000,INDIVIDUAL,petrol,Automatic,21.4 kmpl,1197 CC,,"12.7@ 2,700(kgm@ rpm)",5.0,625000
Honda Amaze,Honda,Amaze,6,47745,  Dealer ,Diesel,Manual,27.4 kmpl,1498 CC,98.63 bhp,"12.7@ 2,700(kgm@ rpm)",5.0,450000
Honda Jazz,Honda,Jazz,6,19570,Dealer,Petrol,Manual,18.7 kmpl,1199 CC,88.7 bhp,200Nm@ 1750rpm,5.0,560000
Hyundai Verna,Hyundai,Verna,9,72193,  Dealer ,Diesel,Manual,22.32 kmpl,1582 CC,126.32 bhp,170Nm@ 1800-2400rpm,5.0,415000
Maruti Alto,Maruti,Alto,11,62000,DEALER,Petrol,Manual,19.7 kmpl,796 CC,46.3 bhp,113Nm@ 4000rpm,5.0,160000
BMW 3,BMW,3,8,105000,Dealer,Diesel,Automatic,18.88 kmpl,1995 CC,184.0 bhp,24@ 1900(kgm@ rpm),5.0,1465000
Honda WR-V,Honda,WR-V,3,29307,Dealer,diesel,Manual,,1498 CC,98.6 bhp,24@ 1900(kgm@ rpm),5.0,875000
Datsun RediGO,Datsun,RediGO,3,10400,Individual,  Petrol ,Manual,22.5 kmpl,999 CC,67.0 bhp,170Nm@ 1800-2400rpm,5.0,300000
BMW X1,BMW,X1,7,24000,DEALER,DIESEL,Automatic,17.05 kmpl,1995 CC,184.0 bhp,200Nm@ 1750rpm,5.0,1675000
Honda City,Honda,City,6,67584,Dealer,PETROL,Manual,17.4 kmpl,1497 CC,117.3 bhp,190Nm@ 2000rpm,5.0,651000
Honda Amaze,Honda,Amaze,8,48000,Dealer,diesel,Manual,25.8 kmpl,1498 CC,98.6 bhp,"12.7@ 2,700(kgm@ rpm)",5.0,350000
Maruti Alto,Maruti,Alto,1,5000,Individual,petrol,Manual,22.05 kmpl,796 CC,47.3 bhp,200Nm@ 1750rpm,5.0,300000
Maruti Wagon R,Maruti,Wagon R,3,17000,Dealer,petrol,Automatic,21.79 kmpl,,67.05 bhp,,5.0,445000
Tata Tigor,Tata,Tigor,4,24900,dealer,Diesel,Manual,24.7 kmpl,1047 CC,69.0 bhp,170Nm@ 1800-2400rpm,5.0,675000
Maruti Ignis,Maruti,Ignis,4,22115,Individual,Petrol,Manual,20.89 kmpl,1197 CC,81.8 bhp,170Nm@ 1800-2400rpm,5.0,425000
Honda Jazz,Honda,Jazz,5,72000,DEALER,diesel,Manual,27.3 kmpl,1498 CC,98.6 bhp,24@ 1900(kgm@ rpm),5.0,539000
Maruti Swift,Maruti,Swift,3,14000,Dealer,Diesel,Manual,28.4 kmpl,1248 CC,,"12.7@ 2,700(kgm@ rpm)",5.0,739000
Tata Safari,Tata,Safari,12,120000,INDIVIDUAL,Petrol,Manual,12.0 kmpl,2092 CC,127.0 bhp,,7.0,490000
Honda City,Honda,City,10,39000,Dealer,PETROL,Manual,17.0 kmpl,1497 CC,118.0 bhp,24@ 1900(kgm@ rpm),5.0,350000
Hyundai i20,Hyundai,i20,4,40000,Individual,Petrol,Manual,,1197 CC,81.83 bhp,24@ 1900(kgm@ rpm),5.0,590000
Maruti Wagon R,Maruti,Wagon R,9,42710,Dealer,Petrol,Manual,18.9 kmpl,998 CC,67.1 bhp,200Nm@ 1750rpm,5.0,285000
Maruti Wagon R,Maruti,Wagon R,14,55000,Dealer,Petrol,Manual,18.9 kmpl,1061 CC,67.0 bhp,170Nm@ 1800-2400rpm,5.0,105000
Maruti Celerio,Maruti,Celerio,3,15161,Trustmark Dealer,Petrol,Manual,21.63 kmpl,998 CC,67.04 bhp,24@ 1900(kgm@ rpm),5.0,485000
Datsun GO,Datsun,GO,6,61107,Dealer,Petrol,Manual,19.02 kmpl,1198 CC,67.05 bhp,190Nm@ 2000rpm,5.0,350000
Toyota Innova,Toyota,Innova,14,150000,individual,Diesel,Manual,12.8 kmpl,2494 CC,102.0 bhp,113Nm@ 4000rpm,8.0,600000
Hyundai i10,Hyundai,i10,11,28400,INDIVIDUAL,Petrol,Manual,20.36 kmpl,1197 CC,78.9 bhp,91Nm@ 3500rpm,5.0,300000
Tata Tigor,Tata,Tigor,2,5000,Individual,petrol,Manual,,1199 CC,83.81 bhp,"12.7@ 2,700(kgm@ rpm)",5.0,740000
Maruti Swift Dzire,Maruti,Swift Dzire,3,100000,individual,  Diesel ,Manual,23.4 kmpl,1248 CC,74.0 bhp,24@ 1900(kgm@ rpm),5.0,531000
Maruti Ignis,Maruti,Ignis,3,25000,Individual,Petrol,Manual,20.89 kmpl,1197 CC,81.8 bhp,,5.0,576000
Hyundai Verna,Hyundai,Verna,13,80000,Individual,PETROL,Manual,13.9 kmpl,1599 CC,103.2 bhp,113Nm@ 4000rpm,5.0,130000
Maruti Swift,Maruti,Swift,6,106452,DEALER,diesel,Manual,22.9 kmpl,1248 CC,,91Nm@ 3500rpm,5.0,525000
Maruti Baleno,Maruti,Baleno,3,8610,Trustmark Dealer,  Petrol ,Automatic,19.56 kmpl,1197 CC,81.8 bhp,"12.7@ 2,700(kgm@ rpm)",5.0,725000
Maruti Vitara,Maruti,Vitara,4,53892,Dealer,Diesel,Manual,24.3 kmpl,1248 CC,88.5 bhp,200Nm@ 1750rpm,5.0,780000
Kia Seltos,Kia,Seltos,2,12120,INDIVIDUAL,PETROL,Manual,,1497 CC,113.4 bhp,113Nm@ 4000rpm,5.0,1080000
Maruti Wagon R,Maruti,Wagon R,4,39612,Dealer,Petrol,Automatic,,998 CC,67.05 bhp,24@ 1900(kgm@ rpm),5.0,465000
Maruti Vitara,Maruti,Vitara,3,105000,Dealer,diesel,Manual,24.3 kmpl,1248 CC,88.5 bhp,250Nm@ 1500-2500rpm,5.0,825000
Volkswagen Vento,Volkswagen,Vento,10,98000,Individual,Petrol,Manual,15.04 kmpl,1598 CC,103.6 bhp,190Nm@ 2000rpm,5.0,360000
Skoda Octavia,Skoda,Octavia,3,16000,Dealer,Petrol,Automatic,15.1 kmpl,,178.0 bhp,,5.0,1975000
Land Rover Rover,Land Rover,Rover,7,40000,Dealer,Diesel,Automatic,12.65 kmpl,2993 CC,255.0 bhp,"12.7@ 2,700(kgm@ rpm)",5.0,6300000
Maruti Ciaz,Maruti,Ciaz,5,55000,Individual,Petrol,Manual,20.73 kmpl,1373 CC,91.1 bhp,113Nm@ 4000rpm,5.0,650000
Maruti Swift,Maruti,Swift,5,70000,INDIVIDUAL,DIESEL,Manual,25.2 kmpl,1248 CC,74.0 bhp,200Nm@ 1750rpm,5.0,497000
Renault KWID,Renault,KWID,3,8977,Dealer,PETROL,Automatic,24.04 kmpl,999 CC,67.0 bhp,24@ 1900(kgm@ rpm),5.0,490000
Maruti Ertiga,Maruti,Ertiga,6,110000,Individual,Diesel,Manual,20.77 kmpl,1248 CC,88.76 bhp,"12.7@ 2,700(kgm@ rpm)",7.0,565000
Maruti Ciaz,Maruti,Ciaz,5,35000,Individual,diesel,Manual,28.09 kmpl,1248 CC,,250Nm@ 1500-2500rpm,5.0,750000
Tata Tiago,Tata,Tiago,3,25656,Trustmark Dealer,PETROL,Manual,23.84 kmpl,1199 CC,84.0 bhp,91Nm@ 3500rpm,5.0,450000
Renault KWID,Renault,KWID,4,30000,Individual,  Petrol ,Manual,25.17 kmpl,799 CC,53.3 bhp,"12.7@ 2,700(kgm@ rpm)",5.0,300000
Maruti Swift Dzire,Maruti,Swift Dzire,5,120000,INDIVIDUAL,Diesel,Manual,26.59 kmpl,1248 CC,74.0 bhp,,5.0,568000
Maruti Alto,Maruti,Alto,5,25000,INDIVIDUAL,PETROL,Manual,22.74 kmpl,796 CC,47.3 bhp,"12.7@ 2,700(kgm@ rpm)",5.0,290000
Honda City,Honda,City,7,65000,Dealer,diesel,Manual,26.0 kmpl,1498 CC,98.6 bhp,91Nm@ 3500rpm,5.0,745000
Hyundai i10,Hyundai,i10,13,30000,  Individual ,Petrol,Manual,19.81 kmpl,1086 CC,68.05 bhp,190Nm@ 2000rpm,5.0,160000
Audi A4,Audi,A4,4,53700,Individual,Diesel,Automatic,,1968 CC,187.74 bhp,200Nm@ 1750rpm,5.0,1760000
Tata Nexon,Tata,Nexon,3,50000,individual,Petrol,Manual,17.0 kmpl,1198 CC,108.5 bhp,200Nm@ 1750rpm,5.0,750000
Maruti Swift Dzire,Maruti,Swift Dzire,2,15000,Individual,Diesel,Automatic,,1248 CC,74.02 bhp,190Nm@ 2000rpm,5.0,800000
Maruti Swift Dzire,Maruti,Swift Dzire,5,62454,Dealer,Petrol,Manual,19.0 kmpl,1197 CC,85.8 bhp,113Nm@ 4000rpm,5.0,334000
Volkswagen Polo,Volkswagen,Polo,6,20000,  Dealer ,Petrol,Manual,16.47 kmpl,1198 CC,74.0 bhp,113Nm@ 4000rpm,5.0,499000
Maruti Alto,Maruti,Alto,11,48156,Dealer,Petrol,Manual,19.7 kmpl,796 CC,46.3 bhp,113Nm@ 4000rpm,5.0,135000
Hyundai Grand,Hyundai,Grand,2,10000,individual,Petrol,Automatic,20.7 kmpl,1197 CC,81.86 bhp,"12.7@ 2,700(kgm@ rpm)",5.0,650000
Ford Aspire,Ford,Aspire,4,54000,  Dealer ,Diesel,Manual,25.83 kmpl,1498 CC,99.0 bhp,113Nm@ 4000rpm,5.0,675000
Ford Aspire,Ford,Aspire,4,20000,Individual,Petrol,Manual,18.16 kmpl,1196 CC,86.8 bhp,"12.7@ 2,700(kgm@ rpm)",5.0,590000
Honda City,Honda,City,5,55000,Dealer,petrol,Manual,17.8 kmpl,1497 CC,117.3 bhp,250Nm@ 1500-2500rpm,5.0,624000
Maruti Alto,Maruti,Alto,4,14870,  Individual ,PETROL,Manual,,796 CC,47.3 bhp,250Nm@ 1500-2500rpm,5.0,298000
Jeep Compass,Jeep,Compass,3,67000,Dealer,Diesel,Manual,17.1 kmpl,1956 CC,170.0 bhp,200Nm@ 1750rpm,5.0,1950000
BMW 5,BMW,5,8,55000,dealer,Diesel,Automatic,18.48 kmpl,,177.0 bhp,,5.0,1500000
Maruti Ertiga,Maruti,Ertiga,3,37000,dealer,Petrol,Manual,19.34 kmpl,1462 CC,103.0 bhp,"12.7@ 2,700(kgm@ rpm)",7.0,825000
Honda City,Honda,City,6,70500,DEALER,diesel,Manual,26.0 kmpl,1498 CC,98.6 bhp,91Nm@ 3500rpm,5.0,650000
BMW 5,BMW,5,4,31000,dealer,diesel,Automatic,18.12 kmpl,1995 CC,190.0 bhp,190Nm@ 2000rpm,5.0,3945000
Maruti Wagon R,Maruti,Wagon R,19,123500,  Individual ,Petrol,Manual,17.3 kmpl,1061 CC,64.0 bhp,200Nm@ 1750rpm,5.0,80000
Hyundai Verna,Hyundai,Verna,5,83000,Individual,Diesel,Manual,24.8 kmpl,1396 CC,88.7 bhp,24@ 1900(kgm@ rpm),5.0,775000
Maruti Swift Dzire,Maruti,Swift Dzire,6,10000,Individual,Petrol,Manual,20.85 kmpl,1197 CC,83.14 bhp,250Nm@ 1500-2500rpm,5.0,585000
Hyundai Grand,Hyundai,Grand,3,38000,Individual,Diesel,Manual,24.0 kmpl,1186 CC,73.97 bhp,,5.0,475000
Maruti Celerio,Maruti,Celerio,5,35000,  Dealer ,Petrol,Manual,,998 CC,67.04 bhp,91Nm@ 3500rpm,5.0,385000
Volkswagen Vento,Volkswagen,Vento,8,118000,Dealer,diesel,Manual,20.54 kmpl,1598 CC,103.5 bhp,24@ 1900(kgm@ rpm),5.0,540000
Ford Ecosport,Ford,Ecosport,7,54000,Dealer,DIESEL,Manual,22.7 kmpl,1498 CC,89.84 bhp,250Nm@ 1500-2500rpm,5.0,520000
Maruti Ignis,Maruti,Ignis,4,22000,dealer,petrol,Automatic,20.89 kmpl,1197 CC,81.8 bhp,113Nm@ 4000rpm,5.0,570000
Renault KWID,Renault,KWID,3,42000,Dealer,petrol,Manual,23.01 kmpl,999 CC,67.0 bhp,24@ 1900(kgm@ rpm),5.0,400000
Volkswagen Polo,Volkswagen,Polo,2,45000,Dealer,  Petrol ,Manual,17.74 kmpl,999 CC,75.1 bhp,"12.7@ 2,700(kgm@ rpm)",5.0,650000
BMW 6,BMW,6,3,30000,Individual,Petrol,Automatic,14.28 kmpl,1998 CC,254.7 bhp,24@ 1900(kgm@ rpm),4.0,5500000
Mercedes-Benz C-Class,Mercedes-Benz,C-Class,4,17000,Dealer,Diesel,Automatic,19.27 kmpl,2143 CC,167.62 bhp,113Nm@ 4000rpm,5.0,3350000
Ford Ecosport,Ford,Ecosport,6,61000,Dealer,Petrol,Automatic,14.7 kmpl,1496 CC,120.69 bhp,250Nm@ 1500-2500rpm,5.0,725000
Land Rover Rover,Land Rover,Rover,2,19000,DEALER,Diesel,Automatic,22.3 kmpl,1999 CC,177.0 bhp,24@ 1900(kgm@ rpm),5.0,6975000
Maruti Swift Dzire,Maruti,Swift Dzire,5,70000,Individual,DIESEL,Manual,26.59 kmpl,1248 CC,74.0 bhp,250Nm@ 1500-2500rpm,5.0,570000
Maruti Swift Dzire,Maruti,Swift Dzire,6,85316,DEALER,Diesel,Manual,23.4 kmpl,1248 CC,74.0 bhp,91Nm@ 3500rpm,5.0,580000
BMW 6,BMW,6,3,12500,Individual,Petrol,Automatic,14.28 kmpl,1998 CC,258.0 bhp,190Nm@ 2000rpm,4.0,5200000
Maruti Baleno,Maruti,Baleno,5,30000,Individual,  Diesel ,Manual,27.39 kmpl,1248 CC,74.0 bhp,91Nm@ 3500rpm,5.0,700000
Hyundai Grand,Hyundai,Grand,6,50283,Dealer,petrol,Manual,18.9 kmpl,1197 CC,82.0 bhp,250Nm@ 1500-2500rpm,5.0,404000
Maruti Swift Dzire,Maruti,Swift Dzire,4,50000,Individual,DIESEL,Manual,28.4 kmpl,1248 CC,74.02 bhp,190Nm@ 2000rpm,5.0,740000
Ford Ecosport,Ford,Ecosport,5,47935,Dealer,  Petrol ,Automatic,14.7 kmpl,1496 CC,120.69 bhp,24@ 1900(kgm@ rpm),5.0,865000
Maruti Ciaz,Maruti,Ciaz,4,25000,Dealer,Petrol,Automatic,19.12 kmpl,1373 CC,91.1 bhp,190Nm@ 2000rpm,5.0,795000
Volkswagen Vento,Volkswagen,Vento,7,45260,Dealer,Petrol,Automatic,18.19 kmpl,1197 CC,103.2 bhp,"12.7@ 2,700(kgm@ rpm)",5.0,499000
Hyundai Verna,Hyundai,Verna,7,43000,Individual,Petrol,Manual,,,105.5 bhp,,5.0,600000
Mahindra Scorpio,Mahindra,Scorpio,10,137000,INDIVIDUAL,Diesel,Automatic,11.79 kmpl,2179 CC,120.0 bhp,24@ 1900(kgm@ rpm),,480000
Volkswagen Polo,Volkswagen,Polo,6,65817,dealer,Diesel,Manual,20.14 kmpl,1498 CC,88.8 bhp,250Nm@ 1500-2500rpm,5.0,580000
Honda City,Honda,City,7,69000,Dealer,DIESEL,Manual,26.0 kmpl,1498 CC,98.6 bhp,"12.7@ 2,700(kgm@ rpm)",5.0,490000
Honda City,Honda,City,3,28000,Dealer,DIESEL,Manual,26.0 kmpl,1498 CC,98.6 bhp,190Nm@ 2000rpm,5.0,899000
Hyundai i20,Hyundai,i20,8,110000,Individual,diesel,Manual,21.9 kmpl,1396 CC,88.76 bhp,170Nm@ 1800-2400rpm,5.0,350000
Hyundai Grand,Hyundai,Grand,4,50000,Individual,Diesel,Manual,24.0 kmpl,1186 CC,73.97 bhp,190Nm@ 2000rpm,5.0,450000
Maruti Swift Dzire,Maruti,Swift Dzire,6,36000,  Dealer ,DIESEL,Manual,23.4 kmpl,1248 CC,74.0 bhp,24@ 1900(kgm@ rpm),5.0,545000
Hyundai i20,Hyundai,i20,2,28000,DEALER,Petrol,Manual,18.6 kmpl,1197 CC,81.83 bhp,113Nm@ 4000rpm,5.0,630000
Maruti Alto,Maruti,Alto,13,60000,Individual,Petrol,Manual,19.7 kmpl,796 CC,46.3 bhp,91Nm@ 3500rpm,5.0,97000
Hyundai i10,Hyundai,i10,8,68000,Dealer,  Petrol ,Manual,20.36 kmpl,1197 CC,78.9 bhp,"12.7@ 2,700(kgm@ rpm)",5.0,270000
Hyundai Verna,Hyundai,Verna,5,35000,Individual,Diesel,Manual,,1396 CC,88.7 bhp,250Nm@ 1500-2500rpm,5.0,655000
Hyundai Verna,Hyundai,Verna,8,41000,Dealer,Diesel,Manual,22.32 kmpl,1582 CC,126.32 bhp,"12.7@ 2,700(kgm@ rpm)",5.0,430000
Hyundai i20,Hyundai,i20,4,120000,Individual,  Diesel ,Manual,22.54 kmpl,1396 CC,88.73 bhp,250Nm@ 1500-2500rpm,5.0,650000
Honda Amaze,Honda,Amaze,8,47277,DEALER,Diesel,Manual,25.8 kmpl,1498 CC,98.6 bhp,24@ 1900(kgm@ rpm),5.0,399000
Maruti Swift,Maruti,Swift,5,65000,Dealer,Diesel,Manual,22.9 kmpl,,74.0 bhp,,5.0,399000
Hyundai Grand,Hyundai,Grand,5,63000,DEALER,  Petrol ,Manual,18.9 kmpl,1197 CC,82.0 bhp,113Nm@ 4000rpm,5.0,450000
Ford Figo,Ford,Figo,5,70000,Individual,  Diesel ,Manual,25.83 kmpl,1498 CC,99.0 bhp,91Nm@ 3500rpm,5.0,400000
Mahindra XUV500,Mahindra,XUV500,8,113000,Dealer,Diesel,Manual,16.0 kmpl,2179 CC,140.0 bhp,170Nm@ 1800-2400rpm,7.0,650000
Skoda Rapid,Skoda,Rapid,8,54000,  Dealer ,Diesel,Manual,,1598 CC,103.5 bhp,,5.0,365000
Jaguar XF,Jaguar,XF,6,25000,dealer,Diesel,Automatic,14.74 kmpl,2993 CC,270.9 bhp,113Nm@ 4000rpm,5.0,2790000
Maruti Swift,Maruti,Swift,6,60000,Individual,Diesel,Manual,25.2 kmpl,1248 CC,74.0 bhp,91Nm@ 3500rpm,5.0,500000
Toyota Innova,Toyota,Innova,5,70000,Individual,Diesel,Manual,13.68 kmpl,2393 CC,147.8 bhp,200Nm@ 1750rpm,7.0,1600000
Skoda Superb,Skoda,Superb,9,80000,Dealer,PETROL,Manual,13.14 kmpl,1798 CC,160.0 bhp,"12.7@ 2,700(kgm@ rpm)",5.0,395000
Maruti Ertiga,Maruti,Ertiga,6,57748,  Dealer ,CNG,Manual,17.5 km/kg,1373 CC,80.46 bhp,190Nm@ 2000rpm,7.0,675000
Tata Nexon,Tata,Nexon,3,40000,Individual,Diesel,Automatic,21.5 kmpl,1497 CC,108.5 bhp,113Nm@ 4000rpm,5.0,1000000
Maruti Ertiga,Maruti,Ertiga,5,19000,Individual,Petrol,Manual,17.5 kmpl,1373 CC,91.1 bhp,250Nm@ 1500-2500rpm,7.0,750000
Tata Hexa,Tata,Hexa,4,186000,Individual,DIESEL,Manual,17.6 kmpl,2179 CC,153.86 bhp,200Nm@ 1750rpm,,1220000
Mahindra Thar,Mahindra,Thar,3,21219,Dealer,diesel,Manual,16.55 kmpl,2498 CC,105.0 bhp,190Nm@ 2000rpm,6.0,995000
Hyundai Verna,Hyundai,Verna,7,56200,  Dealer ,Petrol,Manual,17.1 kmpl,1591 CC,121.3 bhp,24@ 1900(kgm@ rpm),5.0,691000
Porsche Panamera,Porsche,Panamera,8,25000,Dealer,Diesel,Automatic,7.5 kmpl,4806 CC,394.3 bhp,113Nm@ 4000rpm,4.0,6500000
Maruti Swift,Maruti,Swift,7,130000,Individual,  Diesel ,Manual,25.2 kmpl,1248 CC,,24@ 1900(kgm@ rpm),5.0,500000
Volkswagen Polo,Volkswagen,Polo,5,93096,Dealer,Petrol,Manual,16.2 kmpl,1199 CC,74.0 bhp,113Nm@ 4000rpm,5.0,500000
Honda WR-V,Honda,WR-V,4,27724,Dealer,Petrol,Manual,17.5 kmpl,1199 CC,88.7 bhp,190Nm@ 2000rpm,5.0,750000
Honda City,Honda,City,5,40000,DEALER,petrol,Manual,,1497 CC,117.3 bhp,170Nm@ 1800-2400rpm,5.0,690000
Datsun redi-GO,Datsun,redi-GO,5,47000,Dealer,Petrol,Manual,,799 CC,53.64 bhp,91Nm@ 3500rpm,5.0,299000
Maruti Celerio,Maruti,Celerio,3,47064,Dealer,PETROL,Automatic,23.1 kmpl,998 CC,67.04 bhp,190Nm@ 2000rpm,5.0,525000
Hyundai Grand,Hyundai,Grand,2,25000,individual,Petrol,Manual,18.9 kmpl,1197 CC,81.86 bhp,190Nm@ 2000rpm,5.0,550000
Hyundai i20,Hyundai,i20,3,33000,  Dealer ,PETROL,Manual,,1197 CC,81.86 bhp,24@ 1900(kgm@ rpm),5.0,790000
Ford Ecosport,Ford,Ecosport,2,15000,Individual,petrol,Manual,18.1 kmpl,999 CC,123.24 bhp,24@ 1900(kgm@ rpm),5.0,1000000
Hyundai Aura,Hyundai,Aura,1,4500,Individual,Petrol,Manual,20.5 kmpl,1197 CC,81.86 bhp,"12.7@ 2,700(kgm@ rpm)",5.0,900000
Ford Ecosport,Ford,Ecosport,5,35000,DEALER,  Petrol ,Manual,15.85 kmpl,1499 CC,110.4 bhp,170Nm@ 1800-2400rpm,5.0,670000
Maruti Swift Dzire,Maruti,Swift Dzire,7,100000,individual,Diesel,Manual,23.4 kmpl,1248 CC,74.0 bhp,"12.7@ 2,700(kgm@ rpm)",5.0,450000
Hyundai i20,Hyundai,i20,10,78000,Dealer,DIESEL,Manual,23.0 kmpl,1396 CC,90.0 bhp,250Nm@ 1500-2500rpm,5.0,325000
Maruti Wagon R,Maruti,Wagon R,16,40000,INDIVIDUAL,Petrol,Manual,18.9 kmpl,998 CC,67.1 bhp,113Nm@ 4000rpm,,75000
Maruti Swift Dzire,Maruti,Swift Dzire,8,120000,Individual,Diesel,Manual,23.4 kmpl,1248 CC,74.0 bhp,250Nm@ 1500-2500rpm,,480000
Skoda Rapid,Skoda,Rapid,7,70000,Dealer,Diesel,Manual,21.14 kmpl,1498 CC,103.6 bhp,24@ 1900(kgm@ rpm),5.0,535000
Hyundai i20,Hyundai,i20,9,53000,dealer,diesel,Manual,21.9 kmpl,1396 CC,90.0 bhp,250Nm@ 1500-2500rpm,5.0,385000
Toyota Innova,Toyota,Innova,7,86606,Dealer,DIESEL,Manual,12.99 kmpl,2494 CC,100.6 bhp,170Nm@ 1800-2400rpm,7.0,995000
Mahindra Bolero,Mahindra,Bolero,8,58000,INDIVIDUAL,Diesel,Manual,15.96 kmpl,2523 CC,62.1 bhp,113Nm@ 4000rpm,7.0,670000
Tata Tiago,Tata,Tiago,3,5000,DEALER,petrol,Manual,23.84 kmpl,1199 CC,,24@ 1900(kgm@ rpm),5.0,565000
Maruti Swift,Maruti,Swift,10,70000,INDIVIDUAL,DIESEL,Manual,22.9 kmpl,1248 CC,,"12.7@ 2,700(kgm@ rpm)",5.0,400000
Hyundai Grand,Hyundai,Grand,7,80000,Individual,diesel,Manual,24.0 kmpl,1120 CC,70.0 bhp,190Nm@ 2000rpm,5.0,300000
Toyota Camry,Toyota,Camry,5,85000,Dealer,  Electric ,Automatic,,2494 CC,157.7 bhp,170Nm@ 1800-2400rpm,5.0,1865000
Maruti Swift Dzire,Maruti,Swift Dzire,6,88562,Dealer,Diesel,Manual,23.4 kmpl,1248 CC,74.0 bhp,91Nm@ 3500rpm,5.0,520000
Volkswagen Vento,Volkswagen,Vento,8,80000,individual,Petrol,Manual,15.04 kmpl,1598 CC,103.6 bhp,200Nm@ 1750rpm,5.0,350000
Hyundai i20,Hyundai,i20,3,5000,  Individual ,Petrol,Manual,18.6 kmpl,1197 CC,81.86 bhp,"12.7@ 2,700(kgm@ rpm)",5.0,815000
Mahindra Scorpio,Mahindra,Scorpio,8,79000,Dealer,Diesel,Manual,12.05 kmpl,2179 CC,120.0 bhp,190Nm@ 2000rpm,8.0,775000
Renault KWID,Renault,KWID,4,40000,individual,Petrol,Manual,23.01 kmpl,999 CC,67.0 bhp,190Nm@ 2000rpm,5.0,260000
Hyundai Grand,Hyundai,Grand,4,22000,INDIVIDUAL,petrol,Manual,18.9 kmpl,1197 CC,81.86 bhp,200Nm@ 1750rpm,5.0,490000
Volkswagen Polo,Volkswagen,Polo,6,60942,DEALER,Diesel,Manual,20.14 kmpl,1498 CC,88.0 bhp,170Nm@ 1800-2400rpm,5.0,560000
Toyota Innova,Toyota,Innova,13,193000,Dealer,Diesel,Manual,12.8 kmpl,2494 CC,102.0 bhp,190Nm@ 2000rpm,7.0,425000
Toyota Camry,Toyota,Camry,11,47000,DEALER,petrol,Manual,13.4 kmpl,2362 CC,,250Nm@ 1500-2500rpm,5.0,475000
Skoda Superb,Skoda,Superb,6,34000,dealer,Petrol,Automatic,13.7 kmpl,1798 CC,157.75 bhp,200Nm@ 1750rpm,5.0,1160000
Toyota Innova,Toyota,Innova,13,200000,Individual,  Diesel ,Manual,12.8 kmpl,2494 CC,102.0 bhp,"12.7@ 2,700(kgm@ rpm)",8.0,600000
Hyundai Grand,Hyundai,Grand,5,40000,individual,Petrol,Manual,18.9 kmpl,1197 CC,82.0 bhp,113Nm@ 4000rpm,5.0,400000
Skoda Rapid,Skoda,Rapid,3,52865,dealer,DIESEL,Automatic,21.66 kmpl,1498 CC,103.6 bhp,200Nm@ 1750rpm,5.0,950000
Volkswagen Polo,Volkswagen,Polo,5,43439,dealer,Petrol,Manual,16.2 kmpl,1199 CC,74.0 bhp,250Nm@ 1500-2500rpm,5.0,535000
Ford Ecosport,Ford,Ecosport,3,7500,Individual,Diesel,Manual,23.0 kmpl,1498 CC,98.96 bhp,"12.7@ 2,700(kgm@ rpm)",5.0,890000
Hyundai Elantra,Hyundai,Elantra,6,50000,Dealer,Petrol,Automatic,14.62 kmpl,1999 CC,149.92 bhp,170Nm@ 1800-2400rpm,5.0,850000
Maruti Swift Dzire,Maruti,Swift Dzire,4,77000,Dealer,Diesel,Manual,19.3 kmpl,1248 CC,73.9 bhp,170Nm@ 1800-2400rpm,5.0,700000
Hyundai Creta,Hyundai,Creta,5,80000,Dealer,Petrol,Manual,13.0 kmpl,1591 CC,121.3 bhp,"12.7@ 2,700(kgm@ rpm)",5.0,925000
Mahindra Thar,Mahindra,Thar,8,45000,Dealer,Diesel,Manual,16.55 kmpl,2498 CC,105.0 bhp,"12.7@ 2,700(kgm@ rpm)",7.0,545000
Hyundai i20,Hyundai,i20,3,35000,Individual,Petrol,Manual,18.6 kmpl,1197 CC,81.83 bhp,200Nm@ 1750rpm,5.0,600000
Maruti Ciaz,Maruti,Ciaz,5,48448,dealer,PETROL,Manual,20.73 kmpl,1373 CC,91.1 bhp,"12.7@ 2,700(kgm@ rpm)",5.0,675000
BMW X1,BMW,X1,2,22450,Dealer,  Diesel ,Automatic,20.68 kmpl,1995 CC,190.0 bhp,"12.7@ 2,700(kgm@ rpm)",5.0,3011000
Mahindra Scorpio,Mahindra,Scorpio,7,15000,INDIVIDUAL,Diesel,Manual,14.0 kmpl,2523 CC,75.0 bhp,91Nm@ 3500rpm,8.0,900000
Honda Amaze,Honda,Amaze,2,19000,Dealer,Petrol,Manual,17.8 kmpl,1198 CC,86.7 bhp,"12.7@ 2,700(kgm@ rpm)",5.0,580000
Volkswagen Vento,Volkswagen,Vento,10,145000,INDIVIDUAL,diesel,Manual,20.54 kmpl,1598 CC,103.6 bhp,250Nm@ 1500-2500rpm,5.0,200000
Honda WR-V,Honda,WR-V,3,20637,Dealer,Diesel,Manual,25.5 kmpl,1498 CC,98.6 bhp,190Nm@ 2000rpm,5.0,800000
Ford Figo,Ford,Figo,5,97000,Dealer,Diesel,Manual,25.83 kmpl,1498 CC,99.0 bhp,250Nm@ 1500-2500rpm,5.0,475000
Maruti Wagon R,Maruti,Wagon R,9,16000,  Individual ,Petrol,Manual,,998 CC,67.1 bhp,113Nm@ 4000rpm,5.0,400000
Honda Amaze,Honda,Amaze,3,3919,Dealer,Diesel,Automatic,23.8 kmpl,1498 CC,78.9 bhp,113Nm@ 4000rpm,5.0,895000
Maruti Swift Dzire,Maruti,Swift Dzire,10,120000,Dealer,Petrol,Manual,21.21 kmpl,1197 CC,81.8 bhp,170Nm@ 1800-2400rpm,5.0,324000
Datsun RediGO,Datsun,RediGO,5,30000,  Individual ,petrol,Manual,22.7 kmpl,799 CC,53.64 bhp,91Nm@ 3500rpm,5.0,170000
Hyundai Verna,Hyundai,Verna,10,58222,DEALER,DIESEL,Manual,,1582 CC,126.32 bhp,190Nm@ 2000rpm,5.0,421000
Hyundai i20,Hyundai,i20,10,111000,Dealer,Diesel,Manual,23.0 kmpl,1396 CC,90.0 bhp,24@ 1900(kgm@ rpm),5.0,399000
Hyundai i10,Hyundai,i10,10,82110,Dealer,Petrol,Manual,20.36 kmpl,1197 CC,78.9 bhp,200Nm@ 1750rpm,5.0,265000
Hyundai Grand,Hyundai,Grand,8,71719,Dealer,Petrol,Manual,18.9 kmpl,1197 CC,82.0 bhp,170Nm@ 1800-2400rpm,5.0,230000
Maruti Swift Dzire,Maruti,Swift Dzire,9,77775,Individual,Diesel,Manual,19.3 kmpl,1248 CC,73.9 bhp,24@ 1900(kgm@ rpm),,450000
Hyundai i10,Hyundai,i10,9,25000,Individual,PETROL,Manual,20.36 kmpl,1197 CC,78.9 bhp,24@ 1900(kgm@ rpm),5.0,315000
Hyundai Verna,Hyundai,Verna,8,74000,Dealer,Petrol,Manual,,1591 CC,121.3 bhp,250Nm@ 1500-2500rpm,5.0,425000
Mercedes-Benz C-Class,Mercedes-Benz,C-Class,3,25000,DEALER,Diesel,Automatic,19.27 kmpl,2143 CC,170.0 bhp,24@ 1900(kgm@ rpm),5.0,3350000
Mahindra XUV500,Mahindra,XUV500,9,87500,  Individual ,diesel,Manual,15.1 kmpl,2179 CC,140.0 bhp,91Nm@ 3500rpm,7.0,600000
Mercedes-Benz GLS,Mercedes-Benz,GLS,3,28000,Dealer,PETROL,Automatic,8.9 kmpl,2996 CC,333.0 bhp,"12.7@ 2,700(kgm@ rpm)",7.0,7000000
Mahindra Scorpio,Mahindra,Scorpio,10,60000,Individual,Diesel,Manual,12.05 kmpl,2179 CC,120.0 bhp,24@ 1900(kgm@ rpm),8.0,556000
Hyundai Venue,Hyundai,Venue,1,581,Trustmark Dealer,Petrol,Manual,18.0 kmpl,998 CC,118.35 bhp,170Nm@ 1800-2400rpm,5.0,1145000
Mahindra Scorpio,Mahindra,Scorpio,11,67900,Dealer,diesel,Manual,12.05 kmpl,2179 CC,,190Nm@ 2000rpm,7.0,300000
Mahindra Scorpio,Mahindra,Scorpio,9,54000,Dealer,Diesel,Manual,12.05 kmpl,2179 CC,120.0 bhp,91Nm@ 3500rpm,7.0,430000
Maruti Wagon R,Maruti,Wagon R,7,36000,Dealer,Petrol,Manual,21.79 kmpl,998 CC,67.05 bhp,190Nm@ 2000rpm,5.0,310000
Maruti Swift,Maruti,Swift,6,50000,INDIVIDUAL,PETROL,Manual,20.4 kmpl,1197 CC,81.8 bhp,"12.7@ 2,700(kgm@ rpm)",5.0,450000
Renault Duster,Renault,Duster,4,36000,DEALER,Diesel,Manual,19.87 kmpl,1461 CC,83.8 bhp,24@ 1900(kgm@ rpm),5.0,680000
Skoda Rapid,Skoda,Rapid,3,24000,Dealer,Diesel,Manual,21.13 kmpl,1498 CC,108.6 bhp,91Nm@ 3500rpm,5.0,950000
BMW 3,BMW,3,5,96500,Dealer,Diesel,Automatic,19.59 kmpl,1995 CC,184.0 bhp,24@ 1900(kgm@ rpm),5.0,2500000
Tata Tiago,Tata,Tiago,3,7000,Individual,Petrol,Manual,23.84 kmpl,1199 CC,84.0 bhp,91Nm@ 3500rpm,5.0,490000
Skoda Octavia,Skoda,Octavia,4,40000,Dealer,petrol,Automatic,15.1 kmpl,1798 CC,177.0 bhp,190Nm@ 2000rpm,5.0,1500000
Maruti Swift,Maruti,Swift,5,31000,Individual,Petrol,Manual,20.4 kmpl,1197 CC,81.8 bhp,200Nm@ 1750rpm,5.0,425000
Maruti Vitara,Maruti,Vitara,4,68000,dealer,Diesel,Manual,24.3 kmpl,1248 CC,88.5 bhp,250Nm@ 1500-2500rpm,5.0,785000
BMW X5,BMW,X5,2,10351,DEALER,Diesel,Automatic,,2993 CC,265.0 bhp,"12.7@ 2,700(kgm@ rpm)",5.0,8100000
Maruti Swift,Maruti,Swift,4,49649,dealer,Diesel,Manual,25.2 kmpl,1248 CC,74.0 bhp,91Nm@ 3500rpm,5.0,645000
Maruti Alto,Maruti,Alto,5,32903,  Dealer ,Petrol,Manual,23.95 kmpl,998 CC,67.05 bhp,24@ 1900(kgm@ rpm),5.0,347000
Renault Duster,Renault,Duster,8,38000,INDIVIDUAL,Diesel,Manual,19.01 kmpl,1461 CC,108.45 bhp,91Nm@ 3500rpm,5.0,580000
Volkswagen Polo,Volkswagen,Polo,6,61500,Dealer,Diesel,Manual,20.14 kmpl,1498 CC,88.8 bhp,190Nm@ 2000rpm,5.0,475000
Maruti Ciaz,Maruti,Ciaz,3,19000,  Dealer ,Petrol,Automatic,,1373 CC,91.1 bhp,,5.0,950000
Mahindra XUV500,Mahindra,XUV500,3,50000,Individual,Diesel,Manual,15.1 kmpl,2179 CC,152.87 bhp,113Nm@ 4000rpm,7.0,1350000
Maruti Alto,Maruti,Alto,5,50000,Dealer,Petrol,Automatic,23.95 kmpl,998 CC,67.05 bhp,113Nm@ 4000rpm,5.0,335000
Maruti Celerio,Maruti,Celerio,4,40000,Individual,PETROL,Automatic,23.1 kmpl,998 CC,67.04 bhp,170Nm@ 1800-2400rpm,5.0,400000
Maruti Swift Dzire,Maruti,Swift Dzire,8,78000,Dealer,Petrol,Manual,19.1 kmpl,1197 CC,85.8 bhp,200Nm@ 1750rpm,5.0,385000
Tata Safari,Tata,Safari,11,120000,Individual,DIESEL,Manual,11.57 kmpl,2179 CC,138.1 bhp,190Nm@ 2000rpm,7.0,200000
Toyota Fortuner,Toyota,Fortuner,6,47000,dealer,DIESEL,Automatic,12.55 kmpl,2982 CC,,250Nm@ 1500-2500rpm,7.0,1940000
Maruti Alto,Maruti,Alto,1,11000,individual,Petrol,Manual,22.05 kmpl,796 CC,47.3 bhp,,5.0,350000
Toyota Camry,Toyota,Camry,6,64000,dealer,Petrol,Automatic,,2494 CC,158.2 bhp,250Nm@ 1500-2500rpm,5.0,1700000
Toyota Yaris,Toyota,Yaris,3,25000,Individual,  Petrol ,Automatic,17.8 kmpl,1496 CC,105.5 bhp,190Nm@ 2000rpm,5.0,1080000
Maruti Swift,Maruti,Swift,2,15000,Dealer,petrol,Automatic,22.0 kmpl,1197 CC,81.8 bhp,170Nm@ 1800-2400rpm,5.0,650000
BMW 3,BMW,3,2,10000,  Individual ,  Diesel ,Automatic,22.69 kmpl,1995 CC,190.0 bhp,24@ 1900(kgm@ rpm),5.0,4500000
Maruti Swift Dzire,Maruti,Swift Dzire,9,80000,Individual,  Petrol ,Manual,17.5 kmpl,1197 CC,85.8 bhp,250Nm@ 1500-2500rpm,5.0,400000
Skoda Superb,Skoda,Superb,8,75000,dealer,PETROL,Manual,13.14 kmpl,1798 CC,157.8 bhp,170Nm@ 1800-2400rpm,,499000
Renault Duster,Renault,Duster,3,40000,Individual,  Diesel ,Manual,20.0 kmpl,1461 CC,83.8 bhp,250Nm@ 1500-2500rpm,5.0,900000
Honda Civic,Honda,Civic,9,70000,Individual,Petrol,Manual,14.8 kmpl,1799 CC,130.2 bhp,190Nm@ 2000rpm,5.0,500000
BMW 3,BMW,3,5,46000,Dealer,Diesel,Automatic,21.76 kmpl,1995 CC,188.0 bhp,170Nm@ 1800-2400rpm,5.0,2650000
Maruti Alto,Maruti,Alto,9,105800,Individual,  Petrol ,Manual,20.92 kmpl,998 CC,67.1 bhp,190Nm@ 2000rpm,5.0,160000
Maruti Swift,Maruti,Swift,3,20000,individual,Petrol,Automatic,22.0 kmpl,1197 CC,81.8 bhp,24@ 1900(kgm@ rpm),5.0,690000
BMW 5,BMW,5,4,55000,DEALER,Diesel,Automatic,22.48 kmpl,1995 CC,187.74 bhp,113Nm@ 4000rpm,5.0,3600000
Volkswagen Polo,Volkswagen,Polo,6,95000,DEALER,diesel,Manual,20.14 kmpl,1498 CC,88.8 bhp,250Nm@ 1500-2500rpm,5.0,555000
Hyundai Creta,Hyundai,Creta,6,148000,individual,diesel,Manual,19.67 kmpl,1582 CC,126.2 bhp,250Nm@ 1500-2500rpm,5.0,950000
Renault KWID,Renault,KWID,5,28842,dealer,Petrol,Manual,25.17 kmpl,799 CC,53.3 bhp,250Nm@ 1500-2500rpm,5.0,350000
Renault KWID,Renault,KWID,6,32000,  Dealer ,PETROL,Manual,20.71 kmpl,799 CC,53.26 bhp,170Nm@ 1800-2400rpm,5.0,245000
Maruti Vitara,Maruti,Vitara,5,20000,Individual,Diesel,Manual,24.3 kmpl,1248 CC,88.5 bhp,250Nm@ 1500-2500rpm,5.0,1000000
Hyundai Creta,Hyundai,Creta,5,50000,DEALER,Diesel,Automatic,17.01 kmpl,1582 CC,126.2 bhp,190Nm@ 2000rpm,5.0,940000
Maruti Wagon R,Maruti,Wagon R,5,11999,dealer,Petrol,Manual,20.51 kmpl,998 CC,67.04 bhp,24@ 1900(kgm@ rpm),5.0,436000
Toyota Fortuner,Toyota,Fortuner,11,158000,Dealer,Diesel,Manual,11.5 kmpl,2982 CC,171.0 bhp,200Nm@ 1750rpm,7.0,1050000
Ford Ecosport,Ford,Ecosport,8,55000,DEALER,Diesel,Manual,22.7 kmpl,1498 CC,89.84 bhp,250Nm@ 1500-2500rpm,5.0,395000
Maruti Wagon R,Maruti,Wagon R,5,55000,Dealer,cng,Manual,32.52 km/kg,998 CC,58.33 bhp,170Nm@ 1800-2400rpm,5.0,325000
Toyota Innova,Toyota,Innova,7,15000,INDIVIDUAL,Diesel,Manual,12.99 kmpl,2494 CC,100.6 bhp,170Nm@ 1800-2400rpm,7.0,925000
Hyundai Creta,Hyundai,Creta,6,70000,  Individual ,DIESEL,Manual,21.38 kmpl,1396 CC,88.7 bhp,91Nm@ 3500rpm,5.0,800000
Hyundai Grand,Hyundai,Grand,2,15000,Individual,Petrol,Automatic,18.9 kmpl,1197 CC,81.86 bhp,"12.7@ 2,700(kgm@ rpm)",5.0,535000
Toyota Innova,Toyota,Innova,3,80000,Individual,diesel,Manual,13.68 kmpl,2393 CC,147.8 bhp,91Nm@ 3500rpm,8.0,1350000
Maruti Swift,Maruti,Swift,4,19072,Dealer,PETROL,Manual,22.0 kmpl,1197 CC,81.8 bhp,113Nm@ 4000rpm,5.0,499000
Maruti Wagon R,Maruti,Wagon R,5,60000,  Individual ,PETROL,Manual,20.51 kmpl,998 CC,67.04 bhp,170Nm@ 1800-2400rpm,5.0,380000
Maruti Wagon R,Maruti,Wagon R,3,33955,Trustmark Dealer,CNG,Manual,33.54 km/kg,998 CC,67.04 bhp,200Nm@ 1750rpm,5.0,425000
BMW 3,BMW,3,3,70000,Dealer,petrol,Automatic,15.34 kmpl,1998 CC,248.0 bhp,200Nm@ 1750rpm,5.0,3400000
Maruti Vitara,Maruti,Vitara,3,34879,Dealer,Diesel,Automatic,24.3 kmpl,1248 CC,88.5 bhp,250Nm@ 1500-2500rpm,5.0,1090000
Volvo XC,Volvo,XC,1,9000,Dealer,Diesel,Automatic,17.2 kmpl,1969 CC,235.0 bhp,113Nm@ 4000rpm,7.0,8195000
Toyota Innova,Toyota,Innova,12,104000,INDIVIDUAL,Diesel,Manual,,2494 CC,102.0 bhp,170Nm@ 1800-2400rpm,8.0,525000
BMW X1,BMW,X1,9,78000,Individual,Diesel,Automatic,17.05 kmpl,1995 CC,184.0 bhp,190Nm@ 2000rpm,5.0,951000
Skoda Octavia,Skoda,Octavia,12,200000,individual,Diesel,Manual,18.7 kmpl,1896 CC,,190Nm@ 2000rpm,5.0,290000
Maruti Swift Dzire,Maruti,Swift Dzire,6,52000,dealer,Diesel,Manual,26.59 kmpl,1248 CC,74.0 bhp,200Nm@ 1750rpm,5.0,490000
Honda WR-V,Honda,WR-V,4,31031,DEALER,Diesel,Manual,25.5 kmpl,1498 CC,98.6 bhp,"12.7@ 2,700(kgm@ rpm)",5.0,725000
Datsun GO,Datsun,GO,4,24000,  Individual ,Petrol,Manual,19.44 kmpl,1198 CC,67.0 bhp,190Nm@ 2000rpm,7.0,425000
Maruti Wagon R,Maruti,Wagon R,7,41423,dealer,Petrol,Manual,,998 CC,67.05 bhp,170Nm@ 1800-2400rpm,5.0,295000
Kia Seltos,Kia,Seltos,2,14000,Dealer,Diesel,Manual,20.8 kmpl,1493 CC,113.4 bhp,"12.7@ 2,700(kgm@ rpm)",5.0,1350000
Maruti Swift,Maruti,Swift,4,60000,individual,PETROL,Manual,22.0 kmpl,1197 CC,81.8 bhp,170Nm@ 1800-2400rpm,5.0,445000
Maruti Swift Dzire,Maruti,Swift Dzire,4,120000,Individual,Diesel,Manual,28.4 kmpl,1248 CC,74.02 bhp,113Nm@ 4000rpm,5.0,547000
Jeep Compass,Jeep,Compass,4,29000,dealer,  Diesel ,Manual,17.1 kmpl,1956 CC,,170Nm@ 1800-2400rpm,5.0,1550000
Hyundai Verna,Hyundai,Verna,6,28789,Dealer,Petrol,Manual,17.01 kmpl,1591 CC,121.3 bhp,200Nm@ 1750rpm,5.0,625000
Toyota Fortuner,Toyota,Fortuner,9,123105,dealer,  Diesel ,Automatic,11.5 kmpl,,169.0 bhp,,7.0,1250000
Tata Safari,Tata,Safari,8,98000,INDIVIDUAL,Diesel,Manual,14.0 kmpl,2179 CC,138.1 bhp,24@ 1900(kgm@ rpm),7.0,392000
Honda City,Honda,City,9,54311,dealer,Petrol,Manual,16.8 kmpl,1497 CC,116.3 bhp,200Nm@ 1750rpm,5.0,465000
Ford Ecosport,Ford,Ecosport,4,27000,individual,Petrol,Manual,15.85 kmpl,1499 CC,110.4 bhp,113Nm@ 4000rpm,5.0,870000
Maruti Swift,Maruti,Swift,6,50000,Individual,Diesel,Manual,25.2 kmpl,1248 CC,74.0 bhp,91Nm@ 3500rpm,5.0,550000
Renault Duster,Renault,Duster,9,103500,Dealer,diesel,Manual,19.01 kmpl,1461 CC,108.45 bhp,190Nm@ 2000rpm,5.0,475000
Maruti Swift,Maruti,Swift,5,58000,Dealer,Diesel,Automatic,28.4 kmpl,1248 CC,74.0 bhp,,5.0,595000
Maruti Ertiga,Maruti,Ertiga,9,120000,INDIVIDUAL,Diesel,Manual,20.77 kmpl,1248 CC,88.76 bhp,"12.7@ 2,700(kgm@ rpm)",7.0,450000
Honda City,Honda,City,9,47321,Dealer,petrol,Manual,17.4 kmpl,1497 CC,117.3 bhp,190Nm@ 2000rpm,5.0,349000
Land Rover Rover,Land Rover,Rover,3,38000,DEALER,Diesel,Automatic,18.0 kmpl,2993 CC,255.0 bhp,113Nm@ 4000rpm,7.0,3990000
Maruti Ciaz,Maruti,Ciaz,6,67927,  Dealer ,Petrol,Manual,20.73 kmpl,1373 CC,91.1 bhp,250Nm@ 1500-2500rpm,5.0,650000
Skoda Rapid,Skoda,Rapid,5,51930,Dealer,DIESEL,Automatic,21.66 kmpl,1498 CC,103.52 bhp,170Nm@ 1800-2400rpm,5.0,795000
Toyota Fortuner,Toyota,Fortuner,10,175000,DEALER,Diesel,Manual,11.5 kmpl,2982 CC,171.0 bhp,170Nm@ 1800-2400rpm,,1075000
Datsun GO,Datsun,GO,3,10177,Dealer,Petrol,Manual,20.62 kmpl,1198 CC,67.0 bhp,190Nm@ 2000rpm,7.0,349000
Hyundai Elantra,Hyundai,Elantra,5,28000,dealer,Petrol,Automatic,14.62 kmpl,1999 CC,149.92 bhp,"12.7@ 2,700(kgm@ rpm)",5.0,1525000
Maruti Swift,Maruti,Swift,5,28000,Dealer,petrol,Manual,20.4 kmpl,,83.11 bhp,,5.0,440000
Hyundai i20,Hyundai,i20,4,28810,Trustmark Dealer,Petrol,Manual,18.6 kmpl,1197 CC,81.83 bhp,"12.7@ 2,700(kgm@ rpm)",5.0,650000
Maruti Swift,Maruti,Swift,15,82000,dealer,petrol,Manual,16.1 kmpl,1298 CC,88.2 bhp,91Nm@ 3500rpm,5.0,205000
Hyundai i20,Hyundai,i20,7,48000,Dealer,petrol,Manual,18.5 kmpl,1197 CC,80.0 bhp,190Nm@ 2000rpm,5.0,390000
Tata Nexon,Tata,Nexon,3,35000,individual,  Petrol ,Manual,17.0 kmpl,1198 CC,108.5 bhp,"12.7@ 2,700(kgm@ rpm)",5.0,700000
Mahindra XUV500,Mahindra,XUV500,4,43000,Individual,Diesel,Manual,16.0 kmpl,2179 CC,140.0 bhp,170Nm@ 1800-2400rpm,7.0,1300000
Maruti Alto,Maruti,Alto,19,120000,Individual,Petrol,Manual,18.9 kmpl,1061 CC,47.0 bhp,"12.7@ 2,700(kgm@ rpm)",5.0,50000
Maruti Ertiga,Maruti,Ertiga,9,67000,Dealer,  Diesel ,Manual,20.77 kmpl,,88.76 bhp,,7.0,625000
Hyundai i20,Hyundai,i20,10,53541,dealer,PETROL,Manual,18.5 kmpl,1197 CC,80.0 bhp,200Nm@ 1750rpm,5.0,425000
Mahindra Bolero,Mahindra,Bolero,4,50000,Dealer,Diesel,Manual,16.5 kmpl,1493 CC,70.0 bhp,200Nm@ 1750rpm,7.0,775000
Maruti Swift Dzire,Maruti,Swift Dzire,9,112000,INDIVIDUAL,  Diesel ,Manual,23.4 kmpl,1248 CC,74.0 bhp,250Nm@ 1500-2500rpm,5.0,550000
Skoda Rapid,Skoda,Rapid,8,40000,Individual,Diesel,Manual,20.5 kmpl,1598 CC,103.5 bhp,24@ 1900(kgm@ rpm),5.0,500000
Maruti Swift Dzire,Maruti,Swift Dzire,7,72001,dealer,Petrol,Manual,19.1 kmpl,1197 CC,,91Nm@ 3500rpm,5.0,385000
Maruti Wagon R,Maruti,Wagon R,8,50000,individual,Petrol,Manual,20.51 kmpl,998 CC,67.04 bhp,170Nm@ 1800-2400rpm,5.0,292000
Honda Civic,Honda,Civic,15,80000,Individual,petrol,Manual,13.5 kmpl,1799 CC,130.0 bhp,190Nm@ 2000rpm,5.0,250000
Mahindra Bolero,Mahindra,Bolero,3,35000,INDIVIDUAL,  Diesel ,Manual,16.5 kmpl,1493 CC,,190Nm@ 2000rpm,7.0,800000
Hyundai i20,Hyundai,i20,4,64000,DEALER,Petrol,Manual,18.6 kmpl,1197 CC,81.83 bhp,250Nm@ 1500-2500rpm,5.0,480000
Toyota Innova,Toyota,Innova,8,42000,dealer,DIESEL,Manual,12.99 kmpl,2494 CC,100.6 bhp,"12.7@ 2,700(kgm@ rpm)",8.0,850000
Honda Amaze,Honda,Amaze,2,47001,Dealer,DIESEL,Manual,25.8 kmpl,1498 CC,,91Nm@ 3500rpm,5.0,549000
Maruti Alto,Maruti,Alto,5,50000,INDIVIDUAL,PETROL,Manual,24.7 kmpl,796 CC,47.3 bhp,200Nm@ 1750rpm,5.0,220000
Hyundai Santro,Hyundai,Santro,2,20000,individual,Petrol,Manual,,1086 CC,68.0 bhp,170Nm@ 1800-2400rpm,5.0,475000
Ford Aspire,Ford,Aspire,2,30000,Individual,DIESEL,Manual,26.1 kmpl,1498 CC,99.23 bhp,91Nm@ 3500rpm,5.0,660000
Toyota Innova,Toyota,Innova,3,27000,dealer,Diesel,Automatic,,2755 CC,,24@ 1900(kgm@ rpm),,1845000
Renault KWID,Renault,KWID,5,25000,Individual,Petrol,Manual,23.01 kmpl,999 CC,67.0 bhp,250Nm@ 1500-2500rpm,5.0,250000
Mercedes-Benz S-Class,Mercedes-Benz,S-Class,12,67000,Dealer,Petrol,Automatic,,3498 CC,364.9 bhp,170Nm@ 1800-2400rpm,5.0,1100000
Mercedes-Benz C-Class,Mercedes-Benz,C-Class,6,35000,dealer,Petrol,Automatic,14.74 kmpl,1991 CC,181.04 bhp,200Nm@ 1750rpm,5.0,2250000
Hyundai i20,Hyundai,i20,8,35000,Dealer,petrol,Manual,17.0 kmpl,1197 CC,80.0 bhp,"12.7@ 2,700(kgm@ rpm)",5.0,325000
Maruti Swift Dzire,Maruti,Swift Dzire,8,60500,Individual,Diesel,Manual,23.4 kmpl,1248 CC,74.0 bhp,250Nm@ 1500-2500rpm,5.0,450000
Toyota Fortuner,Toyota,Fortuner,3,39000,Dealer,Diesel,Automatic,12.9 kmpl,2755 CC,174.5 bhp,24@ 1900(kgm@ rpm),7.0,3050000
Datsun RediGO,Datsun,RediGO,4,15000,  Individual ,PETROL,Manual,22.5 kmpl,999 CC,67.0 bhp,200Nm@ 1750rpm,5.0,300000
Hyundai i10,Hyundai,i10,9,110699,Dealer,Petrol,Manual,20.36 kmpl,1197 CC,,190Nm@ 2000rpm,5.0,194000
Maruti Alto,Maruti,Alto,4,20920,DEALER,petrol,Manual,24.7 kmpl,796 CC,47.3 bhp,250Nm@ 1500-2500rpm,,310000
BMW X1,BMW,X1,4,40000,dealer,  Diesel ,Automatic,19.62 kmpl,1998 CC,,190Nm@ 2000rpm,5.0,2499000
Maruti Alto,Maruti,Alto,5,8230,Dealer,Petrol,Manual,20.92 kmpl,998 CC,67.1 bhp,113Nm@ 4000rpm,5.0,270000
Maruti Swift Dzire,Maruti,Swift Dzire,3,36787,Dealer,petrol,Manual,22.0 kmpl,1197 CC,81.8 bhp,24@ 1900(kgm@ rpm),5.0,650000
Mahindra XUV500,Mahindra,XUV500,2,100000,Dealer,Diesel,Manual,15.1 kmpl,2179 CC,,200Nm@ 1750rpm,7.0,1550000
Ford Aspire,Ford,Aspire,5,43652,Dealer,petrol,Manual,18.16 kmpl,1196 CC,86.8 bhp,"12.7@ 2,700(kgm@ rpm)",5.0,430000
Tata Nexon,Tata,Nexon,3,25000,Dealer,Petrol,Automatic,17.0 kmpl,1198 CC,108.5 bhp,250Nm@ 1500-2500rpm,5.0,910000
Mahindra Bolero,Mahindra,Bolero,1,30000,INDIVIDUAL,  Diesel ,Manual,16.5 kmpl,1493 CC,70.0 bhp,"12.7@ 2,700(kgm@ rpm)",7.0,790000
Toyota Fortuner,Toyota,Fortuner,11,240000,Dealer,Diesel,Manual,11.5 kmpl,2982 CC,171.0 bhp,190Nm@ 2000rpm,7.0,890000
Maruti Swift,Maruti,Swift,4,52920,  Dealer ,PETROL,Manual,21.21 kmpl,1197 CC,81.8 bhp,250Nm@ 1500-2500rpm,5.0,638000
Maruti Swift Dzire,Maruti,Swift Dzire,3,53000,  Dealer ,Diesel,Manual,19.3 kmpl,1248 CC,73.9 bhp,24@ 1900(kgm@ rpm),5.0,753000
Maruti Swift,Maruti,Swift,11,62000,  Dealer ,Petrol,Manual,16.1 kmpl,1298 CC,88.2 bhp,"12.7@ 2,700(kgm@ rpm)",5.0,219000
Volkswagen Vento,Volkswagen,Vento,7,76500,Individual,Diesel,Manual,20.34 kmpl,1498 CC,103.2 bhp,113Nm@ 4000rpm,5.0,400000
Hyundai i20,Hyundai,i20,4,24278,Trustmark Dealer,PETROL,Manual,18.6 kmpl,1197 CC,81.83 bhp,113Nm@ 4000rpm,5.0,535000
Maruti Swift,Maruti,Swift,7,24000,individual,Diesel,Manual,25.2 kmpl,1248 CC,74.0 bhp,170Nm@ 1800-2400rpm,5.0,600000
Ford Ecosport,Ford,Ecosport,4,28000,Individual,Petrol,Manual,17.0 kmpl,1497 CC,121.36 bhp,"12.7@ 2,700(kgm@ rpm)",5.0,600000
Maruti Ertiga,Maruti,Ertiga,2,18000,DEALER,PETROL,Manual,19.01 kmpl,1462 CC,103.26 bhp,250Nm@ 1500-2500rpm,7.0,800000
Hyundai Verna,Hyundai,Verna,4,10000,Dealer,Diesel,Manual,23.9 kmpl,1582 CC,126.32 bhp,24@ 1900(kgm@ rpm),5.0,1000000
Mahindra Scorpio,Mahindra,Scorpio,4,105679,  Individual ,DIESEL,Manual,15.4 kmpl,2523 CC,75.0 bhp,200Nm@ 1750rpm,7.0,900000
Mahindra XUV500,Mahindra,XUV500,3,60000,Individual,Diesel,Manual,16.0 kmpl,1997 CC,140.0 bhp,91Nm@ 3500rpm,7.0,1000000
Toyota Fortuner,Toyota,Fortuner,3,29456,DEALER,Diesel,Automatic,12.9 kmpl,2755 CC,174.5 bhp,91Nm@ 3500rpm,7.0,3000000
Maruti Wagon R,Maruti,Wagon R,2,19022,Dealer,CNG,Manual,33.54 km/kg,998 CC,67.04 bhp,91Nm@ 3500rpm,5.0,470000
Hyundai Verna,Hyundai,Verna,8,48000,Dealer,Petrol,Manual,17.01 kmpl,1591 CC,121.3 bhp,91Nm@ 3500rpm,5.0,510000
Maruti Ertiga,Maruti,Ertiga,5,48805,Individual,Diesel,Manual,24.52 kmpl,1248 CC,88.5 bhp,113Nm@ 4000rpm,7.0,390000
Land Rover Rover,Land Rover,Rover,8,75000,DEALER,diesel,Automatic,13.33 kmpl,2993 CC,244.1 bhp,250Nm@ 1500-2500rpm,5.0,7800000
Toyota Camry,Toyota,Camry,7,100000,DEALER,Petrol,Automatic,12.1 kmpl,2362 CC,164.7 bhp,"12.7@ 2,700(kgm@ rpm)",5.0,1100000
Honda Jazz,Honda,Jazz,5,20040,Dealer,Petrol,Automatic,19.0 kmpl,1199 CC,88.7 bhp,24@ 1900(kgm@ rpm),5.0,645000
Maruti Eeco,Maruti,Eeco,8,18000,Individual,Petrol,Manual,15.37 kmpl,1196 CC,73.0 bhp,113Nm@ 4000rpm,7.0,225000
Maruti Swift,Maruti,Swift,12,108000,Dealer,Diesel,Manual,17.8 kmpl,1248 CC,75.0 bhp,24@ 1900(kgm@ rpm),5.0,275000
Maruti Swift Dzire,Maruti,Swift Dzire,6,63348,Dealer,Diesel,Manual,19.3 kmpl,1248 CC,73.9 bhp,24@ 1900(kgm@ rpm),5.0,650000
Mahindra XUV500,Mahindra,XUV500,9,64345,Dealer,DIESEL,Manual,15.1 kmpl,2179 CC,140.0 bhp,170Nm@ 1800-2400rpm,7.0,490000
Maruti Baleno,Maruti,Baleno,3,39000,Dealer,petrol,Manual,21.4 kmpl,1197 CC,83.1 bhp,170Nm@ 1800-2400rpm,5.0,600000
Maruti Vitara,Maruti,Vitara,4,32000,Dealer,Diesel,Manual,24.3 kmpl,1248 CC,88.5 bhp,24@ 1900(kgm@ rpm),5.0,725000
Volkswagen Polo,Volkswagen,Polo,7,78000,Dealer,Diesel,Manual,20.14 kmpl,1498 CC,88.8 bhp,"12.7@ 2,700(kgm@ rpm)",5.0,360000
Datsun GO,Datsun,GO,6,110000,Individual,PETROL,Manual,19.44 kmpl,1198 CC,67.0 bhp,190Nm@ 2000rpm,7.0,280000
Honda City,Honda,City,5,55670,Dealer,Petrol,Manual,17.8 kmpl,1497 CC,,250Nm@ 1500-2500rpm,5.0,700000
Maruti Ertiga,Maruti,Ertiga,9,90000,individual,Diesel,Manual,20.77 kmpl,1248 CC,88.8 bhp,200Nm@ 1750rpm,7.0,520000
Mahindra Marazzo,Mahindra,Marazzo,2,70000,Individual,diesel,Manual,17.3 kmpl,1497 CC,121.0 bhp,250Nm@ 1500-2500rpm,8.0,1200000
Maruti Ertiga,Maruti,Ertiga,5,76000,Dealer,Diesel,Manual,24.52 kmpl,1248 CC,88.5 bhp,190Nm@ 2000rpm,7.0,825000
Maruti Alto,Maruti,Alto,10,68000,Dealer,Petrol,Manual,20.92 kmpl,998 CC,67.1 bhp,"12.7@ 2,700(kgm@ rpm)",5.0,265000
Mahindra XUV500,Mahindra,XUV500,5,35000,Individual,Diesel,Manual,16.0 kmpl,2179 CC,140.0 bhp,200Nm@ 1750rpm,7.0,900000
Mercedes-Benz E-Class,Mercedes-Benz,E-Class,11,48000,Dealer,  Petrol ,Manual,11.2 kmpl,2497 CC,203.0 bhp,113Nm@ 4000rpm,5.0,1050000
Renault KWID,Renault,KWID,3,20000,Dealer,  Petrol ,Manual,25.17 kmpl,799 CC,53.3 bhp,91Nm@ 3500rpm,5.0,365000
Honda Jazz,Honda,Jazz,6,80000,individual,Diesel,Manual,27.3 kmpl,1498 CC,98.6 bhp,190Nm@ 2000rpm,5.0,475000
Kia Seltos,Kia,Seltos,1,8000,Dealer,DIESEL,Manual,20.8 kmpl,1493 CC,113.4 bhp,200Nm@ 1750rpm,5.0,1450000
Volkswagen Polo,Volkswagen,Polo,2,23441,Dealer,diesel,Manual,20.14 kmpl,1498 CC,88.5 bhp,"12.7@ 2,700(kgm@ rpm)",5.0,850000
Honda City,Honda,City,6,48623,  Dealer ,Petrol,Manual,17.8 kmpl,1498 CC,119.35 bhp,190Nm@ 2000rpm,5.0,670000
Mahindra Scorpio,Mahindra,Scorpio,5,55000,Dealer,Diesel,Manual,15.4 kmpl,2179 CC,120.0 bhp,190Nm@ 2000rpm,8.0,975000
Honda City,Honda,City,4,71000,DEALER,petrol,Manual,17.8 kmpl,1497 CC,117.3 bhp,190Nm@ 2000rpm,5.0,850000
Audi A6,Audi,A6,4,27000,DEALER,Diesel,Automatic,18.53 kmpl,1968 CC,187.74 bhp,190Nm@ 2000rpm,5.0,2600000
Hyundai Grand,Hyundai,Grand,7,47985,DEALER,  Diesel ,Manual,24.0 kmpl,1120 CC,70.0 bhp,91Nm@ 3500rpm,5.0,521000
Volkswagen Polo,Volkswagen,Polo,5,29000,DEALER,Petrol,Automatic,17.21 kmpl,1197 CC,103.5 bhp,200Nm@ 1750rpm,5.0,795000
Hyundai Grand,Hyundai,Grand,4,35000,INDIVIDUAL,Petrol,Automatic,18.9 kmpl,1197 CC,81.86 bhp,24@ 1900(kgm@ rpm),5.0,511000
Renault Duster,Renault,Duster,8,72396,DEALER,Diesel,Manual,19.01 kmpl,1461 CC,108.45 bhp,"12.7@ 2,700(kgm@ rpm)",5.0,528000
Mercedes-Benz S-Class,Mercedes-Benz,S-Class,7,41700,Dealer,Petrol,Automatic,7.81 kmpl,5461 CC,362.9 bhp,250Nm@ 1500-2500rpm,5.0,5200000
Honda City,Honda,City,6,58000,Dealer,Petrol,Manual,17.8 kmpl,1497 CC,117.3 bhp,24@ 1900(kgm@ rpm),5.0,620000
Datsun GO,Datsun,GO,4,20000,Individual,  Petrol ,Manual,20.63 kmpl,1198 CC,67.06 bhp,113Nm@ 4000rpm,,300000
Maruti Ertiga,Maruti,Ertiga,4,63001,Dealer,Diesel,Manual,24.52 kmpl,1248 CC,88.5 bhp,91Nm@ 3500rpm,7.0,725000
Isuzu MUX,Isuzu,MUX,2,34000,Dealer,Diesel,Automatic,13.8 kmpl,2999 CC,174.57 bhp,200Nm@ 1750rpm,7.0,2300000
Ford Freestyle,Ford,Freestyle,2,5000,INDIVIDUAL,diesel,Manual,24.4 kmpl,1498 CC,98.63 bhp,200Nm@ 1750rpm,5.0,780000
Renault KWID,Renault,KWID,3,25000,individual,Petrol,Manual,25.17 kmpl,799 CC,53.3 bhp,170Nm@ 1800-2400rpm,5.0,330000
Toyota Innova,Toyota,Innova,5,18000,dealer,petrol,Manual,11.25 kmpl,2694 CC,163.7 bhp,113Nm@ 4000rpm,7.0,1475000
Honda WR-V,Honda,WR-V,3,22000,dealer,petrol,Manual,17.5 kmpl,1199 CC,88.7 bhp,113Nm@ 4000rpm,5.0,750000
Mahindra XUV500,Mahindra,XUV500,6,50000,Individual,diesel,Manual,16.0 kmpl,2179 CC,140.0 bhp,113Nm@ 4000rpm,7.0,955000
Maruti Wagon R,Maruti,Wagon R,11,80000,  Individual ,Petrol,Manual,18.9 kmpl,998 CC,67.1 bhp,170Nm@ 1800-2400rpm,5.0,163000
Ford Figo,Ford,Figo,8,73000,Dealer,Petrol,Manual,15.6 kmpl,1196 CC,70.02 bhp,"12.7@ 2,700(kgm@ rpm)",,299000
Toyota Innova,Toyota,Innova,6,124000,Dealer,diesel,Manual,12.99 kmpl,2494 CC,100.0 bhp,250Nm@ 1500-2500rpm,8.0,1150000
Volkswagen Polo,Volkswagen,Polo,3,54495,DEALER,DIESEL,Manual,,1498 CC,88.0 bhp,170Nm@ 1800-2400rpm,5.0,538000
Maruti Celerio,Maruti,Celerio,5,67000,Dealer,  Petrol ,Automatic,,998 CC,67.04 bhp,113Nm@ 4000rpm,5.0,415000
Renault KWID,Renault,KWID,3,35000,Dealer,Petrol,Automatic,24.04 kmpl,999 CC,67.0 bhp,113Nm@ 4000rpm,5.0,375000
Maruti Swift Dzire,Maruti,Swift Dzire,8,70000,  Individual ,Diesel,Manual,23.4 kmpl,1248 CC,74.0 bhp,250Nm@ 1500-2500rpm,5.0,385000
Hyundai i20,Hyundai,i20,8,52891,Dealer,petrol,Manual,18.6 kmpl,1197 CC,81.83 bhp,"12.7@ 2,700(kgm@ rpm)",5.0,450000
Mahindra Thar,Mahindra,Thar,4,38860,Dealer,Diesel,Manual,16.55 kmpl,2498 CC,105.0 bhp,113Nm@ 4000rpm,6.0,875000
Honda City,Honda,City,5,56436,trustmark dealer,PETROL,Automatic,18.0 kmpl,1497 CC,117.3 bhp,190Nm@ 2000rpm,5.0,825000
Maruti Wagon R,Maruti,Wagon R,8,110000,Individual,petrol,Manual,20.51 kmpl,998 CC,67.04 bhp,,5.0,230000
Renault Duster,Renault,Duster,8,61000,DEALER,DIESEL,Manual,19.87 kmpl,1461 CC,83.8 bhp,200Nm@ 1750rpm,5.0,450000
Maruti Swift,Maruti,Swift,8,41000,DEALER,Petrol,Manual,18.6 kmpl,1197 CC,85.8 bhp,190Nm@ 2000rpm,5.0,330000
Honda City,Honda,City,2,57000,Dealer,Petrol,Manual,17.4 kmpl,1497 CC,117.6 bhp,170Nm@ 1800-2400rpm,5.0,1060000
Maruti Swift,Maruti,Swift,7,87600,Dealer,DIESEL,Manual,25.2 kmpl,1248 CC,74.0 bhp,190Nm@ 2000rpm,5.0,465000
BMW X1,BMW,X1,10,88831,Dealer,  Diesel ,Automatic,17.05 kmpl,1995 CC,184.0 bhp,"12.7@ 2,700(kgm@ rpm)",5.0,1050000
Hyundai Verna,Hyundai,Verna,4,45000,Individual,Diesel,Manual,,1582 CC,126.2 bhp,250Nm@ 1500-2500rpm,5.0,1050000
Honda City,Honda,City,5,95066,Dealer,Petrol,Manual,17.4 kmpl,1497 CC,117.6 bhp,91Nm@ 3500rpm,5.0,580000
Toyota Innova,Toyota,Innova,8,105487,Dealer,DIESEL,Manual,12.99 kmpl,2494 CC,100.0 bhp,113Nm@ 4000rpm,8.0,835000
Volkswagen Polo,Volkswagen,Polo,2,37326,dealer,Petrol,Manual,18.78 kmpl,999 CC,75.0 bhp,91Nm@ 3500rpm,5.0,550000
Honda WR-V,Honda,WR-V,4,25000,INDIVIDUAL,Petrol,Manual,17.5 kmpl,1199 CC,88.7 bhp,24@ 1900(kgm@ rpm),5.0,650000
Maruti Swift Dzire,Maruti,Swift Dzire,6,16881,Trustmark Dealer,  Petrol ,Manual,20.85 kmpl,1197 CC,83.14 bhp,170Nm@ 1800-2400rpm,5.0,525000
Mahindra XUV500,Mahindra,XUV500,8,70000,individual,Diesel,Manual,15.1 kmpl,2179 CC,140.0 bhp,,7.0,600000
Hyundai i20,Hyundai,i20,1,72800,Dealer,Diesel,Manual,25.2 kmpl,1493 CC,98.63 bhp,"12.7@ 2,700(kgm@ rpm)",5.0,500000
Maruti Ciaz,Maruti,Ciaz,3,50000,INDIVIDUAL,  Diesel ,Manual,28.09 kmpl,1248 CC,88.5 bhp,113Nm@ 4000rpm,5.0,702000
Hyundai Verna,Hyundai,Verna,10,54000,Dealer,  Petrol ,Manual,17.1 kmpl,1591 CC,121.3 bhp,113Nm@ 4000rpm,5.0,451000
Maruti Vitara,Maruti,Vitara,4,33000,DEALER,Diesel,Manual,24.3 kmpl,1248 CC,88.5 bhp,190Nm@ 2000rpm,5.0,675000
Maruti Swift Dzire,Maruti,Swift Dzire,3,15000,Individual,PETROL,Manual,21.21 kmpl,1197 CC,81.8 bhp,113Nm@ 4000rpm,5.0,650000
Maruti Celerio,Maruti,Celerio,3,41000,Dealer,Petrol,Manual,21.63 kmpl,998 CC,67.04 bhp,190Nm@ 2000rpm,5.0,400000
Hyundai Creta,Hyundai,Creta,4,47000,Dealer,Diesel,Manual,19.67 kmpl,1582 CC,126.2 bhp,170Nm@ 1800-2400rpm,5.0,1115000
Mahindra KUV,Mahindra,KUV,4,42000,  Dealer ,Petrol,Manual,18.15 kmpl,1198 CC,82.0 bhp,250Nm@ 1500-2500rpm,6.0,475000
Hyundai Verna,Hyundai,Verna,4,56100,Dealer,Diesel,Manual,24.0 kmpl,1396 CC,88.76 bhp,200Nm@ 1750rpm,5.0,750000
Maruti Swift Dzire,Maruti,Swift Dzire,8,74581,dealer,Diesel,Manual,23.4 kmpl,1248 CC,74.0 bhp,170Nm@ 1800-2400rpm,5.0,550000
BMW 7,BMW,7,9,70000,Dealer,petrol,Automatic,,2979 CC,321.0 bhp,250Nm@ 1500-2500rpm,5.0,1900000
Toyota Innova,Toyota,Innova,5,90000,dealer,Diesel,Manual,12.99 kmpl,2494 CC,,91Nm@ 3500rpm,7.0,945000
Honda CR-V,Honda,CR-V,14,87000,Dealer,Petrol,Manual,10.8 kmpl,2354 CC,152.0 bhp,113Nm@ 4000rpm,5.0,475000
Hyundai Creta,Hyundai,Creta,5,70000,  Dealer ,DIESEL,Manual,20.5 kmpl,1582 CC,126.2 bhp,24@ 1900(kgm@ rpm),5.0,1125000
Honda Amaze,Honda,Amaze,8,35000,Dealer,PETROL,Manual,18.0 kmpl,1198 CC,86.7 bhp,250Nm@ 1500-2500rpm,5.0,525000
Mercedes-Benz C-Class,Mercedes-Benz,C-Class,5,28594,DEALER,PETROL,Automatic,14.74 kmpl,1991 CC,184.0 bhp,200Nm@ 1750rpm,5.0,2800000
Hyundai Verna,Hyundai,Verna,6,70000,Individual,Diesel,Manual,23.9 kmpl,1582 CC,126.2 bhp,24@ 1900(kgm@ rpm),5.0,625000
Renault KWID,Renault,KWID,4,18000,dealer,Petrol,Manual,23.01 kmpl,999 CC,67.0 bhp,250Nm@ 1500-2500rpm,5.0,265000
Toyota Innova,Toyota,Innova,6,950000,DEALER,  Diesel ,Manual,12.99 kmpl,2494 CC,100.6 bhp,170Nm@ 1800-2400rpm,7.0,950000
Maruti Swift Dzire,Maruti,Swift Dzire,8,63980,  Dealer ,Diesel,Manual,19.3 kmpl,1248 CC,73.9 bhp,170Nm@ 1800-2400rpm,5.0,450000
Mahindra Scorpio,Mahindra,Scorpio,7,120000,Individual,Diesel,Manual,12.05 kmpl,2179 CC,120.0 bhp,113Nm@ 4000rpm,9.0,492000
Hyundai i20,Hyundai,i20,10,60000,Dealer,Petrol,Manual,17.0 kmpl,1197 CC,80.0 bhp,"12.7@ 2,700(kgm@ rpm)",5.0,265000
Hyundai i10,Hyundai,i10,10,50000,Dealer,petrol,Manual,20.36 kmpl,1197 CC,78.9 bhp,200Nm@ 1750rpm,5.0,300000
Honda City,Honda,City,5,88000,Dealer,Petrol,Manual,,1497 CC,117.3 bhp,,5.0,680000
Maruti Swift,Maruti,Swift,3,50000,Individual,Petrol,Manual,22.0 kmpl,1197 CC,81.8 bhp,24@ 1900(kgm@ rpm),5.0,500000
Mercedes-Benz S-Class,Mercedes-Benz,S-Class,10,49000,Dealer,Diesel,Automatic,13.5 kmpl,2987 CC,254.79 bhp,250Nm@ 1500-2500rpm,5.0,1700000
Maruti Baleno,Maruti,Baleno,1,25000,Individual,Petrol,Manual,21.01 kmpl,1197 CC,81.8 bhp,113Nm@ 4000rpm,5.0,700000
Maruti Swift,Maruti,Swift,7,56085,  Individual ,Diesel,Manual,25.2 kmpl,1248 CC,74.0 bhp,250Nm@ 1500-2500rpm,5.0,350000
Hyundai i20,Hyundai,i20,4,51962,Dealer,Petrol,Manual,18.6 kmpl,1197 CC,81.83 bhp,250Nm@ 1500-2500rpm,5.0,575000
Maruti Swift Dzire,Maruti,Swift Dzire,4,25000,Individual,diesel,Manual,28.4 kmpl,1248 CC,74.02 bhp,200Nm@ 1750rpm,5.0,754000
Toyota Fortuner,Toyota,Fortuner,8,107030,Dealer,Diesel,Manual,13.0 kmpl,2982 CC,168.5 bhp,"12.7@ 2,700(kgm@ rpm)",7.0,1375000
Skoda Rapid,Skoda,Rapid,8,77300,Dealer,diesel,Manual,,1498 CC,103.52 bhp,"12.7@ 2,700(kgm@ rpm)",5.0,475000
Hyundai Grand,Hyundai,Grand,2,6000,Dealer,Petrol,Manual,18.9 kmpl,1197 CC,81.86 bhp,91Nm@ 3500rpm,5.0,576000
BMW 3,BMW,3,9,76186,  Dealer ,Petrol,Automatic,12.05 kmpl,1995 CC,154.0 bhp,91Nm@ 3500rpm,5.0,1500000
Volkswagen Polo,Volkswagen,Polo,7,111056,DEALER,Diesel,Manual,20.14 kmpl,1498 CC,88.8 bhp,24@ 1900(kgm@ rpm),5.0,430000
Tata Tiago,Tata,Tiago,4,100000,INDIVIDUAL,Petrol,Manual,23.84 kmpl,1199 CC,84.0 bhp,91Nm@ 3500rpm,5.0,300000
Honda Amaze,Honda,Amaze,3,33000,individual,Petrol,Manual,17.8 kmpl,1198 CC,86.7 bhp,170Nm@ 1800-2400rpm,5.0,550000
Volkswagen Polo,Volkswagen,Polo,6,75000,Dealer,Petrol,Automatic,,1197 CC,103.5 bhp,113Nm@ 4000rpm,5.0,525000
Hyundai i10,Hyundai,i10,9,70000,  Individual ,Petrol,Manual,19.81 kmpl,1086 CC,68.05 bhp,24@ 1900(kgm@ rpm),5.0,190000
Honda CR-V,Honda,CR-V,14,152358,Dealer,  Petrol ,Automatic,10.1 kmpl,2354 CC,152.0 bhp,200Nm@ 1750rpm,5.0,600000
Toyota Camry,Toyota,Camry,5,85000,Dealer,  Electric ,Automatic,,2494 CC,157.7 bhp,170Nm@ 1800-2400rpm,5.0,1865000
Hyundai Grand,Hyundai,Grand,4,5800,  Individual ,petrol,Automatic,18.9 kmpl,1197 CC,82.0 bhp,24@ 1900(kgm@ rpm),,525000
Maruti Swift Dzire,Maruti,Swift Dzire,3,15210,Dealer,Petrol,Automatic,21.21 kmpl,1197 CC,81.8 bhp,113Nm@ 4000rpm,5.0,785000
Maruti Wagon R,Maruti,Wagon R,6,60000,Individual,Petrol,Manual,20.51 kmpl,998 CC,,"12.7@ 2,700(kgm@ rpm)",5.0,325000
Hyundai Grand,Hyundai,Grand,6,54000,dealer,Petrol,Manual,18.9 kmpl,1197 CC,81.86 bhp,200Nm@ 1750rpm,5.0,365000
Maruti Ciaz,Maruti,Ciaz,4,48000,DEALER,Diesel,Manual,28.09 kmpl,1248 CC,88.5 bhp,170Nm@ 1800-2400rpm,5.0,711000
Maruti Ciaz,Maruti,Ciaz,2,2500,Dealer,Petrol,Manual,20.73 kmpl,1373 CC,91.1 bhp,"12.7@ 2,700(kgm@ rpm)",5.0,849000
Skoda Octavia,Skoda,Octavia,4,50000,Individual,Petrol,Automatic,14.7 kmpl,1798 CC,177.5 bhp,250Nm@ 1500-2500rpm,5.0,1600000
Ford Ecosport,Ford,Ecosport,7,104859,Dealer,Diesel,Manual,22.7 kmpl,1498 CC,89.84 bhp,250Nm@ 1500-2500rpm,5.0,425000
Mahindra Bolero,Mahindra,Bolero,7,100000,Individual,Diesel,Manual,15.96 kmpl,2523 CC,62.1 bhp,24@ 1900(kgm@ rpm),7.0,510000
Ford Figo,Ford,Figo,8,97358,dealer,Diesel,Manual,20.0 kmpl,1399 CC,68.05 bhp,,5.0,365000
Maruti Swift,Maruti,Swift,12,100000,Individual,  Petrol ,Manual,16.1 kmpl,1298 CC,88.2 bhp,250Nm@ 1500-2500rpm,5.0,320000
Maruti Swift Dzire,Maruti,Swift Dzire,9,79000,Individual,Diesel,Manual,23.4 kmpl,1248 CC,74.0 bhp,91Nm@ 3500rpm,5.0,498000
Hyundai i20,Hyundai,i20,3,15000,dealer,PETROL,Manual,18.6 kmpl,1197 CC,81.83 bhp,250Nm@ 1500-2500rpm,5.0,620000
Hyundai Santro,Hyundai,Santro,2,5000,DEALER,petrol,Manual,20.3 kmpl,1086 CC,68.0 bhp,"12.7@ 2,700(kgm@ rpm)",5.0,600000
Toyota Innova,Toyota,Innova,10,50000,Individual,Diesel,Manual,12.8 kmpl,,102.0 bhp,,7.0,640000
Toyota Innova,Toyota,Innova,10,68900,DEALER,DIESEL,Manual,12.8 kmpl,2494 CC,102.0 bhp,190Nm@ 2000rpm,7.0,665000
Maruti Vitara,Maruti,Vitara,3,42000,DEALER,Diesel,Manual,24.3 kmpl,1248 CC,88.5 bhp,113Nm@ 4000rpm,5.0,765000
Mercedes-Benz S-Class,Mercedes-Benz,S-Class,11,50000,Dealer,Petrol,Automatic,10.13 kmpl,3498 CC,,24@ 1900(kgm@ rpm),5.0,1751000
Hyundai Grand,Hyundai,Grand,6,38000,  Dealer ,Petrol,Manual,18.9 kmpl,1197 CC,82.0 bhp,113Nm@ 4000rpm,5.0,459000
Ford Aspire,Ford,Aspire,6,49743,  Dealer ,Petrol,Manual,18.16 kmpl,1196 CC,86.8 bhp,113Nm@ 4000rpm,5.0,480000
Mahindra Bolero,Mahindra,Bolero,15,340000,Individual,DIESEL,Manual,13.6 kmpl,2523 CC,63.0 bhp,,7.0,250000
Hyundai i20,Hyundai,i20,6,60000,Dealer,Diesel,Manual,21.9 kmpl,1396 CC,90.0 bhp,24@ 1900(kgm@ rpm),5.0,350000
Maruti Swift,Maruti,Swift,9,62000,Dealer,  Diesel ,Manual,22.9 kmpl,1248 CC,74.0 bhp,"12.7@ 2,700(kgm@ rpm)",5.0,349000
Mahindra XUV500,Mahindra,XUV500,6,45000,Dealer,Diesel,Manual,15.1 kmpl,2179 CC,140.0 bhp,91Nm@ 3500rpm,7.0,745000
Honda City,Honda,City,3,29000,DEALER,petrol,Manual,17.4 kmpl,1497 CC,117.6 bhp,250Nm@ 1500-2500rpm,5.0,849000
Maruti Ciaz,Maruti,Ciaz,3,10000,Individual,PETROL,Manual,20.73 kmpl,1373 CC,91.1 bhp,250Nm@ 1500-2500rpm,5.0,780000
Maruti Vitara,Maruti,Vitara,3,12000,Dealer,DIESEL,Manual,24.3 kmpl,1248 CC,88.5 bhp,91Nm@ 3500rpm,5.0,925000
Ford Ecosport,Ford,Ecosport,3,74000,Individual,Diesel,Manual,23.0 kmpl,1498 CC,98.96 bhp,24@ 1900(kgm@ rpm),5.0,740000
Honda City,Honda,City,8,43000,DEALER,Petrol,Manual,17.8 kmpl,1497 CC,117.3 bhp,190Nm@ 2000rpm,5.0,470000
Maruti Alto,Maruti,Alto,14,90000,individual,Petrol,Manual,19.7 kmpl,796 CC,46.3 bhp,250Nm@ 1500-2500rpm,5.0,80000
Hyundai Grand,Hyundai,Grand,6,69000,Dealer,Petrol,Automatic,18.9 kmpl,,82.0 bhp,,5.0,475000
Hyundai i20,Hyundai,i20,9,50000,  Dealer ,Petrol,Manual,17.0 kmpl,1197 CC,80.0 bhp,91Nm@ 3500rpm,5.0,435000
Hyundai i10,Hyundai,i10,11,60000,dealer,Petrol,Manual,19.81 kmpl,1086 CC,68.05 bhp,170Nm@ 1800-2400rpm,5.0,240000
Maruti Wagon R,Maruti,Wagon R,3,36274,Dealer,CNG,Manual,,998 CC,58.16 bhp,200Nm@ 1750rpm,5.0,455000
Tata Hexa,Tata,Hexa,3,40000,Dealer,diesel,Automatic,17.6 kmpl,2179 CC,153.86 bhp,24@ 1900(kgm@ rpm),7.0,1400000
Hyundai Grand,Hyundai,Grand,7,49000,Dealer,petrol,Manual,18.9 kmpl,1197 CC,82.0 bhp,91Nm@ 3500rpm,,459000
Hyundai Verna,Hyundai,Verna,2,45000,DEALER,diesel,Manual,22.0 kmpl,1582 CC,126.2 bhp,91Nm@ 3500rpm,5.0,1150000
Tata Hexa,Tata,Hexa,4,30000,Individual,Diesel,Manual,17.6 kmpl,2179 CC,153.86 bhp,24@ 1900(kgm@ rpm),,1250000
Maruti Swift Dzire,Maruti,Swift Dzire,5,73000,Individual,Petrol,Manual,20.85 kmpl,1197 CC,,91Nm@ 3500rpm,5.0,530000
Hyundai Grand,Hyundai,Grand,7,151315,DEALER,diesel,Manual,24.0 kmpl,1120 CC,70.0 bhp,200Nm@ 1750rpm,5.0,300000
Volkswagen Polo,Volkswagen,Polo,6,54000,DEALER,Diesel,Manual,20.14 kmpl,1498 CC,88.8 bhp,"12.7@ 2,700(kgm@ rpm)",5.0,575000
Maruti Wagon R,Maruti,Wagon R,7,68000,Dealer,Petrol,Manual,21.79 kmpl,998 CC,67.05 bhp,91Nm@ 3500rpm,5.0,311000
Tata Tigor,Tata,Tigor,3,50000,  Individual ,Petrol,Manual,20.3 kmpl,1199 CC,84.0 bhp,91Nm@ 3500rpm,5.0,410000
Hyundai Creta,Hyundai,Creta,2,1470,Dealer,Petrol,Manual,15.8 kmpl,1591 CC,121.3 bhp,170Nm@ 1800-2400rpm,5.0,1290000
Maruti Alto,Maruti,Alto,3,25000,Individual,Petrol,Manual,24.7 kmpl,796 CC,47.3 bhp,24@ 1900(kgm@ rpm),5.0,275000
Hyundai i20,Hyundai,i20,5,30000,Individual,Petrol,Manual,17.19 kmpl,1197 CC,81.86 bhp,250Nm@ 1500-2500rpm,5.0,525000
Toyota Innova,Toyota,Innova,4,60000,dealer,DIESEL,Manual,13.68 kmpl,2393 CC,147.51 bhp,200Nm@ 1750rpm,7.0,1750000
Hyundai Grand,Hyundai,Grand,6,38000,DEALER,Petrol,Manual,18.9 kmpl,1197 CC,82.0 bhp,250Nm@ 1500-2500rpm,5.0,385000
Renault KWID,Renault,KWID,4,20000,Individual,  Petrol ,Manual,23.01 kmpl,999 CC,67.0 bhp,170Nm@ 1800-2400rpm,5.0,350000
Maruti Wagon R,Maruti,Wagon R,9,50000,Individual,Petrol,Manual,18.9 kmpl,998 CC,67.1 bhp,"12.7@ 2,700(kgm@ rpm)",5.0,250000
Hyundai Venue,Hyundai,Venue,2,25000,INDIVIDUAL,  Diesel ,Manual,23.7 kmpl,1493 CC,98.6 bhp,91Nm@ 3500rpm,5.0,1100000
Toyota Innova,Toyota,Innova,4,120000,Individual,Diesel,Manual,13.68 kmpl,2393 CC,147.8 bhp,113Nm@ 4000rpm,8.0,1560000
Hyundai Santro,Hyundai,Santro,3,4075,Dealer,Petrol,Automatic,20.3 kmpl,1086 CC,68.07 bhp,170Nm@ 1800-2400rpm,5.0,550000
Maruti Wagon R,Maruti,Wagon R,5,74844,  Dealer ,CNG,Manual,33.54 km/kg,998 CC,67.04 bhp,"12.7@ 2,700(kgm@ rpm)",5.0,390000
Datsun redi-GO,Datsun,redi-GO,4,17000,Dealer,Petrol,Manual,20.71 kmpl,799 CC,53.64 bhp,24@ 1900(kgm@ rpm),5.0,280000
Jeep Compass,Jeep,Compass,3,70000,INDIVIDUAL,Diesel,Manual,16.3 kmpl,1956 CC,170.0 bhp,"12.7@ 2,700(kgm@ rpm)",5.0,1750000
Skoda Rapid,Skoda,Rapid,7,62000,Dealer,Diesel,Manual,20.5 kmpl,1598 CC,103.5 bhp,,5.0,345000
Hyundai Verna,Hyundai,Verna,9,72000,DEALER,diesel,Manual,22.32 kmpl,1582 CC,126.32 bhp,250Nm@ 1500-2500rpm,5.0,350000
Renault Duster,Renault,Duster,8,153000,Dealer,Diesel,Manual,19.01 kmpl,1461 CC,108.45 bhp,250Nm@ 1500-2500rpm,5.0,550000
Maruti Swift Dzire,Maruti,Swift Dzire,3,42048,Trustmark Dealer,Diesel,Manual,,1248 CC,74.02 bhp,"12.7@ 2,700(kgm@ rpm)",5.0,747000
Maruti Swift Dzire,Maruti,Swift Dzire,3,70000,INDIVIDUAL,Diesel,Automatic,,1248 CC,74.02 bhp,,5.0,725000
Tata Tiago,Tata,Tiago,3,50000,individual,Diesel,Manual,27.28 kmpl,1047 CC,69.0 bhp,24@ 1900(kgm@ rpm),5.0,450000
Maruti Alto,Maruti,Alto,3,20000,Individual,petrol,Manual,23.95 kmpl,998 CC,67.05 bhp,170Nm@ 1800-2400rpm,5.0,360000
Hyundai i10,Hyundai,i10,11,70000,individual,petrol,Manual,20.36 kmpl,,78.9 bhp,,5.0,225000
Hyundai i20,Hyundai,i20,5,35000,DEALER,petrol,Manual,18.6 kmpl,1197 CC,81.83 bhp,"12.7@ 2,700(kgm@ rpm)",5.0,578000
Maruti Celerio,Maruti,Celerio,2,40000,Dealer,CNG,Manual,30.47 km/kg,998 CC,58.33 bhp,190Nm@ 2000rpm,5.0,465000
Maruti Swift,Maruti,Swift,7,60000,Individual,Diesel,Manual,,1248 CC,74.0 bhp,170Nm@ 1800-2400rpm,5.0,450000
Maruti Ciaz,Maruti,Ciaz,4,35700,  Dealer ,Diesel,Manual,28.09 kmpl,1248 CC,88.5 bhp,200Nm@ 1750rpm,5.0,650000
Mahindra Scorpio,Mahindra,Scorpio,14,75823,  Dealer ,Diesel,Manual,10.5 kmpl,2179 CC,120.0 bhp,91Nm@ 3500rpm,8.0,310000
Maruti Swift Dzire,Maruti,Swift Dzire,6,74000,Dealer,diesel,Manual,23.4 kmpl,1248 CC,74.0 bhp,250Nm@ 1500-2500rpm,5.0,550000
Maruti Wagon R,Maruti,Wagon R,14,70000,Individual,Petrol,Manual,18.9 kmpl,1061 CC,67.0 bhp,190Nm@ 2000rpm,5.0,80000
Honda Amaze,Honda,Amaze,5,39993,  Dealer ,Petrol,Manual,18.6 kmpl,1199 CC,88.76 bhp,24@ 1900(kgm@ rpm),5.0,465000
Hyundai Santro,Hyundai,Santro,9,47000,Individual,Petrol,Manual,17.92 kmpl,1086 CC,62.1 bhp,"12.7@ 2,700(kgm@ rpm)",5.0,260000
Maruti Alto,Maruti,Alto,10,16300,Individual,  Petrol ,Manual,19.7 kmpl,796 CC,46.3 bhp,"12.7@ 2,700(kgm@ rpm)",5.0,168000
Maruti Wagon R,Maruti,Wagon R,6,114183,Individual,Petrol,Manual,21.79 kmpl,998 CC,67.05 bhp,113Nm@ 4000rpm,5.0,350000
Hyundai i20,Hyundai,i20,9,41890,Dealer,Petrol,Manual,,1197 CC,80.0 bhp,170Nm@ 1800-2400rpm,5.0,300000
Mercedes-Benz C-Class,Mercedes-Benz,C-Class,10,54000,Dealer,Diesel,Automatic,14.94 kmpl,2143 CC,204.0 bhp,113Nm@ 4000rpm,5.0,750000
Honda City,Honda,City,4,30000,  Dealer ,Petrol,Manual,17.8 kmpl,,117.3 bhp,,5.0,925000
Maruti Swift,Maruti,Swift,4,58000,dealer,Diesel,Manual,25.2 kmpl,1248 CC,74.0 bhp,190Nm@ 2000rpm,5.0,625000
Honda City,Honda,City,5,57116,dealer,Petrol,Manual,17.4 kmpl,1497 CC,117.3 bhp,113Nm@ 4000rpm,5.0,665000
Renault Duster,Renault,Duster,6,25000,Individual,petrol,Manual,13.24 kmpl,1598 CC,102.57 bhp,,5.0,450000
Toyota Innova,Toyota,Innova,9,500000,Individual,Diesel,Manual,12.99 kmpl,2494 CC,100.0 bhp,24@ 1900(kgm@ rpm),7.0,650000
Maruti Vitara,Maruti,Vitara,2,15000,Individual,Diesel,Automatic,24.3 kmpl,1248 CC,88.5 bhp,250Nm@ 1500-2500rpm,5.0,942000
Mahindra XUV500,Mahindra,XUV500,6,65000,Individual,diesel,Manual,15.1 kmpl,2179 CC,140.0 bhp,"12.7@ 2,700(kgm@ rpm)",7.0,750000
Honda City,Honda,City,7,43000,DEALER,Petrol,Automatic,18.0 kmpl,1497 CC,117.3 bhp,170Nm@ 1800-2400rpm,5.0,675000
Toyota Fortuner,Toyota,Fortuner,8,92000,Dealer,Diesel,Manual,12.55 kmpl,2982 CC,168.5 bhp,91Nm@ 3500rpm,7.0,1511000
Maruti Baleno,Maruti,Baleno,4,30000,individual,PETROL,Manual,,1197 CC,83.1 bhp,91Nm@ 3500rpm,5.0,610000
Hyundai i20,Hyundai,i20,11,36704,Dealer,Petrol,Manual,18.6 kmpl,1197 CC,81.83 bhp,113Nm@ 4000rpm,5.0,280000
BMW 5,BMW,5,5,27000,Dealer,diesel,Automatic,14.69 kmpl,2993 CC,258.0 bhp,24@ 1900(kgm@ rpm),,3200000
Hyundai Verna,Hyundai,Verna,6,92380,DEALER,Diesel,Manual,23.9 kmpl,1582 CC,126.2 bhp,"12.7@ 2,700(kgm@ rpm)",5.0,585000
Skoda Rapid,Skoda,Rapid,9,95000,Dealer,DIESEL,Manual,21.14 kmpl,1498 CC,103.52 bhp,190Nm@ 2000rpm,5.0,365000
Maruti Baleno,Maruti,Baleno,4,21000,Dealer,  Petrol ,Automatic,19.56 kmpl,1197 CC,81.8 bhp,190Nm@ 2000rpm,5.0,680000
Maruti Alto,Maruti,Alto,13,50000,individual,PETROL,Manual,19.7 kmpl,796 CC,,"12.7@ 2,700(kgm@ rpm)",5.0,104000
Hyundai Grand,Hyundai,Grand,4,77795,Dealer,Diesel,Manual,24.0 kmpl,1186 CC,73.97 bhp,91Nm@ 3500rpm,5.0,475000
Maruti Swift,Maruti,Swift,6,42994,Dealer,PETROL,Manual,21.21 kmpl,1197 CC,81.8 bhp,200Nm@ 1750rpm,,580000
Maruti Celerio,Maruti,Celerio,4,60000,individual,Petrol,Manual,23.1 kmpl,998 CC,,"12.7@ 2,700(kgm@ rpm)",5.0,400000
Honda Amaze,Honda,Amaze,7,54000,individual,Petrol,Manual,18.0 kmpl,1198 CC,86.7 bhp,190Nm@ 2000rpm,5.0,400000
Mercedes-Benz E-Class,Mercedes-Benz,E-Class,5,36000,Dealer,diesel,Automatic,13.0 kmpl,2143 CC,204.0 bhp,190Nm@ 2000rpm,5.0,2790000
Honda Amaze,Honda,Amaze,7,35000,Dealer,Petrol,Automatic,15.5 kmpl,1198 CC,86.7 bhp,200Nm@ 1750rpm,5.0,425000
Hyundai i20,Hyundai,i20,6,50000,  Individual ,Petrol,Manual,18.6 kmpl,1197 CC,81.83 bhp,91Nm@ 3500rpm,5.0,425000
Hyundai Creta,Hyundai,Creta,3,25000,Individual,DIESEL,Manual,21.38 kmpl,1396 CC,88.7 bhp,"12.7@ 2,700(kgm@ rpm)",5.0,1100000
Toyota Innova,Toyota,Innova,4,14000,dealer,Diesel,Automatic,13.68 kmpl,2393 CC,147.51 bhp,24@ 1900(kgm@ rpm),7.0,2200000
Maruti Vitara,Maruti,Vitara,4,52000,dealer,Diesel,Manual,24.3 kmpl,1248 CC,88.5 bhp,24@ 1900(kgm@ rpm),5.0,695000
Honda Jazz,Honda,Jazz,6,55937,Dealer,petrol,Manual,18.7 kmpl,1199 CC,88.7 bhp,190Nm@ 2000rpm,5.0,635000
Skoda Rapid,Skoda,Rapid,9,57000,dealer,Petrol,Manual,15.0 kmpl,1598 CC,103.5 bhp,250Nm@ 1500-2500rpm,5.0,295000
Honda City,Honda,City,11,54000,Individual,PETROL,Automatic,16.8 kmpl,1497 CC,118.0 bhp,"12.7@ 2,700(kgm@ rpm)",5.0,310000
Skoda Rapid,Skoda,Rapid,7,20353,dealer,Diesel,Manual,20.5 kmpl,1598 CC,103.5 bhp,113Nm@ 4000rpm,5.0,521000
Volkswagen Polo,Volkswagen,Polo,5,78000,Dealer,  Petrol ,Manual,18.78 kmpl,1198 CC,74.0 bhp,24@ 1900(kgm@ rpm),,450000
Hyundai i20,Hyundai,i20,3,40000,Dealer,  Diesel ,Manual,21.9 kmpl,1396 CC,88.76 bhp,91Nm@ 3500rpm,5.0,739000
Mahindra Scorpio,Mahindra,Scorpio,17,120000,individual,  Diesel ,Manual,10.5 kmpl,2179 CC,120.0 bhp,190Nm@ 2000rpm,7.0,145000
Maruti Wagon R,Maruti,Wagon R,13,100000,INDIVIDUAL,Petrol,Manual,18.9 kmpl,1061 CC,67.0 bhp,"12.7@ 2,700(kgm@ rpm)",5.0,150000
Maruti Ertiga,Maruti,Ertiga,7,85321,Dealer,DIESEL,Manual,20.77 kmpl,1248 CC,88.76 bhp,190Nm@ 2000rpm,7.0,650000
Honda City,Honda,City,5,80000,individual,Petrol,Manual,17.8 kmpl,1497 CC,117.3 bhp,190Nm@ 2000rpm,5.0,650000
Maruti Baleno,Maruti,Baleno,2,20214,  Dealer ,Petrol,Manual,21.01 kmpl,1197 CC,81.8 bhp,190Nm@ 2000rpm,5.0,725000
Maruti Swift Dzire,Maruti,Swift Dzire,3,20000,Individual,Diesel,Manual,28.4 kmpl,1248 CC,74.02 bhp,24@ 1900(kgm@ rpm),5.0,710000
Maruti Ignis,Maruti,Ignis,4,8000,individual,PETROL,Manual,20.89 kmpl,1197 CC,81.8 bhp,,5.0,420000
Honda City,Honda,City,4,22001,DEALER,Petrol,Manual,17.4 kmpl,1497 CC,117.6 bhp,24@ 1900(kgm@ rpm),5.0,775000
Hyundai i10,Hyundai,i10,11,40685,Dealer,petrol,Manual,20.36 kmpl,1197 CC,78.9 bhp,170Nm@ 1800-2400rpm,5.0,270000
Hyundai i20,Hyundai,i20,8,89000,individual,diesel,Manual,21.9 kmpl,1396 CC,88.8 bhp,113Nm@ 4000rpm,5.0,400000
Hyundai i20,Hyundai,i20,4,12000,Dealer,  Petrol ,Manual,18.6 kmpl,1197 CC,81.83 bhp,91Nm@ 3500rpm,5.0,745000
Maruti Baleno,Maruti,Baleno,4,70000,Individual,Diesel,Manual,27.39 kmpl,1248 CC,74.0 bhp,24@ 1900(kgm@ rpm),5.0,820000
Maruti Ertiga,Maruti,Ertiga,4,40000,Individual,Petrol,Automatic,,1373 CC,91.1 bhp,"12.7@ 2,700(kgm@ rpm)",7.0,780000
Maruti Alto,Maruti,Alto,5,68102,DEALER,PETROL,Manual,23.95 kmpl,998 CC,67.05 bhp,24@ 1900(kgm@ rpm),5.0,365000
Toyota Fortuner,Toyota,Fortuner,8,170000,individual,Diesel,Manual,13.0 kmpl,2982 CC,,91Nm@ 3500rpm,7.0,1100000
Audi A6,Audi,A6,9,77000,Dealer,Diesel,Automatic,17.68 kmpl,1968 CC,174.33 bhp,113Nm@ 4000rpm,5.0,1750000
Renault Duster,Renault,Duster,4,51430,Dealer,DIESEL,Manual,19.87 kmpl,1461 CC,83.8 bhp,170Nm@ 1800-2400rpm,5.0,625000
Maruti Ciaz,Maruti,Ciaz,3,30000,Dealer,Diesel,Manual,28.09 kmpl,1248 CC,88.5 bhp,170Nm@ 1800-2400rpm,5.0,1095000
Honda WR-V,Honda,WR-V,4,10000,INDIVIDUAL,petrol,Manual,17.5 kmpl,1199 CC,88.7 bhp,190Nm@ 2000rpm,5.0,800000
Maruti Swift Dzire,Maruti,Swift Dzire,6,49000,DEALER,DIESEL,Manual,26.59 kmpl,1248 CC,74.0 bhp,170Nm@ 1800-2400rpm,5.0,470000
Maruti Alto,Maruti,Alto,15,121153,  Dealer ,Petrol,Manual,19.7 kmpl,796 CC,46.3 bhp,250Nm@ 1500-2500rpm,5.0,100000
Skoda Rapid,Skoda,Rapid,6,68000,DEALER,diesel,Manual,20.5 kmpl,1598 CC,103.5 bhp,113Nm@ 4000rpm,5.0,490000
Mahindra XUV500,Mahindra,XUV500,6,42000,Dealer,diesel,Manual,15.1 kmpl,2179 CC,140.0 bhp,190Nm@ 2000rpm,7.0,950000
Hyundai i10,Hyundai,i10,8,60343,Dealer,LPG,Manual,19.0 km/kg,1086 CC,68.1 bhp,190Nm@ 2000rpm,5.0,403000
Volkswagen Vento,Volkswagen,Vento,6,32500,DEALER,Diesel,Manual,20.34 kmpl,1498 CC,103.2 bhp,113Nm@ 4000rpm,5.0,459000
Volkswagen Polo,Volkswagen,Polo,5,45000,DEALER,Petrol,Manual,16.2 kmpl,1199 CC,74.0 bhp,190Nm@ 2000rpm,5.0,450000
Maruti Swift Dzire,Maruti,Swift Dzire,4,79315,  Individual ,Diesel,Manual,28.4 kmpl,1248 CC,74.02 bhp,250Nm@ 1500-2500rpm,5.0,720000
Skoda Rapid,Skoda,Rapid,5,49000,Dealer,Diesel,Automatic,21.66 kmpl,1498 CC,103.52 bhp,200Nm@ 1750rpm,5.0,660000
Honda City,Honda,City,4,25000,Individual,Diesel,Manual,26.0 kmpl,1498 CC,,250Nm@ 1500-2500rpm,5.0,900000
Mahindra XUV500,Mahindra,XUV500,7,150000,Individual,Diesel,Manual,15.1 kmpl,2179 CC,140.0 bhp,24@ 1900(kgm@ rpm),7.0,725000
Skoda Superb,Skoda,Superb,6,35000,Dealer,petrol,Automatic,13.7 kmpl,1798 CC,157.75 bhp,113Nm@ 4000rpm,5.0,1150000
Hyundai Grand,Hyundai,Grand,5,30000,Individual,PETROL,Manual,18.9 kmpl,1197 CC,82.0 bhp,113Nm@ 4000rpm,5.0,550000
Maruti Ertiga,Maruti,Ertiga,7,77000,Dealer,DIESEL,Manual,20.77 kmpl,1248 CC,88.76 bhp,170Nm@ 1800-2400rpm,7.0,640000
Skoda Superb,Skoda,Superb,6,59000,Dealer,DIESEL,Automatic,17.2 kmpl,1968 CC,138.03 bhp,250Nm@ 1500-2500rpm,5.0,1245000
Ford Figo,Ford,Figo,10,54263,Dealer,Diesel,Manual,20.0 kmpl,1399 CC,68.0 bhp,170Nm@ 1800-2400rpm,5.0,225000
Mahindra KUV100,Mahindra,KUV100,3,30300,DEALER,Petrol,Manual,18.15 kmpl,1198 CC,82.0 bhp,"12.7@ 2,700(kgm@ rpm)",6.0,410000
Skoda Superb,Skoda,Superb,6,40000,Dealer,  Petrol ,Manual,13.1 kmpl,1798 CC,157.75 bhp,200Nm@ 1750rpm,5.0,895000
Maruti Swift,Maruti,Swift,11,100000,Individual,Diesel,Manual,17.8 kmpl,1248 CC,75.0 bhp,91Nm@ 3500rpm,,217000
Maruti Wagon R,Maruti,Wagon R,2,22000,dealer,Petrol,Manual,21.5 kmpl,1197 CC,81.8 bhp,170Nm@ 1800-2400rpm,5.0,490000
Honda Amaze,Honda,Amaze,2,2200,  Dealer ,Petrol,Automatic,18.1 kmpl,1199 CC,88.7 bhp,"12.7@ 2,700(kgm@ rpm)",5.0,790000
Maruti Baleno,Maruti,Baleno,4,61000,DEALER,Petrol,Manual,21.4 kmpl,1197 CC,83.1 bhp,113Nm@ 4000rpm,5.0,525000
Maruti Swift,Maruti,Swift,7,90000,Individual,Diesel,Manual,25.2 kmpl,1248 CC,74.0 bhp,190Nm@ 2000rpm,5.0,390000
Ford Figo,Ford,Figo,6,61000,DEALER,  Petrol ,Manual,18.16 kmpl,1196 CC,86.8 bhp,190Nm@ 2000rpm,5.0,350000
Honda City,Honda,City,14,90000,Dealer,Petrol,Manual,16.9 kmpl,1497 CC,100.0 bhp,"12.7@ 2,700(kgm@ rpm)",5.0,275000
Honda Civic,Honda,Civic,12,76000,Dealer,Petrol,Automatic,13.9 kmpl,1799 CC,130.2 bhp,113Nm@ 4000rpm,5.0,325000
Volkswagen Polo,Volkswagen,Polo,8,110000,Individual,DIESEL,Manual,22.07 kmpl,1199 CC,73.9 bhp,250Nm@ 1500-2500rpm,5.0,375000
Maruti Swift,Maruti,Swift,6,50000,INDIVIDUAL,PETROL,Manual,20.4 kmpl,1197 CC,81.8 bhp,200Nm@ 1750rpm,5.0,435000
Land Rover Rover,Land Rover,Rover,5,128000,Dealer,DIESEL,Automatic,12.63 kmpl,2179 CC,147.5 bhp,113Nm@ 4000rpm,5.0,2675000
Maruti Celerio,Maruti,Celerio,6,60000,Individual,PETROL,Manual,23.1 kmpl,998 CC,67.04 bhp,91Nm@ 3500rpm,5.0,385000
Hyundai i10,Hyundai,i10,6,5000,Individual,petrol,Manual,20.36 kmpl,1197 CC,78.9 bhp,"12.7@ 2,700(kgm@ rpm)",5.0,400000
Maruti Ertiga,Maruti,Ertiga,6,80000,  Individual ,diesel,Manual,20.77 kmpl,1248 CC,88.76 bhp,250Nm@ 1500-2500rpm,7.0,625000
Toyota Fortuner,Toyota,Fortuner,9,75000,DEALER,Diesel,Automatic,12.55 kmpl,2982 CC,168.7 bhp,200Nm@ 1750rpm,7.0,1175000
Maruti Swift,Maruti,Swift,6,52000,Dealer,DIESEL,Manual,25.2 kmpl,1248 CC,74.0 bhp,250Nm@ 1500-2500rpm,5.0,415000
Honda City,Honda,City,22,70000,  Individual ,Petrol,Manual,13.0 kmpl,1493 CC,100.0 bhp,250Nm@ 1500-2500rpm,5.0,70000
Maruti Baleno,Maruti,Baleno,3,18000,Dealer,petrol,Automatic,21.4 kmpl,1197 CC,83.1 bhp,91Nm@ 3500rpm,5.0,670000
Toyota Innova,Toyota,Innova,11,44000,Dealer,  Diesel ,Manual,12.8 kmpl,2494 CC,102.0 bhp,"12.7@ 2,700(kgm@ rpm)",7.0,700000
Renault Triber,Renault,Triber,1,1784,dealer,Petrol,Manual,20.0 kmpl,999 CC,71.0 bhp,"12.7@ 2,700(kgm@ rpm)",7.0,660000
Jaguar XF,Jaguar,XF,4,36000,  Individual ,Diesel,Automatic,19.33 kmpl,1999 CC,,91Nm@ 3500rpm,5.0,4000000
Honda Civic,Honda,Civic,13,73235,Dealer,Petrol,Manual,13.5 kmpl,1799 CC,130.0 bhp,,5.0,260000
Toyota Innova,Toyota,Innova,3,35311,  Dealer ,Diesel,Manual,13.68 kmpl,2393 CC,147.51 bhp,250Nm@ 1500-2500rpm,8.0,1799000
Maruti Wagon R,Maruti,Wagon R,4,50000,individual,PETROL,Manual,20.51 kmpl,998 CC,67.04 bhp,24@ 1900(kgm@ rpm),5.0,315000
Maruti Swift Dzire,Maruti,Swift Dzire,3,29500,Dealer,Petrol,Automatic,21.21 kmpl,1197 CC,81.8 bhp,,5.0,745000
Maruti Wagon R,Maruti,Wagon R,5,50000,individual,Petrol,Manual,20.51 kmpl,,67.04 bhp,,5.0,425000
Mahindra XUV500,Mahindra,XUV500,5,100000,  Individual ,diesel,Automatic,,1997 CC,140.0 bhp,190Nm@ 2000rpm,,1180000
Maruti Wagon R,Maruti,Wagon R,3,30000,Dealer,Petrol,Manual,21.79 kmpl,998 CC,67.05 bhp,190Nm@ 2000rpm,5.0,415000
Maruti Eeco,Maruti,Eeco,10,62000,  Dealer ,PETROL,Manual,15.37 kmpl,1196 CC,73.0 bhp,190Nm@ 2000rpm,5.0,350000
Datsun RediGO,Datsun,RediGO,4,24719,Dealer,Petrol,Manual,22.7 kmpl,799 CC,53.64 bhp,"12.7@ 2,700(kgm@ rpm)",5.0,260000
Renault KWID,Renault,KWID,4,35000,Individual,PETROL,Automatic,24.04 kmpl,999 CC,67.0 bhp,91Nm@ 3500rpm,5.0,350000
Maruti Baleno,Maruti,Baleno,5,100000,INDIVIDUAL,Diesel,Manual,27.39 kmpl,1248 CC,74.0 bhp,250Nm@ 1500-2500rpm,5.0,650000
Hyundai Tucson,Hyundai,Tucson,3,35000,Individual,Diesel,Automatic,16.38 kmpl,1995 CC,182.46 bhp,24@ 1900(kgm@ rpm),5.0,2600000
Maruti Swift,Maruti,Swift,7,85392,Dealer,diesel,Manual,28.4 kmpl,1248 CC,74.0 bhp,200Nm@ 1750rpm,5.0,450000
Hyundai i10,Hyundai,i10,9,25000,Individual,petrol,Manual,20.36 kmpl,1197 CC,78.9 bhp,190Nm@ 2000rpm,5.0,375000
Hyundai i20,Hyundai,i20,4,26000,Dealer,Petrol,Manual,18.6 kmpl,1197 CC,81.83 bhp,,5.0,540000
Mercedes-Benz E-Class,Mercedes-Benz,E-Class,7,68000,Dealer,Diesel,Automatic,13.0 kmpl,2143 CC,201.1 bhp,24@ 1900(kgm@ rpm),5.0,2450000
BMW 5,BMW,5,5,45000,Dealer,  Diesel ,Automatic,14.69 kmpl,2993 CC,258.0 bhp,190Nm@ 2000rpm,5.0,3590000
Mahindra XUV500,Mahindra,XUV500,6,43000,Dealer,DIESEL,Manual,15.1 kmpl,2179 CC,,190Nm@ 2000rpm,7.0,849000
Volkswagen Polo,Volkswagen,Polo,6,75000,Dealer,Petrol,Automatic,,1197 CC,103.5 bhp,113Nm@ 4000rpm,5.0,525000
Hyundai i20,Hyundai,i20,6,72000,Dealer,Diesel,Manual,22.54 kmpl,1396 CC,88.73 bhp,200Nm@ 1750rpm,5.0,625000
Volkswagen Vento,Volkswagen,Vento,8,47000,DEALER,Petrol,Manual,16.09 kmpl,1598 CC,103.2 bhp,24@ 1900(kgm@ rpm),5.0,390000
Hyundai i10,Hyundai,i10,13,67000,DEALER,Petrol,Manual,20.36 kmpl,1197 CC,78.9 bhp,"12.7@ 2,700(kgm@ rpm)",5.0,180000
Ford Figo,Ford,Figo,4,59819,DEALER,  Petrol ,Manual,,1196 CC,86.8 bhp,190Nm@ 2000rpm,5.0,575000
Volkswagen Vento,Volkswagen,Vento,8,83469,dealer,DIESEL,Manual,20.34 kmpl,1498 CC,103.2 bhp,250Nm@ 1500-2500rpm,5.0,485000
Volkswagen Polo,Volkswagen,Polo,6,46000,Dealer,Diesel,Manual,20.14 kmpl,1498 CC,88.5 bhp,200Nm@ 1750rpm,5.0,425000
Ford Figo,Ford,Figo,10,56000,Dealer,Petrol,Manual,15.6 kmpl,1196 CC,70.02 bhp,170Nm@ 1800-2400rpm,5.0,370000
Maruti Alto,Maruti,Alto,2,15000,Individual,Petrol,Manual,24.7 kmpl,796 CC,,170Nm@ 1800-2400rpm,5.0,310000
Ford Ecosport,Ford,Ecosport,5,52214,Dealer,Diesel,Manual,23.0 kmpl,1498 CC,98.96 bhp,250Nm@ 1500-2500rpm,5.0,760000
Hyundai Verna,Hyundai,Verna,3,30000,Individual,Petrol,Manual,17.0 kmpl,1591 CC,121.3 bhp,250Nm@ 1500-2500rpm,5.0,850000
Maruti Celerio,Maruti,Celerio,6,64000,Dealer,Diesel,Manual,27.62 kmpl,793 CC,47.0 bhp,190Nm@ 2000rpm,5.0,350000
Maruti Swift,Maruti,Swift,13,93000,Dealer,Petrol,Manual,16.1 kmpl,1298 CC,88.2 bhp,170Nm@ 1800-2400rpm,5.0,165000
Mahindra Bolero,Mahindra,Bolero,8,35000,Individual,  Diesel ,Manual,15.96 kmpl,2523 CC,62.1 bhp,190Nm@ 2000rpm,,500000
Maruti Swift Dzire,Maruti,Swift Dzire,6,26000,Individual,PETROL,Manual,20.85 kmpl,1197 CC,83.14 bhp,113Nm@ 4000rpm,5.0,475000
Honda Jazz,Honda,Jazz,5,66000,Dealer,Petrol,Manual,16.0 kmpl,1198 CC,,91Nm@ 3500rpm,5.0,530000
Hyundai Verna,Hyundai,Verna,3,35512,Dealer,Diesel,Manual,22.32 kmpl,1582 CC,126.3 bhp,24@ 1900(kgm@ rpm),5.0,885000
Hyundai Grand,Hyundai,Grand,6,78000,Dealer,  Petrol ,Manual,18.9 kmpl,1197 CC,82.0 bhp,190Nm@ 2000rpm,5.0,425000
Honda City,Honda,City,5,60000,Individual,Petrol,Manual,17.8 kmpl,1497 CC,117.3 bhp,113Nm@ 4000rpm,5.0,850000
Toyota Innova,Toyota,Innova,4,100000,  Dealer ,Diesel,Automatic,11.36 kmpl,2755 CC,171.5 bhp,113Nm@ 4000rpm,7.0,1575000
Tata Safari,Tata,Safari,8,120000,individual,Diesel,Manual,14.0 kmpl,2179 CC,,170Nm@ 1800-2400rpm,7.0,420000
Volkswagen Vento,Volkswagen,Vento,6,48000,DEALER,diesel,Manual,20.34 kmpl,1498 CC,103.2 bhp,91Nm@ 3500rpm,5.0,490000
Maruti Ciaz,Maruti,Ciaz,3,90000,Individual,Diesel,Manual,28.09 kmpl,1248 CC,88.5 bhp,"12.7@ 2,700(kgm@ rpm)",5.0,850000
Honda City,Honda,City,4,55000,Dealer,Petrol,Manual,17.0 kmpl,1497 CC,118.0 bhp,"12.7@ 2,700(kgm@ rpm)",5.0,745000
Mercedes-Benz S-Class,Mercedes-Benz,S-Class,12,67000,Dealer,Petrol,Automatic,,3498 CC,364.9 bhp,170Nm@ 1800-2400rpm,5.0,1100000
Mahindra KUV100,Mahindra,KUV100,4,12950,Dealer,Petrol,Manual,18.15 kmpl,1198 CC,82.0 bhp,250Nm@ 1500-2500rpm,6.0,399000
Mercedes-Benz C-Class,Mercedes-Benz,C-Class,3,6577,Dealer,Petrol,Automatic,14.74 kmpl,1991 CC,181.03 bhp,190Nm@ 2000rpm,5.0,3480000
Maruti Swift Dzire,Maruti,Swift Dzire,4,49000,  Dealer ,Diesel,Manual,19.3 kmpl,1248 CC,73.9 bhp,91Nm@ 3500rpm,5.0,715000
Mercedes-Benz C-Class,Mercedes-Benz,C-Class,7,35000,Dealer,Diesel,Automatic,11.78 kmpl,2143 CC,167.62 bhp,250Nm@ 1500-2500rpm,,1795000
Mahindra XUV500,Mahindra,XUV500,4,43000,Dealer,Diesel,Automatic,16.0 kmpl,1997 CC,140.0 bhp,91Nm@ 3500rpm,7.0,1195000
Hyundai i20,Hyundai,i20,8,65000,Dealer,Diesel,Manual,21.9 kmpl,1396 CC,88.76 bhp,24@ 1900(kgm@ rpm),5.0,475000
Maruti Alto,Maruti,Alto,5,10000,  Individual ,petrol,Manual,23.95 kmpl,,67.05 bhp,,5.0,300000
Maruti Swift Dzire,Maruti,Swift Dzire,3,20000,Individual,Petrol,Manual,,1197 CC,81.8 bhp,24@ 1900(kgm@ rpm),5.0,600000
Volkswagen Vento,Volkswagen,Vento,8,113414,Dealer,Diesel,Manual,20.54 kmpl,1598 CC,103.6 bhp,250Nm@ 1500-2500rpm,5.0,430000
Honda City,Honda,City,11,68000,dealer,PETROL,Manual,17.0 kmpl,1497 CC,118.0 bhp,250Nm@ 1500-2500rpm,5.0,325000
Tata Nexon,Tata,Nexon,4,20000,Individual,Petrol,Manual,17.0 kmpl,1198 CC,108.5 bhp,250Nm@ 1500-2500rpm,5.0,550000
Ford Ecosport,Ford,Ecosport,3,29000,Dealer,Diesel,Manual,,1498 CC,98.96 bhp,113Nm@ 4000rpm,5.0,1100000
BMW 5,BMW,5,5,42000,Dealer,DIESEL,Automatic,18.12 kmpl,1995 CC,190.0 bhp,170Nm@ 1800-2400rpm,5.0,2675000
Maruti Swift Dzire,Maruti,Swift Dzire,3,100000,individual,Diesel,Manual,28.4 kmpl,1248 CC,74.02 bhp,24@ 1900(kgm@ rpm),5.0,900000
Volkswagen Vento,Volkswagen,Vento,9,47123,dealer,petrol,Manual,15.04 kmpl,1598 CC,103.6 bhp,170Nm@ 1800-2400rpm,5.0,311000
Maruti Swift,Maruti,Swift,7,42000,dealer,  Diesel ,Manual,25.2 kmpl,1248 CC,74.0 bhp,190Nm@ 2000rpm,5.0,365000
Hyundai Creta,Hyundai,Creta,3,10000,individual,Petrol,Manual,15.29 kmpl,1591 CC,121.3 bhp,"12.7@ 2,700(kgm@ rpm)",5.0,1235000
Skoda Rapid,Skoda,Rapid,6,70000,Individual,Diesel,Manual,21.14 kmpl,1498 CC,103.52 bhp,250Nm@ 1500-2500rpm,5.0,450000
Maruti Swift,Maruti,Swift,13,110000,Individual,Diesel,Manual,17.8 kmpl,1248 CC,75.0 bhp,"12.7@ 2,700(kgm@ rpm)",5.0,220000
Honda City,Honda,City,5,50000,INDIVIDUAL,Petrol,Manual,17.8 kmpl,1497 CC,117.3 bhp,91Nm@ 3500rpm,5.0,660000
Tata Nexon,Tata,Nexon,3,14000,INDIVIDUAL,DIESEL,Manual,21.5 kmpl,1497 CC,108.5 bhp,91Nm@ 3500rpm,5.0,875000
Maruti Vitara,Maruti,Vitara,4,34000,Dealer,Diesel,Manual,24.3 kmpl,1248 CC,88.5 bhp,250Nm@ 1500-2500rpm,5.0,650000
Toyota Innova,Toyota,Innova,13,95000,Dealer,Diesel,Manual,12.99 kmpl,2494 CC,100.6 bhp,170Nm@ 1800-2400rpm,8.0,525000
Hyundai Grand,Hyundai,Grand,5,38861,DEALER,diesel,Manual,24.0 kmpl,1120 CC,70.0 bhp,250Nm@ 1500-2500rpm,5.0,583000
Toyota Fortuner,Toyota,Fortuner,9,74896,Dealer,Diesel,Manual,12.55 kmpl,2982 CC,168.5 bhp,200Nm@ 1750rpm,7.0,1400000
Maruti Alto,Maruti,Alto,10,49100,Dealer,petrol,Manual,19.7 kmpl,796 CC,46.3 bhp,170Nm@ 1800-2400rpm,5.0,155000
Hyundai Elantra,Hyundai,Elantra,9,90000,Individual,  Diesel ,Manual,22.7 kmpl,1582 CC,126.24 bhp,190Nm@ 2000rpm,5.0,950000
Honda City,Honda,City,3,27000,Individual,Diesel,Manual,25.6 kmpl,1498 CC,97.9 bhp,170Nm@ 1800-2400rpm,5.0,1175000
Maruti Alto,Maruti,Alto,5,20000,individual,Petrol,Manual,,998 CC,67.05 bhp,91Nm@ 3500rpm,5.0,315000
Maruti Ignis,Maruti,Ignis,3,33000,DEALER,Petrol,Manual,20.89 kmpl,1197 CC,81.8 bhp,113Nm@ 4000rpm,5.0,550000
Skoda Octavia,Skoda,Octavia,4,48592,Dealer,diesel,Manual,18.7 kmpl,1896 CC,66.0 bhp,200Nm@ 1750rpm,5.0,1675000
Honda City,Honda,City,7,220000,Dealer,Diesel,Manual,26.0 kmpl,1498 CC,98.6 bhp,170Nm@ 1800-2400rpm,5.0,550000
Honda Jazz,Honda,Jazz,5,42000,Dealer,Diesel,Manual,27.3 kmpl,1498 CC,98.6 bhp,113Nm@ 4000rpm,5.0,425000
Renault KWID,Renault,KWID,5,30000,Dealer,Petrol,Manual,25.17 kmpl,799 CC,53.3 bhp,190Nm@ 2000rpm,5.0,345000
Toyota Innova,Toyota,Innova,8,135000,Dealer,DIESEL,Manual,12.8 kmpl,2494 CC,102.0 bhp,91Nm@ 3500rpm,7.0,1021000
Maruti Alto,Maruti,Alto,5,62000,Dealer,Petrol,Manual,22.74 kmpl,796 CC,47.3 bhp,170Nm@ 1800-2400rpm,5.0,295000
BMW 5,BMW,5,8,33000,Dealer,diesel,Automatic,17.09 kmpl,1995 CC,218.0 bhp,24@ 1900(kgm@ rpm),5.0,2500000
Hyundai Grand,Hyundai,Grand,3,18200,Dealer,petrol,Manual,18.9 kmpl,1197 CC,81.86 bhp,91Nm@ 3500rpm,5.0,500000
Toyota Innova,Toyota,Innova,8,120000,INDIVIDUAL,Diesel,Manual,,2494 CC,100.6 bhp,113Nm@ 4000rpm,8.0,955000
Hyundai Creta,Hyundai,Creta,6,76000,DEALER,Diesel,Manual,19.67 kmpl,1582 CC,126.2 bhp,190Nm@ 2000rpm,5.0,1025000
Maruti Baleno,Maruti,Baleno,5,60000,Dealer,PETROL,Automatic,21.4 kmpl,,83.1 bhp,,5.0,635000
Maruti Ciaz,Maruti,Ciaz,5,53000,Dealer,Petrol,Manual,20.73 kmpl,1373 CC,91.1 bhp,170Nm@ 1800-2400rpm,5.0,635000
Hyundai i20,Hyundai,i20,5,40000,Individual,  Petrol ,Manual,17.19 kmpl,1197 CC,81.86 bhp,24@ 1900(kgm@ rpm),5.0,600000
Hyundai i20,Hyundai,i20,2,18000,Dealer,diesel,Manual,22.54 kmpl,1396 CC,88.76 bhp,91Nm@ 3500rpm,5.0,800000
Honda City,Honda,City,7,67000,Dealer,Diesel,Manual,,,98.6 bhp,,5.0,549000
BMW 3,BMW,3,10,52420,Dealer,diesel,Automatic,22.69 kmpl,1995 CC,190.0 bhp,"12.7@ 2,700(kgm@ rpm)",5.0,750000
Maruti Swift,Maruti,Swift,3,39000,dealer,diesel,Automatic,28.4 kmpl,1248 CC,74.0 bhp,250Nm@ 1500-2500rpm,5.0,765000
Hyundai i20,Hyundai,i20,3,20773,Dealer,PETROL,Manual,18.6 kmpl,1197 CC,81.83 bhp,24@ 1900(kgm@ rpm),5.0,700000
Mahindra XUV500,Mahindra,XUV500,7,120000,  Individual ,Diesel,Manual,15.1 kmpl,2179 CC,140.0 bhp,170Nm@ 1800-2400rpm,,900000
Renault Duster,Renault,Duster,7,101895,Dealer,Diesel,Manual,20.45 kmpl,1461 CC,83.8 bhp,91Nm@ 3500rpm,5.0,412000
Honda WR-V,Honda,WR-V,4,5000,Dealer,Petrol,Manual,17.5 kmpl,1199 CC,88.7 bhp,200Nm@ 1750rpm,5.0,790000
Hyundai Creta,Hyundai,Creta,5,52500,Individual,Diesel,Manual,21.38 kmpl,1396 CC,88.7 bhp,200Nm@ 1750rpm,5.0,921000
Maruti Vitara,Maruti,Vitara,4,72000,  Dealer ,Diesel,Manual,24.3 kmpl,1248 CC,88.5 bhp,113Nm@ 4000rpm,5.0,775000
Mini Cooper,Mini,Cooper,7,51000,Dealer,Petrol,Automatic,19.23 kmpl,1598 CC,,170Nm@ 1800-2400rpm,5.0,1800000
Maruti Alto,Maruti,Alto,9,61043,Dealer,PETROL,Manual,19.7 kmpl,796 CC,46.3 bhp,91Nm@ 3500rpm,5.0,210000
Toyota Innova,Toyota,Innova,6,70000,DEALER,Diesel,Manual,12.8 kmpl,2494 CC,102.0 bhp,190Nm@ 2000rpm,7.0,885000
Skoda Octavia,Skoda,Octavia,6,70000,Individual,Petrol,Manual,16.8 kmpl,1395 CC,138.03 bhp,250Nm@ 1500-2500rpm,5.0,410000
Volkswagen Polo,Volkswagen,Polo,3,52000,dealer,Diesel,Manual,20.14 kmpl,1498 CC,88.8 bhp,91Nm@ 3500rpm,5.0,775000
Mahindra XUV500,Mahindra,XUV500,3,40000,Individual,DIESEL,Manual,15.1 kmpl,2179 CC,,170Nm@ 1800-2400rpm,7.0,1500000
Hyundai Grand,Hyundai,Grand,4,32212,Dealer,Petrol,Manual,18.9 kmpl,1197 CC,81.86 bhp,91Nm@ 3500rpm,5.0,500000
Mahindra Scorpio,Mahindra,Scorpio,5,86613,DEALER,Diesel,Manual,15.4 kmpl,2179 CC,120.0 bhp,"12.7@ 2,700(kgm@ rpm)",7.0,1275000
Mahindra Bolero,Mahindra,Bolero,7,80000,individual,Diesel,Manual,15.96 kmpl,2523 CC,62.1 bhp,24@ 1900(kgm@ rpm),7.0,480000
Maruti Swift,Maruti,Swift,7,16000,Individual,Diesel,Manual,25.2 kmpl,1248 CC,74.0 bhp,190Nm@ 2000rpm,5.0,500000
Mercedes-Benz GLS,Mercedes-Benz,GLS,3,10000,Dealer,Petrol,Automatic,8.9 kmpl,2996 CC,333.0 bhp,113Nm@ 4000rpm,7.0,6950000
Audi A6,Audi,A6,7,50500,Dealer,Diesel,Automatic,17.68 kmpl,1968 CC,174.33 bhp,250Nm@ 1500-2500rpm,5.0,1725000
Volkswagen Vento,Volkswagen,Vento,10,56238,Dealer,Diesel,Manual,20.54 kmpl,,,,5.0,415000
Tata Hexa,Tata,Hexa,2,15000,Individual,Diesel,Manual,17.6 kmpl,2179 CC,153.86 bhp,24@ 1900(kgm@ rpm),7.0,1425000
Skoda Superb,Skoda,Superb,3,37000,dealer,Diesel,Automatic,18.19 kmpl,1968 CC,174.5 bhp,113Nm@ 4000rpm,5.0,2499000
Ford Ecosport,Ford,Ecosport,4,39884,dealer,Diesel,Manual,23.0 kmpl,1498 CC,98.96 bhp,170Nm@ 1800-2400rpm,5.0,880000
BMW X1,BMW,X1,8,180000,Dealer,Diesel,Automatic,19.62 kmpl,1998 CC,192.0 bhp,170Nm@ 1800-2400rpm,5.0,945000
Tata Safari,Tata,Safari,9,90000,INDIVIDUAL,diesel,Manual,11.57 kmpl,2179 CC,138.1 bhp,24@ 1900(kgm@ rpm),7.0,330000
Hyundai i20,Hyundai,i20,7,52000,Dealer,Petrol,Manual,18.6 kmpl,1197 CC,81.83 bhp,,5.0,395000
Maruti Ertiga,Maruti,Ertiga,5,110000,Individual,Diesel,Manual,24.52 kmpl,1248 CC,88.5 bhp,250Nm@ 1500-2500rpm,7.0,850000
Maruti Wagon R,Maruti,Wagon R,4,3192,  Dealer ,Petrol,Manual,20.51 kmpl,998 CC,67.04 bhp,170Nm@ 1800-2400rpm,5.0,415000
Honda City,Honda,City,4,40000,Dealer,Petrol,Manual,17.8 kmpl,1497 CC,117.3 bhp,113Nm@ 4000rpm,5.0,649000
Ford Ecosport,Ford,Ecosport,8,88000,Dealer,diesel,Manual,22.7 kmpl,1498 CC,89.84 bhp,190Nm@ 2000rpm,5.0,460000
Maruti Ertiga,Maruti,Ertiga,4,51000,DEALER,Diesel,Manual,25.47 kmpl,1248 CC,88.5 bhp,113Nm@ 4000rpm,7.0,835000
Maruti Swift,Maruti,Swift,9,40000,Individual,Diesel,Manual,22.9 kmpl,1248 CC,74.0 bhp,"12.7@ 2,700(kgm@ rpm)",5.0,430000
Hyundai i20,Hyundai,i20,4,32000,Individual,Petrol,Manual,18.6 kmpl,1197 CC,81.83 bhp,200Nm@ 1750rpm,5.0,585000
Honda WR-V,Honda,WR-V,3,20000,INDIVIDUAL,DIESEL,Manual,25.5 kmpl,1498 CC,98.6 bhp,24@ 1900(kgm@ rpm),5.0,950000
Hyundai i20,Hyundai,i20,5,22000,DEALER,Petrol,Manual,18.6 kmpl,1197 CC,81.83 bhp,,5.0,549000
Hyundai Creta,Hyundai,Creta,3,40000,INDIVIDUAL,Diesel,Manual,20.5 kmpl,1582 CC,126.2 bhp,200Nm@ 1750rpm,5.0,1500000
Maruti Alto,Maruti,Alto,3,29000,Dealer,CNG,Manual,,796 CC,40.3 bhp,250Nm@ 1500-2500rpm,4.0,345000
Maruti Swift,Maruti,Swift,1,15000,Individual,DIESEL,Manual,28.4 kmpl,1248 CC,74.0 bhp,"12.7@ 2,700(kgm@ rpm)",5.0,700000
Datsun RediGO,Datsun,RediGO,3,16500,Individual,Petrol,Manual,,799 CC,53.64 bhp,250Nm@ 1500-2500rpm,5.0,290000
Mahindra XUV500,Mahindra,XUV500,7,90000,Individual,Diesel,Manual,15.1 kmpl,2179 CC,140.0 bhp,170Nm@ 1800-2400rpm,7.0,780000
BMW X5,BMW,X5,2,10351,DEALER,Diesel,Automatic,,2993 CC,265.0 bhp,"12.7@ 2,700(kgm@ rpm)",5.0,8100000
Hyundai i20,Hyundai,i20,6,109555,dealer,Diesel,Manual,22.54 kmpl,1396 CC,88.73 bhp,190Nm@ 2000rpm,5.0,655000
Hyundai i20,Hyundai,i20,2,16000,Dealer,Petrol,Manual,18.6 kmpl,1197 CC,81.83 bhp,113Nm@ 4000rpm,5.0,660000
Tata Safari,Tata,Safari,14,60000,individual,Diesel,Manual,13.93 kmpl,2179 CC,138.1 bhp,24@ 1900(kgm@ rpm),7.0,500000
Maruti Ertiga,Maruti,Ertiga,8,57593,  Dealer ,DIESEL,Manual,24.52 kmpl,1248 CC,88.5 bhp,,7.0,480000
Maruti Ignis,Maruti,Ignis,3,16000,Individual,  Petrol ,Automatic,20.89 kmpl,1197 CC,81.8 bhp,91Nm@ 3500rpm,5.0,500000
Maruti Vitara,Maruti,Vitara,4,44000,Dealer,Diesel,Manual,24.3 kmpl,1248 CC,88.5 bhp,170Nm@ 1800-2400rpm,5.0,950000
Maruti Celerio,Maruti,Celerio,5,35887,Dealer,Petrol,Automatic,23.1 kmpl,998 CC,67.04 bhp,200Nm@ 1750rpm,5.0,390000
Maruti Vitara,Maruti,Vitara,4,61000,dealer,diesel,Manual,24.3 kmpl,1248 CC,88.5 bhp,200Nm@ 1750rpm,5.0,945000
Maruti Swift,Maruti,Swift,10,80000,Individual,Diesel,Manual,,1248 CC,74.0 bhp,24@ 1900(kgm@ rpm),5.0,285000
Jaguar XF,Jaguar,XF,5,39000,dealer,Petrol,Automatic,10.8 kmpl,1999 CC,237.4 bhp,,5.0,2950000
Maruti Wagon R,Maruti,Wagon R,9,20000,Individual,Petrol,Manual,18.9 kmpl,998 CC,67.1 bhp,190Nm@ 2000rpm,5.0,230000
Hyundai Grand,Hyundai,Grand,3,36717,DEALER,Petrol,Manual,18.9 kmpl,1197 CC,81.86 bhp,200Nm@ 1750rpm,5.0,510000
Hyundai i20,Hyundai,i20,11,60000,Individual,Petrol,Manual,17.0 kmpl,1197 CC,80.0 bhp,190Nm@ 2000rpm,5.0,345000
Skoda Rapid,Skoda,Rapid,7,70000,Dealer,DIESEL,Manual,20.5 kmpl,1598 CC,103.5 bhp,190Nm@ 2000rpm,5.0,525000
Maruti Ertiga,Maruti,Ertiga,5,56000,dealer,  Diesel ,Manual,20.77 kmpl,1248 CC,88.8 bhp,200Nm@ 1750rpm,7.0,825000
Maruti Swift Dzire,Maruti,Swift Dzire,8,145495,Individual,Diesel,Manual,23.4 kmpl,1248 CC,74.0 bhp,24@ 1900(kgm@ rpm),5.0,550000
Maruti Swift,Maruti,Swift,6,82250,  Dealer ,DIESEL,Manual,28.4 kmpl,1248 CC,74.0 bhp,24@ 1900(kgm@ rpm),5.0,525000
Hyundai i20,Hyundai,i20,6,70000,  Individual ,  Petrol ,Manual,18.6 kmpl,1197 CC,81.83 bhp,190Nm@ 2000rpm,5.0,444000
Toyota Innova,Toyota,Innova,4,54226,Dealer,DIESEL,Manual,13.68 kmpl,2393 CC,147.8 bhp,91Nm@ 3500rpm,7.0,1700000
Lexus NX,Lexus,NX,3,7622,Dealer,Petrol,Automatic,18.32 kmpl,2499 CC,194.3 bhp,24@ 1900(kgm@ rpm),5.0,6400000
Honda City,Honda,City,12,120000,Individual,Petrol,Manual,17.0 kmpl,1497 CC,118.0 bhp,170Nm@ 1800-2400rpm,5.0,235000
Maruti Alto,Maruti,Alto,4,70000,Individual,Petrol,Manual,24.07 kmpl,998 CC,67.1 bhp,250Nm@ 1500-2500rpm,5.0,300000
Ford Figo,Ford,Figo,11,156000,INDIVIDUAL,diesel,Manual,20.0 kmpl,1399 CC,68.0 bhp,"12.7@ 2,700(kgm@ rpm)",5.0,130000
Hyundai i20,Hyundai,i20,2,5000,Individual,PETROL,Manual,18.6 kmpl,1197 CC,81.86 bhp,24@ 1900(kgm@ rpm),5.0,710000
Maruti Ertiga,Maruti,Ertiga,6,77100,Dealer,Petrol,Manual,16.02 kmpl,1373 CC,93.7 bhp,91Nm@ 3500rpm,7.0,550000
Maruti Alto,Maruti,Alto,7,35000,Individual,Petrol,Manual,23.95 kmpl,998 CC,67.05 bhp,250Nm@ 1500-2500rpm,5.0,213000
Mahindra XUV500,Mahindra,XUV500,6,58000,Dealer,Diesel,Manual,16.0 kmpl,2179 CC,140.0 bhp,113Nm@ 4000rpm,,790000
Hyundai Creta,Hyundai,Creta,4,60000,  Individual ,Diesel,Manual,21.38 kmpl,1396 CC,88.7 bhp,,5.0,850000
Mahindra Scorpio,Mahindra,Scorpio,4,70000,Individual,diesel,Manual,,1997 CC,120.0 bhp,113Nm@ 4000rpm,7.0,1100000
Maruti Swift Dzire,Maruti,Swift Dzire,4,35000,Individual,PETROL,Manual,21.21 kmpl,1197 CC,81.8 bhp,91Nm@ 3500rpm,5.0,700000
BMW 3,BMW,3,10,90000,Dealer,DIESEL,Automatic,13.2 kmpl,1995 CC,170.0 bhp,170Nm@ 1800-2400rpm,5.0,1175000
Ford Ecosport,Ford,Ecosport,3,25592,Dealer,Petrol,Automatic,14.8 kmpl,1497 CC,121.36 bhp,190Nm@ 2000rpm,5.0,1095000
Mahindra Marazzo,Mahindra,Marazzo,3,100000,individual,diesel,Manual,,1497 CC,121.0 bhp,250Nm@ 1500-2500rpm,8.0,680000
Audi A4,Audi,A4,7,88720,Dealer,Diesel,Automatic,16.55 kmpl,1968 CC,147.51 bhp,91Nm@ 3500rpm,5.0,1900000
Maruti Ignis,Maruti,Ignis,4,33000,Dealer,Petrol,Automatic,20.89 kmpl,1197 CC,81.8 bhp,113Nm@ 4000rpm,5.0,575000
Honda City,Honda,City,11,80000,Individual,Petrol,Automatic,16.8 kmpl,1497 CC,118.0 bhp,"12.7@ 2,700(kgm@ rpm)",5.0,300000
Maruti Alto,Maruti,Alto,7,37604,Dealer,Petrol,Manual,20.92 kmpl,998 CC,67.1 bhp,24@ 1900(kgm@ rpm),5.0,300000
BMW 3,BMW,3,11,48000,Dealer,  Petrol ,Automatic,12.05 kmpl,1995 CC,154.0 bhp,170Nm@ 1800-2400rpm,5.0,680000
Honda Jazz,Honda,Jazz,5,60000,Individual,Diesel,Manual,27.3 kmpl,1498 CC,98.6 bhp,250Nm@ 1500-2500rpm,5.0,575000
Maruti Swift Dzire,Maruti,Swift Dzire,6,35000,Individual,Petrol,Manual,20.85 kmpl,1197 CC,83.14 bhp,24@ 1900(kgm@ rpm),5.0,530000
Hyundai Verna,Hyundai,Verna,5,32359,Dealer,  Petrol ,Manual,17.01 kmpl,1591 CC,121.3 bhp,250Nm@ 1500-2500rpm,5.0,530000
Maruti Wagon R,Maruti,Wagon R,12,55812,DEALER,Petrol,Manual,18.9 kmpl,1061 CC,67.0 bhp,200Nm@ 1750rpm,5.0,240000
Honda Civic,Honda,Civic,2,21500,Dealer,Petrol,Automatic,16.5 kmpl,1799 CC,139.46 bhp,"12.7@ 2,700(kgm@ rpm)",5.0,1625000
Maruti Baleno,Maruti,Baleno,4,23000,Individual,Petrol,Manual,21.4 kmpl,1197 CC,83.1 bhp,200Nm@ 1750rpm,5.0,550000
Maruti Alto,Maruti,Alto,6,20000,Individual,Petrol,Manual,22.74 kmpl,796 CC,47.3 bhp,"12.7@ 2,700(kgm@ rpm)",5.0,230000
Hyundai Verna,Hyundai,Verna,4,40728,Dealer,  Diesel ,Manual,22.0 kmpl,1582 CC,126.2 bhp,250Nm@ 1500-2500rpm,5.0,850000
Hyundai Grand,Hyundai,Grand,6,50215,Dealer,Petrol,Manual,18.9 kmpl,1197 CC,81.86 bhp,170Nm@ 1800-2400rpm,5.0,450000
Hyundai i20,Hyundai,i20,4,16000,  Dealer ,petrol,Manual,18.5 kmpl,1197 CC,80.0 bhp,170Nm@ 1800-2400rpm,5.0,540000
Maruti Ertiga,Maruti,Ertiga,9,76000,Dealer,  Diesel ,Manual,25.47 kmpl,1248 CC,88.5 bhp,,7.0,625000
Skoda Rapid,Skoda,Rapid,8,70000,  Individual ,diesel,Manual,20.5 kmpl,1598 CC,103.6 bhp,91Nm@ 3500rpm,5.0,400000
Maruti Baleno,Maruti,Baleno,3,15155,Dealer,PETROL,Automatic,19.56 kmpl,1197 CC,81.8 bhp,"12.7@ 2,700(kgm@ rpm)",5.0,730000
Datsun RediGO,Datsun,RediGO,4,20000,Dealer,Petrol,Manual,22.5 kmpl,999 CC,67.0 bhp,170Nm@ 1800-2400rpm,5.0,271000
Maruti Celerio,Maruti,Celerio,3,20000,Individual,CNG,Manual,31.79 km/kg,998 CC,58.33 bhp,"12.7@ 2,700(kgm@ rpm)",5.0,510000
Datsun RediGO,Datsun,RediGO,5,64968,DEALER,Petrol,Manual,22.7 kmpl,799 CC,53.64 bhp,190Nm@ 2000rpm,5.0,250000
Mercedes-Benz GL-Class,Mercedes-Benz,GL-Class,5,79090,DEALER,Diesel,Automatic,11.3 kmpl,2987 CC,254.8 bhp,250Nm@ 1500-2500rpm,7.0,4500000
Hyundai i10,Hyundai,i10,10,63000,Dealer,petrol,Manual,20.36 kmpl,1197 CC,78.9 bhp,"12.7@ 2,700(kgm@ rpm)",5.0,230000
Hyundai Grand,Hyundai,Grand,3,42000,Individual,petrol,Manual,18.9 kmpl,1197 CC,81.86 bhp,250Nm@ 1500-2500rpm,5.0,582000
Mercedes-Benz C-Class,Mercedes-Benz,C-Class,7,70000,  Individual ,Diesel,Automatic,14.84 kmpl,,170.0 bhp,,5.0,1350000
Honda Jazz,Honda,Jazz,5,54000,Individual,  Diesel ,Manual,27.3 kmpl,1498 CC,98.6 bhp,"12.7@ 2,700(kgm@ rpm)",5.0,400000
Hyundai Creta,Hyundai,Creta,5,52000,Dealer,Petrol,Manual,13.0 kmpl,1591 CC,121.3 bhp,"12.7@ 2,700(kgm@ rpm)",5.0,925000
Volkswagen Polo,Volkswagen,Polo,3,18000,Dealer,Petrol,Automatic,17.21 kmpl,1197 CC,103.6 bhp,170Nm@ 1800-2400rpm,5.0,865000
Volkswagen Vento,Volkswagen,Vento,10,68500,Dealer,PETROL,Manual,15.04 kmpl,1598 CC,103.6 bhp,24@ 1900(kgm@ rpm),5.0,281000
Tata Safari,Tata,Safari,5,47227,Dealer,Diesel,Manual,14.0 kmpl,2179 CC,138.1 bhp,170Nm@ 1800-2400rpm,7.0,775000
Maruti Wagon R,Maruti,Wagon R,12,70000,Individual,Petrol,Manual,,1061 CC,67.0 bhp,200Nm@ 1750rpm,5.0,134000
Renault KWID,Renault,KWID,2,26500,dealer,Petrol,Manual,23.01 kmpl,999 CC,67.0 bhp,113Nm@ 4000rpm,5.0,353000
Hyundai Grand,Hyundai,Grand,5,33500,Dealer,DIESEL,Manual,24.0 kmpl,,70.0 bhp,,5.0,365000
Honda WR-V,Honda,WR-V,3,58000,Individual,DIESEL,Manual,25.5 kmpl,1498 CC,98.6 bhp,250Nm@ 1500-2500rpm,5.0,950000
Maruti Swift,Maruti,Swift,10,70000,Individual,Petrol,Manual,16.1 kmpl,1197 CC,85.0 bhp,113Nm@ 4000rpm,5.0,240000
Maruti Ciaz,Maruti,Ciaz,6,30000,individual,petrol,Manual,20.73 kmpl,1373 CC,91.1 bhp,170Nm@ 1800-2400rpm,5.0,600000
Volkswagen Polo,Volkswagen,Polo,8,35000,individual,petrol,Manual,,,73.9 bhp,,5.0,335000
Maruti Wagon R,Maruti,Wagon R,4,10000,Individual,Petrol,Manual,20.51 kmpl,998 CC,67.04 bhp,113Nm@ 4000rpm,5.0,420000
Skoda Rapid,Skoda,Rapid,7,59000,Dealer,  Diesel ,Manual,,1598 CC,103.5 bhp,250Nm@ 1500-2500rpm,5.0,475000
Volkswagen Polo,Volkswagen,Polo,6,33000,Dealer,Petrol,Manual,16.2 kmpl,1199 CC,,250Nm@ 1500-2500rpm,5.0,475000
Maruti Baleno,Maruti,Baleno,2,11000,Dealer,Petrol,Manual,21.01 kmpl,1197 CC,81.8 bhp,190Nm@ 2000rpm,5.0,680000
Maruti Swift Dzire,Maruti,Swift Dzire,7,36000,Dealer,Petrol,Manual,,1197 CC,85.8 bhp,24@ 1900(kgm@ rpm),5.0,435000
Toyota Innova,Toyota,Innova,6,25000,Dealer,diesel,Manual,12.99 kmpl,,100.57 bhp,,7.0,300000
Hyundai i20,Hyundai,i20,4,48000,Individual,petrol,Manual,17.19 kmpl,1197 CC,81.86 bhp,200Nm@ 1750rpm,5.0,520000
Maruti Ertiga,Maruti,Ertiga,4,2100,Dealer,  Petrol ,Manual,,1462 CC,103.26 bhp,190Nm@ 2000rpm,7.0,725000
Tata Tigor,Tata,Tigor,3,60204,Dealer,diesel,Manual,24.7 kmpl,1047 CC,69.0 bhp,170Nm@ 1800-2400rpm,5.0,525000
Honda Jazz,Honda,Jazz,6,127357,Dealer,diesel,Manual,27.3 kmpl,1498 CC,98.6 bhp,190Nm@ 2000rpm,5.0,235000
Renault Duster,Renault,Duster,8,70209,dealer,Diesel,Manual,20.45 kmpl,1461 CC,83.8 bhp,170Nm@ 1800-2400rpm,5.0,560000
Renault KWID,Renault,KWID,4,13000,Dealer,PETROL,Manual,25.17 kmpl,799 CC,53.3 bhp,"12.7@ 2,700(kgm@ rpm)",5.0,290000
Maruti Swift Dzire,Maruti,Swift Dzire,7,50000,Dealer,Petrol,Manual,20.85 kmpl,1197 CC,83.14 bhp,250Nm@ 1500-2500rpm,5.0,475000
Maruti Alto,Maruti,Alto,9,70000,INDIVIDUAL,Petrol,Manual,19.7 kmpl,796 CC,46.3 bhp,200Nm@ 1750rpm,5.0,200000
Maruti Baleno,Maruti,Baleno,3,4000,Dealer,Petrol,Manual,21.4 kmpl,1197 CC,83.1 bhp,113Nm@ 4000rpm,5.0,680000
Hyundai i10,Hyundai,i10,12,92000,Dealer,Petrol,Manual,20.36 kmpl,1197 CC,78.9 bhp,190Nm@ 2000rpm,5.0,160000
Maruti Alto,Maruti,Alto,9,69254,dealer,PETROL,Manual,20.92 kmpl,998 CC,67.1 bhp,200Nm@ 1750rpm,5.0,230000
Maruti Swift,Maruti,Swift,9,112454,DEALER,Diesel,Manual,22.9 kmpl,1248 CC,,170Nm@ 1800-2400rpm,5.0,440000
Hyundai Creta,Hyundai,Creta,6,120000,Individual,diesel,Automatic,,1582 CC,126.2 bhp,91Nm@ 3500rpm,5.0,850000
Maruti Wagon R,Maruti,Wagon R,5,30000,Individual,PETROL,Automatic,20.51 kmpl,998 CC,67.0 bhp,190Nm@ 2000rpm,5.0,425000
Volkswagen Polo,Volkswagen,Polo,5,31000,Dealer,Petrol,Manual,16.47 kmpl,,74.0 bhp,,5.0,685000
Maruti Alto,Maruti,Alto,11,51479,Dealer,Petrol,Manual,19.7 kmpl,796 CC,46.3 bhp,"12.7@ 2,700(kgm@ rpm)",5.0,195000
Maruti Swift,Maruti,Swift,7,64000,Dealer,Diesel,Manual,28.4 kmpl,1248 CC,74.0 bhp,"12.7@ 2,700(kgm@ rpm)",5.0,440000
Honda City,Honda,City,2,13000,DEALER,Petrol,Automatic,18.0 kmpl,1497 CC,117.6 bhp,190Nm@ 2000rpm,5.0,1200000
Maruti Ciaz,Maruti,Ciaz,5,110000,Individual,DIESEL,Manual,28.09 kmpl,1248 CC,88.5 bhp,113Nm@ 4000rpm,5.0,700000
Audi A6,Audi,A6,5,20010,Dealer,Diesel,Automatic,18.53 kmpl,1968 CC,187.74 bhp,113Nm@ 4000rpm,5.0,2800000
Ford Ecosport,Ford,Ecosport,3,40000,  Individual ,Diesel,Manual,23.0 kmpl,1498 CC,,,5.0,950000
Maruti Eeco,Maruti,Eeco,10,100000,Individual,Petrol,Manual,15.37 kmpl,1196 CC,73.0 bhp,200Nm@ 1750rpm,7.0,150000
Maruti Swift,Maruti,Swift,6,90000,  Dealer ,diesel,Manual,,1248 CC,74.0 bhp,91Nm@ 3500rpm,5.0,435000
Toyota Innova,Toyota,Innova,4,97000,DEALER,Diesel,Manual,13.68 kmpl,2393 CC,147.8 bhp,24@ 1900(kgm@ rpm),7.0,1750000
Hyundai i20,Hyundai,i20,9,49000,  Dealer ,diesel,Manual,21.9 kmpl,1396 CC,,250Nm@ 1500-2500rpm,5.0,390000
Maruti Wagon R,Maruti,Wagon R,5,11799,Individual,Petrol,Manual,20.51 kmpl,998 CC,67.04 bhp,91Nm@ 3500rpm,5.0,360000
Mercedes-Benz C-Class,Mercedes-Benz,C-Class,9,65000,Dealer,DIESEL,Automatic,14.94 kmpl,2143 CC,204.0 bhp,170Nm@ 1800-2400rpm,5.0,2100000
Maruti Alto,Maruti,Alto,2,6944,Dealer,  Petrol ,Manual,23.95 kmpl,998 CC,67.05 bhp,113Nm@ 4000rpm,5.0,465000
Mahindra Bolero,Mahindra,Bolero,3,90000,Individual,diesel,Manual,15.96 kmpl,2523 CC,62.1 bhp,170Nm@ 1800-2400rpm,7.0,715000
Maruti Ciaz,Maruti,Ciaz,5,32568,Dealer,DIESEL,Manual,28.09 kmpl,1248 CC,88.5 bhp,190Nm@ 2000rpm,5.0,449000
Skoda Octavia,Skoda,Octavia,3,17000,Dealer,petrol,Automatic,,1798 CC,178.0 bhp,170Nm@ 1800-2400rpm,5.0,1949000
Hyundai Verna,Hyundai,Verna,8,50000,INDIVIDUAL,Diesel,Manual,22.32 kmpl,1582 CC,126.32 bhp,,5.0,620000
Volkswagen Vento,Volkswagen,Vento,5,73172,dealer,Diesel,Automatic,22.15 kmpl,1498 CC,108.6 bhp,91Nm@ 3500rpm,5.0,725000
Hyundai i20,Hyundai,i20,10,57000,Dealer,Petrol,Manual,17.0 kmpl,1197 CC,80.0 bhp,24@ 1900(kgm@ rpm),5.0,259000
Maruti Alto,Maruti,Alto,6,56660,DEALER,petrol,Manual,23.95 kmpl,998 CC,67.05 bhp,170Nm@ 1800-2400rpm,5.0,250000
Maruti Baleno,Maruti,Baleno,5,70000,Individual,Diesel,Manual,27.39 kmpl,1248 CC,74.0 bhp,200Nm@ 1750rpm,5.0,650000
Maruti Swift,Maruti,Swift,11,91000,dealer,Petrol,Manual,22.0 kmpl,1197 CC,81.8 bhp,190Nm@ 2000rpm,5.0,265000
Toyota Fortuner,Toyota,Fortuner,11,64000,Dealer,  Diesel ,Manual,11.5 kmpl,2982 CC,171.0 bhp,250Nm@ 1500-2500rpm,7.0,1085000
Ford Figo,Ford,Figo,10,65000,Dealer,Diesel,Manual,20.0 kmpl,1399 CC,68.0 bhp,"12.7@ 2,700(kgm@ rpm)",5.0,185000
Maruti Alto,Maruti,Alto,9,75000,INDIVIDUAL,Petrol,Manual,19.7 kmpl,796 CC,46.3 bhp,"12.7@ 2,700(kgm@ rpm)",5.0,165000
Hyundai i20,Hyundai,i20,12,50250,Dealer,petrol,Automatic,15.0 kmpl,1396 CC,100.0 bhp,170Nm@ 1800-2400rpm,5.0,299000
Volkswagen Vento,Volkswagen,Vento,8,45000,individual,  Petrol ,Manual,15.04 kmpl,1598 CC,103.2 bhp,"12.7@ 2,700(kgm@ rpm)",5.0,400000
Renault Duster,Renault,Duster,7,57000,Dealer,diesel,Manual,20.46 kmpl,1461 CC,83.8 bhp,250Nm@ 1500-2500rpm,5.0,740000
Hyundai i20,Hyundai,i20,8,96000,  Individual ,diesel,Manual,21.9 kmpl,1396 CC,88.8 bhp,170Nm@ 1800-2400rpm,5.0,450000
Toyota Fortuner,Toyota,Fortuner,9,150000,Dealer,Diesel,Automatic,,2982 CC,169.0 bhp,91Nm@ 3500rpm,7.0,1400000
Hyundai i20,Hyundai,i20,3,53861,dealer,diesel,Manual,23.0 kmpl,1396 CC,90.0 bhp,200Nm@ 1750rpm,5.0,832000
Ford Aspire,Ford,Aspire,3,8000,Individual,Petrol,Manual,18.16 kmpl,1196 CC,86.8 bhp,113Nm@ 4000rpm,5.0,590000
Honda City,Honda,City,7,67000,Dealer,Diesel,Manual,,,98.6 bhp,,5.0,549000
Mahindra Scorpio,Mahindra,Scorpio,4,35000,Dealer,Diesel,Manual,15.4 kmpl,1997 CC,,190Nm@ 2000rpm,7.0,1290000
Maruti Alto,Maruti,Alto,8,40580,Dealer,Petrol,Manual,22.74 kmpl,,47.3 bhp,,5.0,224000
Renault KWID,Renault,KWID,5,26500,Individual,Petrol,Manual,25.17 kmpl,799 CC,53.3 bhp,190Nm@ 2000rpm,5.0,360000
Volkswagen Polo,Volkswagen,Polo,7,72103,Dealer,Diesel,Manual,20.14 kmpl,1498 CC,88.8 bhp,113Nm@ 4000rpm,5.0,535000
Hyundai Grand,Hyundai,Grand,3,15000,Individual,Petrol,Manual,,1197 CC,81.86 bhp,24@ 1900(kgm@ rpm),5.0,600000
Volkswagen Polo,Volkswagen,Polo,10,27282,Dealer,Petrol,Manual,16.47 kmpl,1198 CC,73.9 bhp,250Nm@ 1500-2500rpm,5.0,285000
Maruti Vitara,Maruti,Vitara,3,11000,Individual,Diesel,Manual,24.3 kmpl,1248 CC,88.5 bhp,91Nm@ 3500rpm,5.0,900000
Hyundai Grand,Hyundai,Grand,4,36732,  Dealer ,diesel,Manual,24.0 kmpl,1186 CC,73.97 bhp,"12.7@ 2,700(kgm@ rpm)",5.0,529000
Toyota Innova,Toyota,Innova,7,115000,DEALER,  Diesel ,Manual,12.8 kmpl,2494 CC,102.0 bhp,113Nm@ 4000rpm,7.0,996000
Hyundai Grand,Hyundai,Grand,5,21689,Dealer,petrol,Automatic,18.9 kmpl,1197 CC,82.0 bhp,113Nm@ 4000rpm,5.0,600000
Maruti Alto,Maruti,Alto,9,37000,Individual,Petrol,Manual,20.92 kmpl,998 CC,67.1 bhp,200Nm@ 1750rpm,5.0,226000
BMW X1,BMW,X1,9,69000,DEALER,diesel,Automatic,19.62 kmpl,1998 CC,190.0 bhp,200Nm@ 1750rpm,5.0,1350000
Honda City,Honda,City,6,78000,DEALER,Petrol,Automatic,,1497 CC,117.3 bhp,200Nm@ 1750rpm,5.0,895000
Honda City,Honda,City,7,68000,Dealer,diesel,Manual,26.0 kmpl,1498 CC,98.6 bhp,250Nm@ 1500-2500rpm,5.0,475000
Maruti Swift Dzire,Maruti,Swift Dzire,3,50000,INDIVIDUAL,Petrol,Automatic,21.21 kmpl,1197 CC,81.8 bhp,91Nm@ 3500rpm,5.0,730000
Maruti Swift Dzire,Maruti,Swift Dzire,3,40000,Individual,Petrol,Manual,19.0 kmpl,1197 CC,85.8 bhp,200Nm@ 1750rpm,5.0,500000
Honda Jazz,Honda,Jazz,12,53000,Dealer,  Petrol ,Manual,16.0 kmpl,1198 CC,,24@ 1900(kgm@ rpm),5.0,225000
Maruti Vitara,Maruti,Vitara,1,12000,Dealer,Petrol,Automatic,,1462 CC,103.26 bhp,190Nm@ 2000rpm,5.0,1225000
Maruti Wagon R,Maruti,Wagon R,11,65000,Dealer,Petrol,Manual,18.9 kmpl,998 CC,67.1 bhp,170Nm@ 1800-2400rpm,5.0,110000
Mahindra Scorpio,Mahindra,Scorpio,2,30000,Individual,Diesel,Manual,15.4 kmpl,2523 CC,75.0 bhp,"12.7@ 2,700(kgm@ rpm)",7.0,850000
Maruti Swift Dzire,Maruti,Swift Dzire,4,50000,individual,diesel,Manual,28.4 kmpl,1248 CC,74.02 bhp,170Nm@ 1800-2400rpm,5.0,700000
Maruti Swift,Maruti,Swift,6,92000,dealer,Diesel,Manual,22.9 kmpl,1248 CC,74.0 bhp,113Nm@ 4000rpm,5.0,480000
Maruti Alto,Maruti,Alto,6,60000,Individual,Petrol,Manual,23.95 kmpl,998 CC,67.05 bhp,190Nm@ 2000rpm,5.0,240000
Maruti Swift Dzire,Maruti,Swift Dzire,3,21500,  Individual ,Petrol,Manual,21.21 kmpl,1197 CC,81.8 bhp,190Nm@ 2000rpm,5.0,650000
Honda City,Honda,City,4,19000,DEALER,Petrol,Manual,17.4 kmpl,1497 CC,117.6 bhp,91Nm@ 3500rpm,5.0,825000
Toyota Camry,Toyota,Camry,6,81000,Dealer,Petrol,Automatic,19.16 kmpl,2494 CC,157.7 bhp,113Nm@ 4000rpm,5.0,1725000
Toyota Innova,Toyota,Innova,8,140000,Individual,diesel,Manual,12.99 kmpl,2494 CC,100.0 bhp,170Nm@ 1800-2400rpm,7.0,850000
BMW 3,BMW,3,7,25000,Dealer,Diesel,Automatic,18.88 kmpl,1995 CC,184.0 bhp,250Nm@ 1500-2500rpm,5.0,1699000
Maruti Wagon R,Maruti,Wagon R,4,35000,individual,PETROL,Manual,20.51 kmpl,998 CC,67.04 bhp,190Nm@ 2000rpm,5.0,400000
Honda Amaze,Honda,Amaze,8,208000,  Individual ,  Diesel ,Manual,25.8 kmpl,1498 CC,98.6 bhp,170Nm@ 1800-2400rpm,5.0,300000
Renault KWID,Renault,KWID,4,25000,  Dealer ,Petrol,Manual,23.01 kmpl,999 CC,,91Nm@ 3500rpm,5.0,390000
Hyundai i20,Hyundai,i20,5,50000,Individual,PETROL,Manual,18.6 kmpl,1197 CC,81.83 bhp,113Nm@ 4000rpm,5.0,550000
BMW 5,BMW,5,3,34000,Dealer,Diesel,Automatic,22.48 kmpl,1995 CC,187.74 bhp,24@ 1900(kgm@ rpm),5.0,3700000
Honda City,Honda,City,5,60000,INDIVIDUAL,Diesel,Manual,26.0 kmpl,1498 CC,98.6 bhp,"12.7@ 2,700(kgm@ rpm)",5.0,750000
Maruti Ertiga,Maruti,Ertiga,2,20139,DEALER,Petrol,Manual,19.34 kmpl,1462 CC,103.0 bhp,91Nm@ 3500rpm,7.0,999000
Tata Tiago,Tata,Tiago,4,40000,Individual,Petrol,Manual,23.84 kmpl,1199 CC,84.0 bhp,200Nm@ 1750rpm,5.0,360000
Maruti Alto,Maruti,Alto,13,110000,Individual,PETROL,Manual,19.7 kmpl,796 CC,46.3 bhp,24@ 1900(kgm@ rpm),5.0,120000
Datsun RediGO,Datsun,RediGO,4,23000,Dealer,Petrol,Manual,22.7 kmpl,799 CC,53.64 bhp,190Nm@ 2000rpm,5.0,310000
BMW 3,BMW,3,8,50000,Dealer,PETROL,Automatic,14.59 kmpl,1997 CC,245.0 bhp,113Nm@ 4000rpm,5.0,1800000
Mahindra Thar,Mahindra,Thar,4,44000,dealer,Diesel,Manual,16.55 kmpl,2498 CC,105.0 bhp,91Nm@ 3500rpm,6.0,699000
Mahindra Scorpio,Mahindra,Scorpio,6,120000,Individual,Diesel,Manual,15.4 kmpl,1997 CC,120.0 bhp,190Nm@ 2000rpm,7.0,1020000
Toyota Yaris,Toyota,Yaris,3,17000,Dealer,Petrol,Manual,17.18 kmpl,,105.94 bhp,,5.0,1025000
Volkswagen Vento,Volkswagen,Vento,7,95000,DEALER,Diesel,Manual,20.34 kmpl,1498 CC,103.2 bhp,113Nm@ 4000rpm,5.0,550000
Hyundai i20,Hyundai,i20,7,44000,Individual,diesel,Manual,22.54 kmpl,1396 CC,88.73 bhp,113Nm@ 4000rpm,5.0,460000
Maruti Wagon R,Maruti,Wagon R,7,50000,Individual,PETROL,Manual,20.51 kmpl,998 CC,67.04 bhp,24@ 1900(kgm@ rpm),5.0,300000
Hyundai Grand,Hyundai,Grand,3,5000,individual,Petrol,Manual,18.9 kmpl,1197 CC,81.86 bhp,24@ 1900(kgm@ rpm),5.0,640000
Renault Duster,Renault,Duster,5,100000,Individual,Diesel,Manual,19.64 kmpl,1461 CC,108.45 bhp,24@ 1900(kgm@ rpm),5.0,600000
Maruti Wagon R,Maruti,Wagon R,7,67532,Dealer,CNG,Manual,26.6 km/kg,998 CC,58.16 bhp,200Nm@ 1750rpm,5.0,315000
Hyundai i20,Hyundai,i20,3,20000,Individual,Petrol,Manual,18.6 kmpl,1197 CC,81.86 bhp,170Nm@ 1800-2400rpm,5.0,650000
Hyundai Creta,Hyundai,Creta,5,37000,dealer,  Petrol ,Automatic,13.0 kmpl,1591 CC,121.3 bhp,190Nm@ 2000rpm,5.0,1095000
Ford Endeavour,Ford,Endeavour,9,98000,  Dealer ,diesel,Manual,13.1 kmpl,2499 CC,141.0 bhp,200Nm@ 1750rpm,7.0,875000
Audi A6,Audi,A6,9,43000,  Dealer ,Diesel,Automatic,17.68 kmpl,1968 CC,174.33 bhp,200Nm@ 1750rpm,5.0,1325000
Toyota Innova,Toyota,Innova,4,56000,Dealer,Diesel,Manual,13.68 kmpl,2393 CC,147.8 bhp,170Nm@ 1800-2400rpm,7.0,1675000
Maruti Baleno,Maruti,Baleno,5,52427,Dealer,Petrol,Automatic,21.4 kmpl,1197 CC,83.1 bhp,250Nm@ 1500-2500rpm,5.0,590000
Tata Tigor,Tata,Tigor,3,60000,Individual,Petrol,Manual,20.3 kmpl,1199 CC,84.0 bhp,170Nm@ 1800-2400rpm,5.0,550000
Hyundai i20,Hyundai,i20,2,16000,Dealer,  Diesel ,Manual,22.54 kmpl,1396 CC,88.73 bhp,170Nm@ 1800-2400rpm,5.0,861000
Hyundai i10,Hyundai,i10,11,90000,individual,petrol,Manual,19.81 kmpl,1086 CC,68.05 bhp,200Nm@ 1750rpm,5.0,130000
Hyundai Venue,Hyundai,Venue,2,35000,INDIVIDUAL,Diesel,Manual,23.7 kmpl,1396 CC,88.76 bhp,"12.7@ 2,700(kgm@ rpm)",5.0,980000
Maruti Celerio,Maruti,Celerio,7,43000,Dealer,petrol,Manual,23.1 kmpl,998 CC,67.04 bhp,200Nm@ 1750rpm,5.0,375000
Maruti Alto,Maruti,Alto,4,90000,Individual,Petrol,Manual,24.7 kmpl,796 CC,47.3 bhp,"12.7@ 2,700(kgm@ rpm)",5.0,255000
Mahindra KUV,Mahindra,KUV,5,20200,Dealer,Diesel,Manual,25.32 kmpl,1198 CC,77.0 bhp,24@ 1900(kgm@ rpm),5.0,435000
BMW 6,BMW,6,8,24000,  Dealer ,Diesel,Automatic,,2993 CC,313.0 bhp,,4.0,4000000
Maruti Swift Dzire,Maruti,Swift Dzire,3,14506,dealer,Petrol,Automatic,22.0 kmpl,1197 CC,81.8 bhp,250Nm@ 1500-2500rpm,5.0,765000
Maruti Wagon R,Maruti,Wagon R,5,63200,Dealer,Petrol,Manual,20.51 kmpl,998 CC,67.04 bhp,"12.7@ 2,700(kgm@ rpm)",5.0,375000
Ford Ecosport,Ford,Ecosport,2,18000,Dealer,  Petrol ,Manual,15.9 kmpl,1496 CC,120.69 bhp,113Nm@ 4000rpm,5.0,990000
Renault Duster,Renault,Duster,5,50000,INDIVIDUAL,Diesel,Manual,19.87 kmpl,1461 CC,83.8 bhp,"12.7@ 2,700(kgm@ rpm)",5.0,850000
Maruti Eeco,Maruti,Eeco,1,5512,Dealer,Petrol,Manual,15.37 kmpl,1196 CC,73.0 bhp,190Nm@ 2000rpm,5.0,465000
Honda City,Honda,City,9,47000,Dealer,petrol,Manual,17.0 kmpl,1497 CC,118.0 bhp,91Nm@ 3500rpm,5.0,425000
Volkswagen Vento,Volkswagen,Vento,8,56000,  Dealer ,Petrol,Manual,15.04 kmpl,1598 CC,103.6 bhp,170Nm@ 1800-2400rpm,5.0,395000
Maruti Swift,Maruti,Swift,10,40000,Dealer,Diesel,Manual,22.9 kmpl,1248 CC,74.0 bhp,200Nm@ 1750rpm,5.0,300000
Ford Ecosport,Ford,Ecosport,6,31700,Dealer,diesel,Manual,22.7 kmpl,1498 CC,89.84 bhp,190Nm@ 2000rpm,5.0,640000
Hyundai Elantra,Hyundai,Elantra,8,80000,Dealer,Diesel,Manual,22.7 kmpl,1582 CC,126.24 bhp,24@ 1900(kgm@ rpm),5.0,700000
Maruti Wagon R,Maruti,Wagon R,5,60000,Individual,Petrol,Manual,20.51 kmpl,998 CC,,170Nm@ 1800-2400rpm,5.0,350000
Maruti Alto,Maruti,Alto,11,29000,Individual,Petrol,Manual,19.7 kmpl,796 CC,46.3 bhp,"12.7@ 2,700(kgm@ rpm)",5.0,150000
Honda City,Honda,City,5,61000,dealer,petrol,Manual,17.8 kmpl,1497 CC,,24@ 1900(kgm@ rpm),5.0,610000
Mercedes-Benz GL-Class,Mercedes-Benz,GL-Class,5,35000,Individual,DIESEL,Automatic,11.3 kmpl,2987 CC,254.8 bhp,170Nm@ 1800-2400rpm,7.0,4300000
Datsun GO,Datsun,GO,5,40000,individual,Petrol,Manual,19.44 kmpl,,67.0 bhp,,7.0,400000
Volkswagen Polo,Volkswagen,Polo,6,7000,Dealer,Petrol,Manual,16.47 kmpl,1198 CC,74.0 bhp,91Nm@ 3500rpm,5.0,625000
Maruti Ertiga,Maruti,Ertiga,5,37000,INDIVIDUAL,Diesel,Manual,24.52 kmpl,,88.5 bhp,,7.0,810000
Renault KWID,Renault,KWID,3,22000,INDIVIDUAL,  Petrol ,Manual,23.01 kmpl,999 CC,67.0 bhp,250Nm@ 1500-2500rpm,5.0,330000
Hyundai Creta,Hyundai,Creta,3,39000,dealer,Petrol,Automatic,,1591 CC,121.3 bhp,170Nm@ 1800-2400rpm,5.0,1250000
Mahindra Scorpio,Mahindra,Scorpio,7,30000,Dealer,diesel,Manual,15.4 kmpl,1997 CC,120.0 bhp,113Nm@ 4000rpm,,400000
Maruti Swift Dzire,Maruti,Swift Dzire,3,20000,Individual,diesel,Manual,,1248 CC,74.02 bhp,91Nm@ 3500rpm,5.0,720000
Maruti Wagon R,Maruti,Wagon R,3,15000,Individual,Petrol,Manual,20.51 kmpl,998 CC,67.04 bhp,113Nm@ 4000rpm,5.0,480000
Hyundai Santro,Hyundai,Santro,12,66500,INDIVIDUAL,Petrol,Manual,17.92 kmpl,1086 CC,62.1 bhp,"12.7@ 2,700(kgm@ rpm)",5.0,135000
Maruti Swift,Maruti,Swift,2,14316,Trustmark Dealer,PETROL,Manual,21.21 kmpl,1197 CC,81.8 bhp,200Nm@ 1750rpm,5.0,535000
Maruti Swift Dzire,Maruti,Swift Dzire,8,110000,Individual,Petrol,Manual,19.1 kmpl,1197 CC,85.8 bhp,190Nm@ 2000rpm,5.0,420000
Hyundai Grand,Hyundai,Grand,4,31734,Dealer,petrol,Manual,18.9 kmpl,1197 CC,81.86 bhp,250Nm@ 1500-2500rpm,5.0,578000
Skoda Superb,Skoda,Superb,10,83000,dealer,diesel,Automatic,17.2 kmpl,1968 CC,138.1 bhp,91Nm@ 3500rpm,5.0,675000
Tata Nexon,Tata,Nexon,2,10000,Individual,petrol,Automatic,,1198 CC,108.5 bhp,24@ 1900(kgm@ rpm),5.0,700000
Maruti Wagon R,Maruti,Wagon R,8,52000,Dealer,Petrol,Manual,18.9 kmpl,998 CC,67.1 bhp,113Nm@ 4000rpm,5.0,270000
Honda City,Honda,City,13,90000,Dealer,PETROL,Automatic,,1493 CC,100.0 bhp,190Nm@ 2000rpm,5.0,365000
Mahindra XUV500,Mahindra,XUV500,6,80000,Dealer,Diesel,Manual,15.1 kmpl,2179 CC,140.0 bhp,"12.7@ 2,700(kgm@ rpm)",7.0,1000000
Hyundai Grand,Hyundai,Grand,3,16000,Dealer,Diesel,Manual,24.0 kmpl,1186 CC,73.97 bhp,190Nm@ 2000rpm,5.0,625000
Skoda Rapid,Skoda,Rapid,6,132000,Individual,Diesel,Manual,21.14 kmpl,1498 CC,103.6 bhp,91Nm@ 3500rpm,5.0,450000
Maruti Vitara,Maruti,Vitara,4,160000,Individual,diesel,Manual,24.3 kmpl,1248 CC,88.5 bhp,250Nm@ 1500-2500rpm,5.0,795000
Maruti Vitara,Maruti,Vitara,3,40000,Individual,Diesel,Manual,24.3 kmpl,1248 CC,88.5 bhp,24@ 1900(kgm@ rpm),5.0,900000
Hyundai Verna,Hyundai,Verna,9,88500,DEALER,Diesel,Manual,22.32 kmpl,1582 CC,126.32 bhp,200Nm@ 1750rpm,5.0,550000
Maruti Baleno,Maruti,Baleno,3,80000,INDIVIDUAL,Diesel,Manual,27.39 kmpl,1248 CC,74.0 bhp,190Nm@ 2000rpm,5.0,700000
Maruti Baleno,Maruti,Baleno,5,43000,Dealer,Petrol,Manual,21.01 kmpl,1197 CC,81.8 bhp,250Nm@ 1500-2500rpm,5.0,650000
Renault Duster,Renault,Duster,7,64000,dealer,Diesel,Manual,19.87 kmpl,1461 CC,83.8 bhp,91Nm@ 3500rpm,5.0,395000
Mahindra XUV500,Mahindra,XUV500,5,92000,Dealer,Diesel,Automatic,16.0 kmpl,2179 CC,140.0 bhp,250Nm@ 1500-2500rpm,,1235000
Toyota Innova,Toyota,Innova,2,27000,  Dealer ,Diesel,Automatic,11.36 kmpl,2755 CC,171.5 bhp,170Nm@ 1800-2400rpm,7.0,2225000
Volkswagen Polo,Volkswagen,Polo,5,58000,Dealer,petrol,Automatic,17.21 kmpl,1197 CC,103.6 bhp,91Nm@ 3500rpm,5.0,665000
Maruti Ciaz,Maruti,Ciaz,5,21000,Dealer,Petrol,Manual,20.73 kmpl,1373 CC,91.1 bhp,170Nm@ 1800-2400rpm,5.0,615000
Honda City,Honda,City,4,23000,Individual,Diesel,Manual,26.0 kmpl,1498 CC,,250Nm@ 1500-2500rpm,5.0,875000
BMW 5,BMW,5,10,60000,  Dealer ,Diesel,Automatic,16.73 kmpl,2993 CC,218.0 bhp,190Nm@ 2000rpm,5.0,1450000
Honda City,Honda,City,7,85000,individual,Diesel,Manual,26.0 kmpl,1498 CC,98.6 bhp,190Nm@ 2000rpm,5.0,520000
Maruti Ertiga,Maruti,Ertiga,5,40000,Individual,DIESEL,Manual,,1248 CC,88.5 bhp,170Nm@ 1800-2400rpm,7.0,810000
Mahindra Scorpio,Mahindra,Scorpio,7,60000,INDIVIDUAL,Diesel,Manual,15.4 kmpl,2179 CC,120.0 bhp,200Nm@ 1750rpm,7.0,851000
Hyundai Creta,Hyundai,Creta,5,45000,  Dealer ,Diesel,Manual,21.38 kmpl,1396 CC,88.7 bhp,,5.0,925000
Renault Duster,Renault,Duster,8,75000,DEALER,Diesel,Manual,19.6 kmpl,1461 CC,108.45 bhp,"12.7@ 2,700(kgm@ rpm)",5.0,550000
Maruti Wagon R,Maruti,Wagon R,5,52000,DEALER,Petrol,Manual,20.51 kmpl,998 CC,67.04 bhp,170Nm@ 1800-2400rpm,5.0,300000
Hyundai Verna,Hyundai,Verna,7,120000,Individual,Diesel,Manual,22.32 kmpl,1582 CC,126.32 bhp,170Nm@ 1800-2400rpm,5.0,610000
Volkswagen Polo,Volkswagen,Polo,6,64000,DEALER,  Petrol ,Automatic,17.21 kmpl,1197 CC,103.6 bhp,91Nm@ 3500rpm,5.0,650000
Hyundai i20,Hyundai,i20,6,77597,DEALER,PETROL,Manual,20.35 kmpl,1197 CC,81.86 bhp,91Nm@ 3500rpm,5.0,666000
Volkswagen Vento,Volkswagen,Vento,8,80000,Individual,Diesel,Manual,20.54 kmpl,1598 CC,103.6 bhp,24@ 1900(kgm@ rpm),5.0,349000
Skoda Rapid,Skoda,Rapid,4,130200,Individual,Diesel,Automatic,21.72 kmpl,1498 CC,108.6 bhp,113Nm@ 4000rpm,5.0,650000
Hyundai i20,Hyundai,i20,5,34000,Dealer,diesel,Manual,21.19 kmpl,1396 CC,88.73 bhp,"12.7@ 2,700(kgm@ rpm)",5.0,725000
Honda Civic,Honda,Civic,12,65000,Dealer,Petrol,Automatic,12.9 kmpl,1799 CC,130.0 bhp,"12.7@ 2,700(kgm@ rpm)",5.0,225000
Maruti Wagon R,Maruti,Wagon R,5,29000,Dealer,PETROL,Automatic,20.51 kmpl,998 CC,67.0 bhp,200Nm@ 1750rpm,5.0,450000
Maruti Swift Dzire,Maruti,Swift Dzire,8,43000,dealer,petrol,Automatic,17.4 kmpl,1197 CC,85.8 bhp,200Nm@ 1750rpm,5.0,445000
Maruti Ciaz,Maruti,Ciaz,3,49000,  Dealer ,Petrol,Automatic,19.12 kmpl,1373 CC,91.1 bhp,"12.7@ 2,700(kgm@ rpm)",5.0,811000
Skoda Octavia,Skoda,Octavia,5,30000,Dealer,petrol,Automatic,14.7 kmpl,1798 CC,177.5 bhp,24@ 1900(kgm@ rpm),5.0,1050000
Mahindra KUV,Mahindra,KUV,5,15000,Individual,petrol,Manual,18.15 kmpl,1198 CC,82.0 bhp,170Nm@ 1800-2400rpm,5.0,400000
Maruti Vitara,Maruti,Vitara,3,47000,Dealer,diesel,Automatic,24.3 kmpl,1248 CC,88.5 bhp,250Nm@ 1500-2500rpm,5.0,990000
Maruti Alto,Maruti,Alto,12,35000,Individual,Petrol,Manual,19.7 kmpl,796 CC,46.3 bhp,190Nm@ 2000rpm,5.0,100000
Ford Figo,Ford,Figo,7,67700,Dealer,  Diesel ,Manual,20.0 kmpl,1399 CC,68.05 bhp,170Nm@ 1800-2400rpm,5.0,285000
Volkswagen Polo,Volkswagen,Polo,2,20000,individual,petrol,Manual,18.78 kmpl,999 CC,75.0 bhp,200Nm@ 1750rpm,5.0,550000
Porsche Cayenne,Porsche,Cayenne,6,38000,DEALER,Diesel,Automatic,13.5 kmpl,2967 CC,240.0 bhp,91Nm@ 3500rpm,5.0,6300000
Maruti Celerio,Maruti,Celerio,4,40000,INDIVIDUAL,PETROL,Automatic,21.63 kmpl,998 CC,67.0 bhp,170Nm@ 1800-2400rpm,5.0,500000
Maruti Swift,Maruti,Swift,7,60000,Individual,Diesel,Manual,,1248 CC,74.0 bhp,170Nm@ 1800-2400rpm,5.0,450000
Hyundai Verna,Hyundai,Verna,8,75842,Dealer,DIESEL,Automatic,22.32 kmpl,1582 CC,126.32 bhp,113Nm@ 4000rpm,5.0,625000
Hyundai i20,Hyundai,i20,4,41394,Dealer,Petrol,Manual,17.0 kmpl,1197 CC,80.0 bhp,113Nm@ 4000rpm,5.0,640000
Ford Aspire,Ford,Aspire,6,90000,Individual,  Diesel ,Manual,25.83 kmpl,1498 CC,99.0 bhp,190Nm@ 2000rpm,5.0,480000
Volkswagen Polo,Volkswagen,Polo,9,91000,DEALER,DIESEL,Manual,22.07 kmpl,1199 CC,73.9 bhp,170Nm@ 1800-2400rpm,5.0,385000
Mahindra Bolero,Mahindra,Bolero,4,80000,Individual,Diesel,Manual,16.5 kmpl,1493 CC,70.0 bhp,24@ 1900(kgm@ rpm),7.0,750000
Maruti Swift,Maruti,Swift,5,80000,Individual,Petrol,Manual,20.4 kmpl,1197 CC,81.8 bhp,200Nm@ 1750rpm,5.0,510000
BMW 5,BMW,5,11,93800,Dealer,Diesel,Automatic,16.73 kmpl,2993 CC,,"12.7@ 2,700(kgm@ rpm)",5.0,1450000
Mercedes-Benz GL-Class,Mercedes-Benz,GL-Class,3,10000,Dealer,Diesel,Automatic,17.9 kmpl,2143 CC,170.0 bhp,170Nm@ 1800-2400rpm,5.0,4950000
Maruti Alto,Maruti,Alto,7,30000,Individual,Petrol,Manual,22.74 kmpl,796 CC,,91Nm@ 3500rpm,5.0,200000
Skoda Rapid,Skoda,Rapid,9,70000,  Individual ,Diesel,Manual,,1598 CC,103.5 bhp,190Nm@ 2000rpm,5.0,450000
Audi A4,Audi,A4,9,38000,Individual,Diesel,Automatic,15.2 kmpl,1968 CC,140.8 bhp,113Nm@ 4000rpm,5.0,1175000
Hyundai Grand,Hyundai,Grand,5,58000,  Dealer ,Diesel,Manual,24.0 kmpl,1186 CC,73.97 bhp,"12.7@ 2,700(kgm@ rpm)",5.0,360000
Hyundai Grand,Hyundai,Grand,7,54000,DEALER,petrol,Manual,18.9 kmpl,1197 CC,82.0 bhp,170Nm@ 1800-2400rpm,5.0,365000
Honda WR-V,Honda,WR-V,4,70000,Individual,Diesel,Manual,25.5 kmpl,1498 CC,98.6 bhp,190Nm@ 2000rpm,5.0,760000
Hyundai Verna,Hyundai,Verna,3,110000,Individual,DIESEL,Manual,22.0 kmpl,1582 CC,126.2 bhp,200Nm@ 1750rpm,5.0,900000
Maruti Swift Dzire,Maruti,Swift Dzire,7,87500,Individual,diesel,Manual,23.4 kmpl,1248 CC,74.0 bhp,113Nm@ 4000rpm,5.0,560000
Maruti Ciaz,Maruti,Ciaz,2,14000,Dealer,petrol,Manual,21.56 kmpl,1462 CC,103.25 bhp,91Nm@ 3500rpm,5.0,825000
Tata Hexa,Tata,Hexa,4,93000,Dealer,Diesel,Manual,17.6 kmpl,2179 CC,153.86 bhp,250Nm@ 1500-2500rpm,7.0,985000
Datsun RediGO,Datsun,RediGO,5,36000,dealer,Petrol,Manual,22.7 kmpl,799 CC,53.64 bhp,200Nm@ 1750rpm,5.0,235000
Tata Nexon,Tata,Nexon,3,60000,INDIVIDUAL,diesel,Manual,21.5 kmpl,1497 CC,108.5 bhp,"12.7@ 2,700(kgm@ rpm)",5.0,900000
Maruti Alto,Maruti,Alto,1,10000,Individual,Petrol,Manual,22.05 kmpl,796 CC,47.3 bhp,24@ 1900(kgm@ rpm),5.0,350000
Honda City,Honda,City,7,84000,Individual,DIESEL,Manual,26.0 kmpl,1498 CC,,24@ 1900(kgm@ rpm),5.0,400000
Ford Ecosport,Ford,Ecosport,8,56260,Dealer,Petrol,Manual,18.88 kmpl,999 CC,,91Nm@ 3500rpm,5.0,499000
Maruti Swift,Maruti,Swift,5,36000,Dealer,  Petrol ,Manual,20.4 kmpl,1197 CC,81.8 bhp,200Nm@ 1750rpm,5.0,421000
Honda Amaze,Honda,Amaze,3,10000,Individual,petrol,Automatic,19.0 kmpl,1199 CC,88.76 bhp,250Nm@ 1500-2500rpm,5.0,725000
Maruti Alto,Maruti,Alto,10,38643,DEALER,Petrol,Manual,20.92 kmpl,998 CC,67.1 bhp,190Nm@ 2000rpm,5.0,180000
Maruti Alto,Maruti,Alto,10,40256,Dealer,Petrol,Manual,19.7 kmpl,796 CC,46.3 bhp,250Nm@ 1500-2500rpm,5.0,138000
Honda Amaze,Honda,Amaze,6,80000,INDIVIDUAL,Petrol,Manual,18.0 kmpl,1198 CC,86.7 bhp,170Nm@ 1800-2400rpm,5.0,350000
Hyundai Verna,Hyundai,Verna,7,65694,dealer,PETROL,Manual,17.01 kmpl,1591 CC,121.3 bhp,24@ 1900(kgm@ rpm),5.0,510000
Jeep Compass,Jeep,Compass,3,60000,Dealer,diesel,Manual,17.1 kmpl,1956 CC,170.0 bhp,"12.7@ 2,700(kgm@ rpm)",5.0,1745000
Hyundai i20,Hyundai,i20,2,15000,Individual,Diesel,Manual,22.54 kmpl,1396 CC,88.76 bhp,200Nm@ 1750rpm,5.0,700000
Maruti Swift,Maruti,Swift,6,62500,individual,Diesel,Manual,25.2 kmpl,1248 CC,74.0 bhp,170Nm@ 1800-2400rpm,5.0,460000
Maruti Swift Dzire,Maruti,Swift Dzire,4,48518,Dealer,Diesel,Manual,19.3 kmpl,1248 CC,73.9 bhp,200Nm@ 1750rpm,5.0,725000
Maruti Wagon R,Maruti,Wagon R,9,54000,  Dealer ,Petrol,Manual,18.9 kmpl,998 CC,67.1 bhp,"12.7@ 2,700(kgm@ rpm)",5.0,290000
Maruti Alto,Maruti,Alto,9,79000,Dealer,Petrol,Manual,19.7 kmpl,796 CC,46.3 bhp,91Nm@ 3500rpm,5.0,200000
Maruti Swift,Maruti,Swift,8,40147,DEALER,Diesel,Manual,28.4 kmpl,1248 CC,,200Nm@ 1750rpm,5.0,520000
Hyundai Grand,Hyundai,Grand,6,100000,INDIVIDUAL,PETROL,Manual,18.9 kmpl,1197 CC,82.0 bhp,113Nm@ 4000rpm,5.0,400000
Ford Figo,Ford,Figo,10,120000,individual,Diesel,Manual,20.0 kmpl,1399 CC,68.0 bhp,"12.7@ 2,700(kgm@ rpm)",5.0,150000
Ford Figo,Ford,Figo,10,80000,Individual,Diesel,Manual,20.0 kmpl,1399 CC,68.0 bhp,113Nm@ 4000rpm,5.0,145000
Maruti S-Presso,Maruti,S-Presso,2,5000,Individual,Petrol,Manual,21.7 kmpl,998 CC,67.0 bhp,"12.7@ 2,700(kgm@ rpm)",5.0,455000
Hyundai i20,Hyundai,i20,7,69000,DEALER,DIESEL,Manual,22.54 kmpl,1396 CC,,200Nm@ 1750rpm,5.0,599000
Mercedes-Benz E-Class,Mercedes-Benz,E-Class,9,23000,Dealer,Petrol,Automatic,10.93 kmpl,3498 CC,272.0 bhp,170Nm@ 1800-2400rpm,2.0,1996000
Maruti Swift,Maruti,Swift,13,86000,Dealer,Diesel,Manual,17.8 kmpl,1248 CC,75.0 bhp,"12.7@ 2,700(kgm@ rpm)",5.0,280000
Hyundai i20,Hyundai,i20,5,30000,Individual,  Petrol ,Manual,18.6 kmpl,1197 CC,81.83 bhp,113Nm@ 4000rpm,5.0,600000
Ford Ecosport,Ford,Ecosport,6,53000,Dealer,Petrol,Automatic,14.7 kmpl,1496 CC,120.69 bhp,170Nm@ 1800-2400rpm,5.0,625000
Honda City,Honda,City,1,4386,DEALER,petrol,Manual,17.4 kmpl,1497 CC,117.6 bhp,250Nm@ 1500-2500rpm,5.0,1250000
Jaguar XF,Jaguar,XF,7,28001,Dealer,DIESEL,Automatic,16.36 kmpl,2179 CC,187.7 bhp,"12.7@ 2,700(kgm@ rpm)",5.0,1895000
Skoda Superb,Skoda,Superb,8,55572,Dealer,Petrol,Automatic,13.7 kmpl,1798 CC,157.75 bhp,91Nm@ 3500rpm,5.0,1065000
Hyundai Verna,Hyundai,Verna,11,122661,individual,PETROL,Manual,16.2 kmpl,1599 CC,103.2 bhp,,5.0,150000
Honda Civic,Honda,Civic,11,80000,individual,Petrol,Manual,13.5 kmpl,1799 CC,130.0 bhp,170Nm@ 1800-2400rpm,5.0,240000
Maruti Swift,Maruti,Swift,4,51234,Dealer,Petrol,Manual,20.4 kmpl,1197 CC,81.8 bhp,24@ 1900(kgm@ rpm),5.0,445000
Maruti Vitara,Maruti,Vitara,1,50000,  Individual ,Diesel,Manual,24.3 kmpl,1248 CC,88.5 bhp,170Nm@ 1800-2400rpm,5.0,775000
Honda Amaze,Honda,Amaze,8,119462,Dealer,Diesel,Manual,24.7 kmpl,1498 CC,,250Nm@ 1500-2500rpm,5.0,425000
Hyundai Verna,Hyundai,Verna,10,8000,Dealer,Petrol,Manual,17.01 kmpl,1591 CC,121.3 bhp,190Nm@ 2000rpm,5.0,550000
Maruti Ciaz,Maruti,Ciaz,5,40000,dealer,Diesel,Manual,28.09 kmpl,1248 CC,88.5 bhp,24@ 1900(kgm@ rpm),5.0,595000
Datsun RediGO,Datsun,RediGO,4,35000,Individual,petrol,Manual,22.5 kmpl,999 CC,67.0 bhp,200Nm@ 1750rpm,5.0,250000
Hyundai i20,Hyundai,i20,10,23000,dealer,Petrol,Manual,18.5 kmpl,1197 CC,80.0 bhp,200Nm@ 1750rpm,5.0,340000
Hyundai Grand,Hyundai,Grand,5,35000,Individual,Petrol,Manual,18.9 kmpl,1197 CC,82.0 bhp,250Nm@ 1500-2500rpm,,410000
Honda Amaze,Honda,Amaze,2,13000,Dealer,  Diesel ,Automatic,21.0 kmpl,1498 CC,78.9 bhp,91Nm@ 3500rpm,5.0,930000
Hyundai Verna,Hyundai,Verna,6,52000,Dealer,Diesel,Manual,23.9 kmpl,,126.2 bhp,,5.0,695000
Datsun RediGO,Datsun,RediGO,4,10000,Individual,petrol,Manual,22.7 kmpl,799 CC,53.64 bhp,200Nm@ 1750rpm,5.0,350000
Hyundai i20,Hyundai,i20,8,70000,individual,Diesel,Manual,21.9 kmpl,1396 CC,88.76 bhp,250Nm@ 1500-2500rpm,5.0,310000
Mercedes-Benz E-Class,Mercedes-Benz,E-Class,8,25000,INDIVIDUAL,Diesel,Automatic,10.0 kmpl,2148 CC,170.0 bhp,113Nm@ 4000rpm,5.0,2100000
Honda City,Honda,City,4,70000,Dealer,Diesel,Manual,25.6 kmpl,1498 CC,97.9 bhp,170Nm@ 1800-2400rpm,5.0,875000
Maruti Wagon R,Maruti,Wagon R,4,50000,Individual,CNG,Manual,26.6 km/kg,998 CC,58.16 bhp,24@ 1900(kgm@ rpm),5.0,400000
Maruti Swift Dzire,Maruti,Swift Dzire,5,67004,Dealer,Diesel,Manual,19.3 kmpl,1248 CC,73.9 bhp,250Nm@ 1500-2500rpm,5.0,585000
Maruti Swift Dzire,Maruti,Swift Dzire,10,35000,Dealer,Petrol,Manual,17.5 kmpl,1298 CC,85.8 bhp,170Nm@ 1800-2400rpm,5.0,350000
MG Hector,MG,Hector,1,20000,dealer,DIESEL,Manual,,1956 CC,167.68 bhp,200Nm@ 1750rpm,5.0,1795000
Hyundai Venue,Hyundai,Venue,2,21280,Dealer,diesel,Manual,23.7 kmpl,1396 CC,88.76 bhp,200Nm@ 1750rpm,5.0,900000
Mahindra Scorpio,Mahindra,Scorpio,7,100000,DEALER,  Diesel ,Manual,12.05 kmpl,2179 CC,120.0 bhp,170Nm@ 1800-2400rpm,8.0,590000
Hyundai Verna,Hyundai,Verna,2,8836,Individual,Petrol,Manual,17.0 kmpl,1591 CC,121.3 bhp,"12.7@ 2,700(kgm@ rpm)",5.0,1171000
Maruti XL6,Maruti,XL6,1,9500,Dealer,Petrol,Automatic,17.99 kmpl,1462 CC,103.2 bhp,170Nm@ 1800-2400rpm,6.0,1185000
Hyundai Santro,Hyundai,Santro,1,8268,Dealer,Petrol,Manual,20.3 kmpl,1086 CC,68.07 bhp,170Nm@ 1800-2400rpm,5.0,445000
Audi Q7,Audi,Q7,9,130000,Dealer,DIESEL,Automatic,12.07 kmpl,2967 CC,241.4 bhp,24@ 1900(kgm@ rpm),7.0,1950000
Maruti Swift,Maruti,Swift,6,89000,dealer,Diesel,Manual,25.2 kmpl,1248 CC,74.0 bhp,91Nm@ 3500rpm,5.0,565000
Volkswagen Polo,Volkswagen,Polo,10,64471,DEALER,Petrol,Manual,15.26 kmpl,1598 CC,103.5 bhp,"12.7@ 2,700(kgm@ rpm)",5.0,285000
Hyundai Grand,Hyundai,Grand,5,45000,Dealer,petrol,Manual,,1197 CC,82.0 bhp,170Nm@ 1800-2400rpm,5.0,420000
Mahindra Scorpio,Mahindra,Scorpio,5,46400,DEALER,Diesel,Manual,15.4 kmpl,2179 CC,120.0 bhp,170Nm@ 1800-2400rpm,7.0,1150000
Skoda Rapid,Skoda,Rapid,7,36000,Dealer,Diesel,Manual,20.5 kmpl,1598 CC,103.5 bhp,250Nm@ 1500-2500rpm,5.0,530000
Maruti Ciaz,Maruti,Ciaz,6,48000,Dealer,Petrol,Automatic,19.12 kmpl,1373 CC,91.1 bhp,91Nm@ 3500rpm,5.0,625000
Mercedes-Benz C-Class,Mercedes-Benz,C-Class,5,44000,Dealer,Petrol,Automatic,14.74 kmpl,1991 CC,181.03 bhp,"12.7@ 2,700(kgm@ rpm)",5.0,2525000
Tata Tigor,Tata,Tigor,4,25000,Individual,diesel,Manual,24.7 kmpl,1047 CC,69.0 bhp,200Nm@ 1750rpm,5.0,600000
Hyundai Elantra,Hyundai,Elantra,7,62000,dealer,  Diesel ,Automatic,14.62 kmpl,1493 CC,113.42 bhp,113Nm@ 4000rpm,5.0,690000
Datsun GO,Datsun,GO,4,31000,Dealer,Petrol,Manual,20.63 kmpl,1198 CC,67.0 bhp,200Nm@ 1750rpm,5.0,285000
Maruti Alto,Maruti,Alto,8,60000,Individual,Petrol,Manual,22.74 kmpl,796 CC,47.3 bhp,250Nm@ 1500-2500rpm,5.0,185000
Hyundai Verna,Hyundai,Verna,6,120000,Individual,Diesel,Manual,23.9 kmpl,1582 CC,126.2 bhp,250Nm@ 1500-2500rpm,5.0,660000
Hyundai Grand,Hyundai,Grand,6,15000,  Individual ,  Petrol ,Manual,18.9 kmpl,1197 CC,82.0 bhp,190Nm@ 2000rpm,5.0,470000
Hyundai Grand,Hyundai,Grand,6,20000,Individual,Petrol,Manual,18.9 kmpl,1197 CC,82.0 bhp,"12.7@ 2,700(kgm@ rpm)",5.0,450000
Maruti Swift,Maruti,Swift,4,50000,DEALER,  Diesel ,Manual,28.4 kmpl,1248 CC,74.0 bhp,170Nm@ 1800-2400rpm,5.0,650000
Maruti Wagon R,Maruti,Wagon R,15,70000,Individual,Petrol,Manual,14.0 kmpl,1061 CC,64.0 bhp,190Nm@ 2000rpm,5.0,78000
Volkswagen Vento,Volkswagen,Vento,9,19519,Individual,petrol,Manual,15.04 kmpl,1598 CC,103.6 bhp,250Nm@ 1500-2500rpm,5.0,347000
Mercedes-Benz E-Class,Mercedes-Benz,E-Class,10,74024,Dealer,PETROL,Automatic,12.3 kmpl,1796 CC,185.0 bhp,190Nm@ 2000rpm,5.0,1095000
Toyota Innova,Toyota,Innova,3,27000,dealer,Diesel,Automatic,,2755 CC,,24@ 1900(kgm@ rpm),,1845000
Honda Amaze,Honda,Amaze,8,80000,INDIVIDUAL,diesel,Manual,25.8 kmpl,1498 CC,98.6 bhp,"12.7@ 2,700(kgm@ rpm)",5.0,350000
Maruti Swift Dzire,Maruti,Swift Dzire,11,110000,Individual,diesel,Manual,19.3 kmpl,1248 CC,73.9 bhp,200Nm@ 1750rpm,5.0,280000
Mahindra Bolero,Mahindra,Bolero,12,120000,Individual,Diesel,Manual,13.6 kmpl,2523 CC,63.0 bhp,190Nm@ 2000rpm,7.0,525000
Honda City,Honda,City,5,56000,DEALER,Diesel,Manual,26.0 kmpl,1498 CC,98.6 bhp,170Nm@ 1800-2400rpm,5.0,590000
Mahindra XUV500,Mahindra,XUV500,6,80000,INDIVIDUAL,Diesel,Manual,16.0 kmpl,2179 CC,140.0 bhp,113Nm@ 4000rpm,7.0,1100000
Hyundai Grand,Hyundai,Grand,5,68000,Dealer,diesel,Manual,24.0 kmpl,1120 CC,70.0 bhp,113Nm@ 4000rpm,5.0,399000
Mahindra Scorpio,Mahindra,Scorpio,10,60000,  Individual ,Diesel,Manual,13.5 kmpl,2179 CC,115.0 bhp,91Nm@ 3500rpm,5.0,400000
Maruti Baleno,Maruti,Baleno,4,44000,  Individual ,Petrol,Manual,21.4 kmpl,1197 CC,83.1 bhp,"12.7@ 2,700(kgm@ rpm)",5.0,570000
Hyundai i20,Hyundai,i20,7,100000,Individual,Diesel,Manual,22.54 kmpl,1396 CC,88.73 bhp,190Nm@ 2000rpm,5.0,500000
Honda WR-V,Honda,WR-V,3,24000,Dealer,Petrol,Manual,17.5 kmpl,1199 CC,,170Nm@ 1800-2400rpm,5.0,775000
Maruti Ciaz,Maruti,Ciaz,4,45185,Dealer,Diesel,Manual,28.09 kmpl,1248 CC,88.5 bhp,200Nm@ 1750rpm,5.0,875000
Hyundai Verna,Hyundai,Verna,6,27900,Dealer,Petrol,Manual,17.43 kmpl,1396 CC,105.5 bhp,24@ 1900(kgm@ rpm),5.0,480000
Skoda Octavia,Skoda,Octavia,6,99000,Dealer,diesel,Automatic,19.3 kmpl,1968 CC,141.0 bhp,200Nm@ 1750rpm,5.0,1399000
Honda City,Honda,City,11,65000,Dealer,Petrol,Manual,,1497 CC,118.0 bhp,200Nm@ 1750rpm,5.0,295000
Hyundai i10,Hyundai,i10,9,50000,  Individual ,petrol,Manual,20.36 kmpl,1197 CC,78.9 bhp,91Nm@ 3500rpm,5.0,350000
Hyundai Verna,Hyundai,Verna,4,22000,Individual,Petrol,Manual,17.01 kmpl,1591 CC,121.3 bhp,170Nm@ 1800-2400rpm,5.0,875000
Maruti Alto,Maruti,Alto,14,49251,Dealer,Petrol,Manual,19.7 kmpl,796 CC,46.3 bhp,"12.7@ 2,700(kgm@ rpm)",5.0,175000
Toyota Innova,Toyota,Innova,9,130000,Individual,DIESEL,Manual,12.99 kmpl,2494 CC,100.0 bhp,170Nm@ 1800-2400rpm,7.0,700000
Audi A4,Audi,A4,10,95000,dealer,Petrol,Automatic,15.64 kmpl,1798 CC,167.62 bhp,113Nm@ 4000rpm,5.0,1000000
Mahindra XUV500,Mahindra,XUV500,3,27300,Individual,Diesel,Automatic,15.1 kmpl,2179 CC,152.87 bhp,,7.0,1605000
Hyundai Santro,Hyundai,Santro,13,66403,Dealer,Petrol,Manual,17.92 kmpl,1086 CC,62.1 bhp,91Nm@ 3500rpm,5.0,185000
Renault KWID,Renault,KWID,4,8905,Dealer,Petrol,Manual,25.17 kmpl,799 CC,53.3 bhp,91Nm@ 3500rpm,5.0,349000
Volkswagen Polo,Volkswagen,Polo,5,39000,Dealer,petrol,Manual,,1198 CC,,,,525000
Volkswagen Vento,Volkswagen,Vento,7,59000,  Dealer ,PETROL,Manual,15.04 kmpl,1598 CC,103.6 bhp,170Nm@ 1800-2400rpm,5.0,450000
Skoda Rapid,Skoda,Rapid,6,47000,Dealer,Petrol,Manual,15.0 kmpl,1598 CC,103.5 bhp,190Nm@ 2000rpm,5.0,485000
Skoda Superb,Skoda,Superb,11,37900,  Dealer ,PETROL,Automatic,13.7 kmpl,1798 CC,157.75 bhp,"12.7@ 2,700(kgm@ rpm)",5.0,845000
Maruti Wagon R,Maruti,Wagon R,14,53000,Individual,Petrol,Manual,18.9 kmpl,998 CC,67.1 bhp,170Nm@ 1800-2400rpm,5.0,130000
Maruti Swift,Maruti,Swift,1,10000,Individual,Petrol,Manual,21.21 kmpl,1197 CC,81.8 bhp,190Nm@ 2000rpm,5.0,615000
Tata Tiago,Tata,Tiago,3,36313,DEALER,Petrol,Manual,23.84 kmpl,1199 CC,84.0 bhp,24@ 1900(kgm@ rpm),,441000
Hyundai Creta,Hyundai,Creta,3,55000,DEALER,  Diesel ,Manual,22.1 kmpl,,88.7 bhp,,5.0,920000
Hyundai i20,Hyundai,i20,4,12000,Dealer,PETROL,Manual,18.6 kmpl,1197 CC,81.83 bhp,"12.7@ 2,700(kgm@ rpm)",5.0,775000
Mahindra XUV500,Mahindra,XUV500,4,37000,DEALER,DIESEL,Automatic,16.0 kmpl,2179 CC,140.0 bhp,24@ 1900(kgm@ rpm),7.0,1160000
Maruti Swift,Maruti,Swift,13,92000,Dealer,DIESEL,Manual,17.8 kmpl,1248 CC,75.0 bhp,250Nm@ 1500-2500rpm,5.0,290000
Hyundai Verna,Hyundai,Verna,7,89000,Dealer,Diesel,Automatic,22.32 kmpl,1582 CC,126.32 bhp,250Nm@ 1500-2500rpm,5.0,550000
Volkswagen Polo,Volkswagen,Polo,8,120000,Individual,Diesel,Manual,22.07 kmpl,1199 CC,73.9 bhp,170Nm@ 1800-2400rpm,5.0,375000
Maruti Alto,Maruti,Alto,3,20000,individual,Petrol,Manual,,796 CC,,"12.7@ 2,700(kgm@ rpm)",5.0,310000
Hyundai Grand,Hyundai,Grand,3,15000,individual,petrol,Manual,18.9 kmpl,1197 CC,81.86 bhp,170Nm@ 1800-2400rpm,5.0,465000
Tata Tiago,Tata,Tiago,4,50000,Individual,  Petrol ,Manual,23.84 kmpl,1199 CC,84.0 bhp,24@ 1900(kgm@ rpm),5.0,400000
Skoda Rapid,Skoda,Rapid,6,47000,  Dealer ,diesel,Manual,21.14 kmpl,1498 CC,108.6 bhp,170Nm@ 1800-2400rpm,5.0,495000
Hyundai Verna,Hyundai,Verna,2,20000,Individual,Petrol,Manual,17.0 kmpl,1591 CC,121.3 bhp,24@ 1900(kgm@ rpm),5.0,995000
Mahindra Thar,Mahindra,Thar,3,15000,Individual,Diesel,Manual,16.55 kmpl,,105.0 bhp,,6.0,950000
Hyundai Grand,Hyundai,Grand,3,15000,individual,Petrol,Manual,18.9 kmpl,1197 CC,81.86 bhp,,5.0,500000
Maruti Swift,Maruti,Swift,6,55000,DEALER,Petrol,Manual,22.0 kmpl,1197 CC,81.8 bhp,200Nm@ 1750rpm,5.0,530000
Honda Amaze,Honda,Amaze,6,36000,DEALER,petrol,Manual,18.0 kmpl,1198 CC,86.7 bhp,190Nm@ 2000rpm,5.0,395000
Maruti Alto,Maruti,Alto,3,20000,  Individual ,petrol,Manual,24.7 kmpl,796 CC,47.3 bhp,91Nm@ 3500rpm,5.0,260000
Hyundai Tucson,Hyundai,Tucson,3,12000,DEALER,PETROL,Automatic,12.95 kmpl,1999 CC,152.88 bhp,190Nm@ 2000rpm,5.0,1765000
Mahindra Scorpio,Mahindra,Scorpio,8,71000,Dealer,Diesel,Manual,14.0 kmpl,2523 CC,75.0 bhp,250Nm@ 1500-2500rpm,8.0,519000
Maruti Ignis,Maruti,Ignis,3,14188,Dealer,petrol,Manual,,1197 CC,81.8 bhp,113Nm@ 4000rpm,5.0,470000
BMW 3,BMW,3,10,70000,Dealer,DIESEL,Automatic,16.07 kmpl,1995 CC,181.0 bhp,170Nm@ 1800-2400rpm,4.0,690000
Mahindra KUV,Mahindra,KUV,5,30000,Individual,Diesel,Manual,25.32 kmpl,1198 CC,77.0 bhp,91Nm@ 3500rpm,6.0,350000
Maruti Swift Dzire,Maruti,Swift Dzire,9,68600,INDIVIDUAL,Diesel,Manual,28.4 kmpl,1248 CC,74.02 bhp,"12.7@ 2,700(kgm@ rpm)",5.0,360000
Hyundai i20,Hyundai,i20,2,15500,Dealer,DIESEL,Manual,22.54 kmpl,1396 CC,88.73 bhp,250Nm@ 1500-2500rpm,5.0,940000
Hyundai i10,Hyundai,i10,10,102000,Dealer,Petrol,Automatic,16.95 kmpl,1197 CC,78.9 bhp,250Nm@ 1500-2500rpm,5.0,285000
Toyota Innova,Toyota,Innova,6,160000,INDIVIDUAL,Diesel,Manual,12.99 kmpl,2494 CC,100.6 bhp,190Nm@ 2000rpm,7.0,1400000
Maruti Wagon R,Maruti,Wagon R,5,34500,Individual,Petrol,Manual,20.51 kmpl,998 CC,67.04 bhp,24@ 1900(kgm@ rpm),5.0,375000
Hyundai Verna,Hyundai,Verna,14,34000,dealer,PETROL,Manual,13.9 kmpl,1599 CC,103.2 bhp,200Nm@ 1750rpm,5.0,200000
Maruti Wagon R,Maruti,Wagon R,3,25000,Individual,Petrol,Manual,20.51 kmpl,998 CC,67.04 bhp,91Nm@ 3500rpm,5.0,400000
Maruti Swift,Maruti,Swift,6,70000,  Individual ,Diesel,Manual,25.2 kmpl,,74.0 bhp,,5.0,425000
Skoda Superb,Skoda,Superb,7,51000,Dealer,Diesel,Automatic,17.2 kmpl,1968 CC,138.08 bhp,"12.7@ 2,700(kgm@ rpm)",5.0,850000
Mercedes-AMG C,Mercedes-AMG,C,4,24000,Dealer,Petrol,Automatic,11.9 kmpl,2996 CC,362.07 bhp,190Nm@ 2000rpm,5.0,5100000
Ford Aspire,Ford,Aspire,2,50000,INDIVIDUAL,Diesel,Manual,26.1 kmpl,1498 CC,99.23 bhp,170Nm@ 1800-2400rpm,5.0,785000
Hyundai Grand,Hyundai,Grand,5,62214,Dealer,DIESEL,Manual,24.0 kmpl,1120 CC,70.0 bhp,200Nm@ 1750rpm,5.0,525000
Honda CR-V,Honda,CR-V,3,13868,Dealer,  Petrol ,Automatic,13.1 kmpl,1997 CC,141.1 bhp,113Nm@ 4000rpm,5.0,3200000
Maruti Alto,Maruti,Alto,11,43000,Individual,Petrol,Manual,19.7 kmpl,796 CC,46.3 bhp,200Nm@ 1750rpm,5.0,170000
Mahindra XUV500,Mahindra,XUV500,4,54212,DEALER,  Diesel ,Manual,16.0 kmpl,2179 CC,140.0 bhp,24@ 1900(kgm@ rpm),7.0,1350000
Audi A6,Audi,A6,9,64000,Dealer,  Diesel ,Automatic,17.68 kmpl,1968 CC,174.33 bhp,113Nm@ 4000rpm,5.0,1650000
Maruti Swift Dzire,Maruti,Swift Dzire,4,75000,Dealer,Diesel,Manual,23.4 kmpl,1248 CC,74.0 bhp,"12.7@ 2,700(kgm@ rpm)",5.0,745000
Maruti Ciaz,Maruti,Ciaz,2,27000,Dealer,  Petrol ,Manual,,1373 CC,91.1 bhp,113Nm@ 4000rpm,5.0,848000
Renault KWID,Renault,KWID,6,68000,DEALER,petrol,Manual,25.17 kmpl,799 CC,53.3 bhp,"12.7@ 2,700(kgm@ rpm)",5.0,325000
Hyundai Grand,Hyundai,Grand,4,21065,  Dealer ,  Petrol ,Manual,18.9 kmpl,1197 CC,81.86 bhp,91Nm@ 3500rpm,5.0,575000
Maruti Swift,Maruti,Swift,4,40000,Individual,Petrol,Manual,21.21 kmpl,1197 CC,81.8 bhp,190Nm@ 2000rpm,,540000
Hyundai i20,Hyundai,i20,3,11000,Dealer,  Petrol ,Manual,18.6 kmpl,1197 CC,81.83 bhp,113Nm@ 4000rpm,5.0,795000
Maruti Ciaz,Maruti,Ciaz,4,67238,  Dealer ,Diesel,Manual,28.09 kmpl,1248 CC,88.5 bhp,250Nm@ 1500-2500rpm,5.0,675000
Volkswagen Polo,Volkswagen,Polo,8,100000,Individual,Diesel,Manual,22.07 kmpl,1199 CC,73.9 bhp,250Nm@ 1500-2500rpm,5.0,290000
Mahindra Bolero,Mahindra,Bolero,6,65211,Dealer,DIESEL,Manual,15.96 kmpl,2523 CC,,250Nm@ 1500-2500rpm,7.0,700000
BMW X3,BMW,X3,5,35000,dealer,Diesel,Automatic,18.56 kmpl,1995 CC,,113Nm@ 4000rpm,5.0,3400000
Honda Civic,Honda,Civic,13,110000,  Individual ,petrol,Manual,13.5 kmpl,1799 CC,130.0 bhp,24@ 1900(kgm@ rpm),5.0,400000
Maruti Swift,Maruti,Swift,2,30000,Individual,Petrol,Manual,21.21 kmpl,1197 CC,81.8 bhp,113Nm@ 4000rpm,5.0,592000
Maruti Swift Dzire,Maruti,Swift Dzire,13,84500,Individual,Petrol,Manual,17.5 kmpl,1197 CC,85.8 bhp,24@ 1900(kgm@ rpm),5.0,200000
Hyundai Verna,Hyundai,Verna,6,40000,Dealer,Petrol,Manual,17.43 kmpl,1396 CC,105.5 bhp,24@ 1900(kgm@ rpm),5.0,580000
Mahindra Marazzo,Mahindra,Marazzo,3,41000,INDIVIDUAL,Diesel,Manual,17.3 kmpl,1497 CC,121.0 bhp,"12.7@ 2,700(kgm@ rpm)",7.0,1050000
Toyota Camry,Toyota,Camry,7,53000,Dealer,Petrol,Automatic,12.98 kmpl,2494 CC,178.3 bhp,170Nm@ 1800-2400rpm,5.0,1099000
Maruti Swift,Maruti,Swift,5,100000,Individual,DIESEL,Manual,25.2 kmpl,1248 CC,74.0 bhp,24@ 1900(kgm@ rpm),,600000
Tata Tiago,Tata,Tiago,2,6500,Individual,Petrol,Manual,23.84 kmpl,1199 CC,84.0 bhp,190Nm@ 2000rpm,5.0,500000
Maruti Ciaz,Maruti,Ciaz,4,31400,Dealer,DIESEL,Manual,28.09 kmpl,1248 CC,88.5 bhp,200Nm@ 1750rpm,5.0,785000
Hyundai Verna,Hyundai,Verna,6,115958,Dealer,DIESEL,Manual,22.32 kmpl,1582 CC,126.3 bhp,200Nm@ 1750rpm,5.0,550000
Hyundai Grand,Hyundai,Grand,6,147000,Individual,  Diesel ,Manual,24.0 kmpl,1120 CC,70.0 bhp,91Nm@ 3500rpm,5.0,350000
Toyota Innova,Toyota,Innova,3,48000,dealer,Petrol,Automatic,10.75 kmpl,2694 CC,163.7 bhp,113Nm@ 4000rpm,7.0,1790000
Maruti S-Presso,Maruti,S-Presso,1,4500,individual,Petrol,Manual,21.7 kmpl,998 CC,67.0 bhp,200Nm@ 1750rpm,5.0,550000
Renault KWID,Renault,KWID,4,20000,DEALER,Petrol,Manual,23.01 kmpl,999 CC,67.0 bhp,200Nm@ 1750rpm,5.0,375000
Volkswagen Polo,Volkswagen,Polo,7,51000,  Dealer ,diesel,Manual,20.14 kmpl,1498 CC,88.8 bhp,200Nm@ 1750rpm,5.0,395000
Hyundai i20,Hyundai,i20,8,64735,DEALER,DIESEL,Manual,,1396 CC,88.76 bhp,170Nm@ 1800-2400rpm,5.0,325000
Maruti Swift Dzire,Maruti,Swift Dzire,4,40000,Individual,Petrol,Automatic,22.0 kmpl,1197 CC,81.8 bhp,250Nm@ 1500-2500rpm,,623000
Mercedes-Benz GL-Class,Mercedes-Benz,GL-Class,4,38000,Dealer,Diesel,Automatic,17.9 kmpl,2143 CC,170.0 bhp,170Nm@ 1800-2400rpm,5.0,3675000
Honda City,Honda,City,6,75000,Individual,DIESEL,Manual,26.0 kmpl,1498 CC,98.6 bhp,200Nm@ 1750rpm,5.0,550000
Hyundai Santro,Hyundai,Santro,13,69000,DEALER,petrol,Manual,17.92 kmpl,1086 CC,62.1 bhp,200Nm@ 1750rpm,5.0,125000
Maruti Ertiga,Maruti,Ertiga,2,25000,INDIVIDUAL,Diesel,Manual,25.47 kmpl,1248 CC,88.5 bhp,24@ 1900(kgm@ rpm),7.0,1100000
Land Rover Rover,Land Rover,Rover,5,80000,Dealer,Diesel,Automatic,12.65 kmpl,2993 CC,255.0 bhp,250Nm@ 1500-2500rpm,5.0,5950000
Audi A4,Audi,A4,3,34500,Individual,Diesel,Automatic,18.25 kmpl,1968 CC,187.74 bhp,190Nm@ 2000rpm,5.0,3000000
Maruti Wagon R,Maruti,Wagon R,7,40330,Individual,Petrol,Manual,,998 CC,67.04 bhp,,5.0,290000
Hyundai i20,Hyundai,i20,12,88000,DEALER,  Petrol ,Manual,18.5 kmpl,1197 CC,80.0 bhp,200Nm@ 1750rpm,5.0,275000
Hyundai i20,Hyundai,i20,9,40000,Individual,diesel,Manual,21.27 kmpl,1396 CC,88.76 bhp,200Nm@ 1750rpm,5.0,570000
Hyundai Venue,Hyundai,Venue,2,20000,INDIVIDUAL,Petrol,Automatic,18.15 kmpl,998 CC,118.35 bhp,113Nm@ 4000rpm,5.0,1050000
Honda WR-V,Honda,WR-V,2,9900,Dealer,diesel,Manual,25.5 kmpl,1498 CC,98.6 bhp,250Nm@ 1500-2500rpm,5.0,990000
Maruti Swift,Maruti,Swift,6,60000,Individual,Diesel,Manual,25.2 kmpl,1248 CC,74.0 bhp,200Nm@ 1750rpm,5.0,390000
Hyundai Verna,Hyundai,Verna,2,9100,Dealer,Diesel,Manual,22.0 kmpl,1582 CC,126.2 bhp,250Nm@ 1500-2500rpm,5.0,1325000
Maruti Ertiga,Maruti,Ertiga,6,49000,dealer,CNG,Manual,26.08 km/kg,,91.19 bhp,,7.0,650000
Renault Duster,Renault,Duster,5,62000,INDIVIDUAL,Diesel,Manual,19.87 kmpl,1461 CC,83.8 bhp,250Nm@ 1500-2500rpm,5.0,700000
Maruti Ertiga,Maruti,Ertiga,2,7000,Individual,petrol,Manual,19.34 kmpl,1462 CC,103.0 bhp,113Nm@ 4000rpm,7.0,850000
Mahindra Bolero,Mahindra,Bolero,4,50000,Individual,Diesel,Manual,15.96 kmpl,,63.0 bhp,,9.0,670000
Land Rover Rover,Land Rover,Rover,6,104000,dealer,Diesel,Automatic,12.65 kmpl,2993 CC,296.0 bhp,190Nm@ 2000rpm,5.0,5650000
Maruti Wagon R,Maruti,Wagon R,13,80000,Individual,Petrol,Manual,,1061 CC,67.0 bhp,24@ 1900(kgm@ rpm),5.0,95000
Maruti Ertiga,Maruti,Ertiga,6,40000,Dealer,Diesel,Manual,,1248 CC,88.5 bhp,113Nm@ 4000rpm,7.0,800000
Ford Aspire,Ford,Aspire,5,80000,Individual,DIESEL,Manual,25.83 kmpl,1498 CC,99.0 bhp,24@ 1900(kgm@ rpm),5.0,549000
Maruti Swift,Maruti,Swift,7,54000,Dealer,PETROL,Manual,22.0 kmpl,1197 CC,81.8 bhp,200Nm@ 1750rpm,5.0,365000
Maruti Ertiga,Maruti,Ertiga,8,94000,  Dealer ,diesel,Manual,20.77 kmpl,1248 CC,88.76 bhp,170Nm@ 1800-2400rpm,7.0,585000
Volkswagen Vento,Volkswagen,Vento,8,100000,Dealer,Diesel,Manual,20.34 kmpl,1498 CC,103.2 bhp,200Nm@ 1750rpm,5.0,399000
Hyundai i20,Hyundai,i20,8,105000,Individual,Petrol,Manual,18.5 kmpl,1197 CC,82.85 bhp,91Nm@ 3500rpm,,290000
Ford Ecosport,Ford,Ecosport,5,76000,Individual,Diesel,Manual,22.77 kmpl,1498 CC,98.59 bhp,113Nm@ 4000rpm,5.0,725000
Hyundai Creta,Hyundai,Creta,5,40000,Individual,diesel,Manual,21.38 kmpl,1396 CC,88.7 bhp,24@ 1900(kgm@ rpm),5.0,775000
Maruti Vitara,Maruti,Vitara,4,30000,Individual,Diesel,Manual,24.3 kmpl,1248 CC,88.5 bhp,,5.0,850000
Ford Ecosport,Ford,Ecosport,2,67000,Individual,DIESEL,Manual,23.0 kmpl,1498 CC,98.96 bhp,24@ 1900(kgm@ rpm),5.0,979000
Honda City,Honda,City,6,34277,  Dealer ,  Petrol ,Manual,17.8 kmpl,1497 CC,117.3 bhp,"12.7@ 2,700(kgm@ rpm)",5.0,575000
Maruti Swift Dzire,Maruti,Swift Dzire,4,80000,Individual,DIESEL,Manual,28.4 kmpl,1248 CC,74.02 bhp,91Nm@ 3500rpm,5.0,650000
Mahindra Scorpio,Mahindra,Scorpio,7,80000,individual,Diesel,Manual,12.05 kmpl,2179 CC,120.0 bhp,250Nm@ 1500-2500rpm,8.0,555000
Maruti Baleno,Maruti,Baleno,5,55368,Dealer,Diesel,Manual,27.39 kmpl,1248 CC,74.0 bhp,113Nm@ 4000rpm,5.0,690000
Mahindra XUV500,Mahindra,XUV500,3,23000,Individual,  Diesel ,Manual,15.1 kmpl,2179 CC,155.0 bhp,24@ 1900(kgm@ rpm),7.0,1600000
Maruti Swift Dzire,Maruti,Swift Dzire,4,29000,Dealer,  Diesel ,Manual,28.4 kmpl,1248 CC,74.02 bhp,200Nm@ 1750rpm,5.0,750000
Hyundai i20,Hyundai,i20,3,10000,Individual,PETROL,Automatic,17.4 kmpl,1197 CC,81.86 bhp,24@ 1900(kgm@ rpm),5.0,750000
Hyundai i10,Hyundai,i10,7,36000,Dealer,Petrol,Manual,20.36 kmpl,1197 CC,78.9 bhp,170Nm@ 1800-2400rpm,5.0,345000
Hyundai Creta,Hyundai,Creta,3,10000,dealer,Diesel,Manual,22.1 kmpl,1396 CC,,91Nm@ 3500rpm,5.0,1050000
Honda City,Honda,City,8,38000,Dealer,PETROL,Manual,17.8 kmpl,1497 CC,117.3 bhp,170Nm@ 1800-2400rpm,5.0,575000
Hyundai Santro,Hyundai,Santro,3,2925,  Dealer ,  Petrol ,Manual,20.3 kmpl,1086 CC,68.07 bhp,91Nm@ 3500rpm,5.0,525000
Tata Tigor,Tata,Tigor,2,50000,INDIVIDUAL,diesel,Manual,24.7 kmpl,1047 CC,69.0 bhp,200Nm@ 1750rpm,5.0,400000
Hyundai Verna,Hyundai,Verna,4,25000,Dealer,diesel,Automatic,22.0 kmpl,1582 CC,126.2 bhp,91Nm@ 3500rpm,5.0,975000
Hyundai Grand,Hyundai,Grand,6,42426,DEALER,PETROL,Automatic,18.9 kmpl,1197 CC,81.86 bhp,190Nm@ 2000rpm,5.0,440000
Tata Altroz,Tata,Altroz,1,3800,  Individual ,Petrol,Manual,19.05 kmpl,1199 CC,84.82 bhp,113Nm@ 4000rpm,5.0,730000
Skoda Rapid,Skoda,Rapid,7,51000,Dealer,Diesel,Manual,21.14 kmpl,1498 CC,103.52 bhp,113Nm@ 4000rpm,5.0,460000
Maruti Alto,Maruti,Alto,6,52000,Dealer,Petrol,Manual,22.74 kmpl,796 CC,47.3 bhp,113Nm@ 4000rpm,5.0,320000
Maruti Ciaz,Maruti,Ciaz,3,70000,individual,diesel,Manual,28.09 kmpl,1248 CC,88.5 bhp,200Nm@ 1750rpm,5.0,725000
BMW 5,BMW,5,4,18000,Dealer,Diesel,Automatic,18.12 kmpl,1995 CC,190.0 bhp,190Nm@ 2000rpm,5.0,2999000
Hyundai i10,Hyundai,i10,11,54886,Dealer,Petrol,Manual,20.36 kmpl,1197 CC,78.9 bhp,113Nm@ 4000rpm,5.0,250000
Maruti Swift Dzire,Maruti,Swift Dzire,5,49000,Dealer,Petrol,Manual,,1197 CC,83.14 bhp,24@ 1900(kgm@ rpm),5.0,485000
Ford Ecosport,Ford,Ecosport,7,56017,dealer,DIESEL,Manual,22.7 kmpl,1498 CC,89.84 bhp,190Nm@ 2000rpm,5.0,685000
Maruti Baleno,Maruti,Baleno,5,479000,  Dealer ,Diesel,Manual,27.39 kmpl,1248 CC,74.0 bhp,"12.7@ 2,700(kgm@ rpm)",5.0,479000
Ford Endeavour,Ford,Endeavour,5,70000,dealer,Diesel,Manual,13.5 kmpl,2198 CC,157.7 bhp,113Nm@ 4000rpm,7.0,2090000
Mahindra Scorpio,Mahindra,Scorpio,5,48500,Dealer,  Diesel ,Manual,15.4 kmpl,2179 CC,120.0 bhp,113Nm@ 4000rpm,7.0,851000
Ford Ecosport,Ford,Ecosport,7,40000,dealer,DIESEL,Manual,22.7 kmpl,1498 CC,89.84 bhp,113Nm@ 4000rpm,5.0,495000
Toyota Innova,Toyota,Innova,5,92000,Dealer,DIESEL,Manual,13.68 kmpl,2393 CC,147.8 bhp,113Nm@ 4000rpm,7.0,1300000
BMW 5,BMW,5,9,79000,Dealer,  Diesel ,Automatic,16.73 kmpl,2495 CC,218.0 bhp,190Nm@ 2000rpm,5.0,1800000
Mahindra Marazzo,Mahindra,Marazzo,2,18000,Individual,  Diesel ,Manual,17.3 kmpl,1497 CC,121.0 bhp,91Nm@ 3500rpm,7.0,1025000
Mahindra KUV100,Mahindra,KUV100,3,40000,  Individual ,DIESEL,Manual,25.32 kmpl,1198 CC,77.0 bhp,200Nm@ 1750rpm,5.0,680000
Land Rover Rover,Land Rover,Rover,10,78000,dealer,Diesel,Automatic,11.49 kmpl,4367 CC,335.3 bhp,190Nm@ 2000rpm,5.0,3400000
Mahindra Bolero,Mahindra,Bolero,7,120000,Dealer,Diesel,Manual,13.6 kmpl,2523 CC,63.0 bhp,170Nm@ 1800-2400rpm,7.0,625000
Honda City,Honda,City,12,87000,Dealer,Petrol,Manual,16.9 kmpl,1497 CC,100.0 bhp,190Nm@ 2000rpm,5.0,299000
Maruti Alto,Maruti,Alto,3,15000,individual,Petrol,Manual,24.7 kmpl,796 CC,47.3 bhp,200Nm@ 1750rpm,5.0,250000
Maruti Swift Dzire,Maruti,Swift Dzire,3,35000,Individual,DIESEL,Manual,28.4 kmpl,,74.02 bhp,,5.0,730000
Maruti Swift,Maruti,Swift,3,9500,Dealer,PETROL,Manual,22.0 kmpl,1197 CC,,"12.7@ 2,700(kgm@ rpm)",5.0,799000
Hyundai i10,Hyundai,i10,9,66500,Dealer,petrol,Manual,19.81 kmpl,1086 CC,68.05 bhp,113Nm@ 4000rpm,5.0,260000
Hyundai Grand,Hyundai,Grand,3,15000,Individual,Petrol,Manual,,1197 CC,81.86 bhp,24@ 1900(kgm@ rpm),5.0,600000
Maruti Swift,Maruti,Swift,9,35000,Individual,PETROL,Manual,18.6 kmpl,1197 CC,85.8 bhp,24@ 1900(kgm@ rpm),5.0,395000
Honda City,Honda,City,9,55000,Dealer,Petrol,Manual,16.8 kmpl,1497 CC,116.3 bhp,24@ 1900(kgm@ rpm),5.0,379000
Honda WR-V,Honda,WR-V,3,18823,  Trustmark Dealer ,petrol,Manual,17.5 kmpl,1199 CC,88.7 bhp,170Nm@ 1800-2400rpm,5.0,840000
Skoda Rapid,Skoda,Rapid,7,72000,Dealer,diesel,Automatic,21.66 kmpl,1498 CC,103.52 bhp,"12.7@ 2,700(kgm@ rpm)",5.0,515000
Maruti Alto,Maruti,Alto,5,48000,DEALER,PETROL,Manual,23.95 kmpl,998 CC,67.05 bhp,250Nm@ 1500-2500rpm,5.0,311000
Hyundai Creta,Hyundai,Creta,4,50000,Individual,Diesel,Manual,19.67 kmpl,1582 CC,126.2 bhp,113Nm@ 4000rpm,5.0,1175000
Audi A6,Audi,A6,5,54945,Dealer,diesel,Automatic,17.68 kmpl,1968 CC,174.33 bhp,250Nm@ 1500-2500rpm,5.0,3200000
Honda Amaze,Honda,Amaze,6,148000,Individual,Diesel,Manual,25.8 kmpl,1498 CC,98.6 bhp,24@ 1900(kgm@ rpm),5.0,501000
Maruti Alto,Maruti,Alto,15,103000,DEALER,Petrol,Manual,19.7 kmpl,796 CC,46.3 bhp,"12.7@ 2,700(kgm@ rpm)",5.0,150000
Mahindra XUV500,Mahindra,XUV500,5,80000,Dealer,DIESEL,Automatic,16.0 kmpl,2179 CC,140.0 bhp,200Nm@ 1750rpm,7.0,1050000
Maruti Celerio,Maruti,Celerio,6,35330,Dealer,DIESEL,Manual,27.62 kmpl,793 CC,47.0 bhp,200Nm@ 1750rpm,,489000
Ford Figo,Ford,Figo,7,40000,Individual,Diesel,Manual,20.0 kmpl,1399 CC,68.05 bhp,24@ 1900(kgm@ rpm),5.0,200000
Maruti Wagon R,Maruti,Wagon R,7,27066,DEALER,PETROL,Manual,21.79 kmpl,998 CC,67.05 bhp,91Nm@ 3500rpm,5.0,325000
Maruti Ertiga,Maruti,Ertiga,8,101000,INDIVIDUAL,Diesel,Manual,20.77 kmpl,1248 CC,88.8 bhp,113Nm@ 4000rpm,7.0,500000
Honda City,Honda,City,8,56000,Dealer,PETROL,Manual,16.8 kmpl,1497 CC,116.4 bhp,24@ 1900(kgm@ rpm),5.0,495000
Maruti Baleno,Maruti,Baleno,1,2400,Individual,PETROL,Manual,,1197 CC,81.8 bhp,24@ 1900(kgm@ rpm),5.0,700000
Maruti Alto,Maruti,Alto,6,32000,  Dealer ,Petrol,Manual,22.74 kmpl,796 CC,47.3 bhp,200Nm@ 1750rpm,5.0,300000
Maruti Swift,Maruti,Swift,5,55000,Dealer,Diesel,Manual,22.9 kmpl,1248 CC,,190Nm@ 2000rpm,5.0,451000
Volkswagen Vento,Volkswagen,Vento,7,59000,dealer,Petrol,Manual,15.04 kmpl,1598 CC,103.2 bhp,91Nm@ 3500rpm,5.0,465000
Hyundai Venue,Hyundai,Venue,1,5000,INDIVIDUAL,Petrol,Automatic,18.15 kmpl,998 CC,118.35 bhp,200Nm@ 1750rpm,5.0,1100000
Hyundai i10,Hyundai,i10,11,60000,  Individual ,Petrol,Manual,20.36 kmpl,1197 CC,78.9 bhp,,5.0,165000
Renault KWID,Renault,KWID,3,7000,dealer,Petrol,Automatic,24.04 kmpl,999 CC,67.0 bhp,170Nm@ 1800-2400rpm,5.0,330000
Maruti Swift,Maruti,Swift,6,49134,  Dealer ,PETROL,Manual,20.4 kmpl,1197 CC,81.8 bhp,200Nm@ 1750rpm,5.0,450000
Hyundai i20,Hyundai,i20,8,75518,Dealer,Petrol,Manual,18.5 kmpl,1197 CC,82.9 bhp,170Nm@ 1800-2400rpm,5.0,390000
Hyundai i20,Hyundai,i20,8,70000,  Dealer ,Petrol,Manual,18.5 kmpl,1197 CC,80.0 bhp,170Nm@ 1800-2400rpm,5.0,410000
Maruti Swift Dzire,Maruti,Swift Dzire,8,75823,DEALER,Petrol,Manual,19.1 kmpl,1197 CC,85.8 bhp,250Nm@ 1500-2500rpm,5.0,425000
Maruti Alto,Maruti,Alto,2,25000,INDIVIDUAL,  Petrol ,Automatic,23.95 kmpl,998 CC,67.05 bhp,170Nm@ 1800-2400rpm,5.0,431000
Toyota Innova,Toyota,Innova,6,90000,INDIVIDUAL,Diesel,Manual,12.99 kmpl,2494 CC,100.6 bhp,250Nm@ 1500-2500rpm,7.0,950000
Maruti Baleno,Maruti,Baleno,4,43000,individual,PETROL,Manual,21.4 kmpl,1197 CC,,170Nm@ 1800-2400rpm,5.0,700000
Maruti Alto,Maruti,Alto,14,100000,Individual,Petrol,Manual,19.7 kmpl,796 CC,46.3 bhp,91Nm@ 3500rpm,5.0,145000
Ford Ecosport,Ford,Ecosport,5,143000,Individual,Diesel,Manual,22.77 kmpl,1498 CC,98.59 bhp,91Nm@ 3500rpm,5.0,525000
Maruti Wagon R,Maruti,Wagon R,13,110000,Individual,PETROL,Manual,18.9 kmpl,1061 CC,67.0 bhp,200Nm@ 1750rpm,5.0,120000
Maruti Swift Dzire,Maruti,Swift Dzire,6,86000,Dealer,Diesel,Manual,26.59 kmpl,1248 CC,74.0 bhp,200Nm@ 1750rpm,5.0,675000
Renault Duster,Renault,Duster,9,130000,INDIVIDUAL,Diesel,Manual,20.46 kmpl,,83.8 bhp,,5.0,440000
Toyota Innova,Toyota,Innova,7,92965,DEALER,  Diesel ,Manual,12.99 kmpl,2494 CC,100.57 bhp,170Nm@ 1800-2400rpm,7.0,1025000
Honda City,Honda,City,12,60000,Dealer,Petrol,Manual,17.0 kmpl,1497 CC,118.0 bhp,"12.7@ 2,700(kgm@ rpm)",5.0,255000
Hyundai Grand,Hyundai,Grand,3,41000,Individual,petrol,Manual,18.9 kmpl,1197 CC,81.86 bhp,200Nm@ 1750rpm,5.0,520000
Toyota Innova,Toyota,Innova,11,43221,Dealer,DIESEL,Manual,12.99 kmpl,2494 CC,100.6 bhp,91Nm@ 3500rpm,7.0,840000
Maruti Wagon R,Maruti,Wagon R,12,113000,Dealer,Petrol,Manual,,998 CC,67.05 bhp,250Nm@ 1500-2500rpm,5.0,135000
Toyota Innova,Toyota,Innova,4,68745,DEALER,Diesel,Manual,13.68 kmpl,2393 CC,147.8 bhp,250Nm@ 1500-2500rpm,7.0,1631000
Maruti Celerio,Maruti,Celerio,6,19010,Dealer,Petrol,Manual,23.1 kmpl,998 CC,67.04 bhp,24@ 1900(kgm@ rpm),5.0,431000
Honda City,Honda,City,4,120000,individual,Diesel,Manual,26.0 kmpl,1498 CC,98.6 bhp,170Nm@ 1800-2400rpm,5.0,750000
Hyundai Verna,Hyundai,Verna,7,65706,DEALER,  Petrol ,Manual,17.01 kmpl,1591 CC,121.3 bhp,,5.0,510000
Hyundai i10,Hyundai,i10,10,190000,  Individual ,Petrol,Manual,19.81 kmpl,1086 CC,68.05 bhp,200Nm@ 1750rpm,5.0,150000
Mahindra Thar,Mahindra,Thar,7,60000,Individual,Diesel,Manual,16.55 kmpl,2498 CC,105.0 bhp,200Nm@ 1750rpm,6.0,700000
Hyundai i20,Hyundai,i20,5,70100,Dealer,Diesel,Manual,22.54 kmpl,1396 CC,88.73 bhp,24@ 1900(kgm@ rpm),5.0,580000
Hyundai i20,Hyundai,i20,5,19000,Individual,  Petrol ,Manual,18.6 kmpl,1197 CC,,250Nm@ 1500-2500rpm,5.0,550000
Maruti Alto,Maruti,Alto,2,30000,Individual,Petrol,Manual,23.95 kmpl,998 CC,67.05 bhp,190Nm@ 2000rpm,5.0,363000
Hyundai Creta,Hyundai,Creta,3,58363,  Dealer ,DIESEL,Manual,21.38 kmpl,1396 CC,88.7 bhp,"12.7@ 2,700(kgm@ rpm)",5.0,1250000
Maruti Alto,Maruti,Alto,4,42691,Dealer,Petrol,Manual,24.7 kmpl,796 CC,47.3 bhp,190Nm@ 2000rpm,5.0,300000
Honda Jazz,Honda,Jazz,5,29484,dealer,Petrol,Manual,18.7 kmpl,1199 CC,88.7 bhp,190Nm@ 2000rpm,5.0,465000
Tata Nexon,Tata,Nexon,3,90000,INDIVIDUAL,Diesel,Manual,21.5 kmpl,,108.5 bhp,,5.0,850000
Hyundai Grand,Hyundai,Grand,4,25000,Individual,PETROL,Manual,18.9 kmpl,1197 CC,82.0 bhp,"12.7@ 2,700(kgm@ rpm)",5.0,600000
Maruti Alto,Maruti,Alto,11,39290,  Dealer ,Petrol,Manual,23.95 kmpl,998 CC,67.05 bhp,113Nm@ 4000rpm,5.0,240000
Maruti Swift,Maruti,Swift,11,83000,Dealer,Petrol,Manual,16.1 kmpl,1197 CC,,24@ 1900(kgm@ rpm),5.0,335000
Maruti Alto,Maruti,Alto,17,70000,individual,Petrol,Manual,,796 CC,46.3 bhp,"12.7@ 2,700(kgm@ rpm)",5.0,100000
Ford Figo,Ford,Figo,8,62256,Dealer,Diesel,Manual,20.0 kmpl,1399 CC,68.05 bhp,250Nm@ 1500-2500rpm,5.0,300000
Mahindra XUV500,Mahindra,XUV500,7,220000,Individual,  Diesel ,Manual,15.1 kmpl,2179 CC,140.0 bhp,170Nm@ 1800-2400rpm,7.0,800000
Toyota Innova,Toyota,Innova,4,46000,Dealer,Diesel,Automatic,,2755 CC,171.5 bhp,91Nm@ 3500rpm,7.0,1870000
Maruti Ertiga,Maruti,Ertiga,6,51000,  Individual ,Diesel,Manual,20.77 kmpl,1248 CC,88.76 bhp,,7.0,600000
Hyundai Creta,Hyundai,Creta,5,20699,Dealer,Petrol,Manual,15.29 kmpl,1591 CC,121.3 bhp,170Nm@ 1800-2400rpm,5.0,775000
Maruti Swift,Maruti,Swift,3,47000,  Dealer ,Diesel,Manual,28.4 kmpl,1248 CC,74.0 bhp,113Nm@ 4000rpm,5.0,800000
Maruti Swift Dzire,Maruti,Swift Dzire,3,47230,Dealer,Petrol,Manual,22.0 kmpl,1197 CC,81.8 bhp,250Nm@ 1500-2500rpm,5.0,625000
Hyundai i20,Hyundai,i20,2,30000,Individual,Petrol,Manual,18.6 kmpl,1197 CC,81.86 bhp,"12.7@ 2,700(kgm@ rpm)",5.0,680000
Maruti Swift,Maruti,Swift,9,58000,Individual,Petrol,Manual,18.6 kmpl,1197 CC,85.8 bhp,24@ 1900(kgm@ rpm),,425000
Hyundai i20,Hyundai,i20,5,60000,Individual,PETROL,Manual,17.19 kmpl,1197 CC,81.86 bhp,"12.7@ 2,700(kgm@ rpm)",5.0,700000
Toyota Fortuner,Toyota,Fortuner,10,196777,Dealer,diesel,Manual,11.5 kmpl,2982 CC,171.0 bhp,"12.7@ 2,700(kgm@ rpm)",7.0,1200000
Maruti Wagon R,Maruti,Wagon R,8,61996,dealer,Petrol,Manual,20.51 kmpl,998 CC,67.04 bhp,190Nm@ 2000rpm,5.0,300000
Honda Amaze,Honda,Amaze,2,12000,Individual,Petrol,Manual,,1199 CC,88.76 bhp,190Nm@ 2000rpm,5.0,670000
Hyundai i20,Hyundai,i20,9,90000,INDIVIDUAL,petrol,Manual,17.0 kmpl,1197 CC,80.0 bhp,200Nm@ 1750rpm,5.0,310000
Hyundai i10,Hyundai,i10,13,90000,Individual,petrol,Manual,,1197 CC,78.9 bhp,"12.7@ 2,700(kgm@ rpm)",5.0,240000
Renault KWID,Renault,KWID,2,6378,Dealer,Petrol,Manual,23.01 kmpl,999 CC,67.0 bhp,190Nm@ 2000rpm,5.0,399000
Toyota Innova,Toyota,Innova,9,25000,individual,Diesel,Manual,12.99 kmpl,2494 CC,100.0 bhp,250Nm@ 1500-2500rpm,8.0,1050000
Honda Amaze,Honda,Amaze,8,76000,Dealer,Diesel,Manual,25.8 kmpl,1498 CC,98.6 bhp,113Nm@ 4000rpm,5.0,350000
Maruti Ertiga,Maruti,Ertiga,3,74000,INDIVIDUAL,Diesel,Manual,24.2 kmpl,1498 CC,93.87 bhp,91Nm@ 3500rpm,7.0,964000
Mahindra Scorpio,Mahindra,Scorpio,10,65001,dealer,diesel,Manual,12.05 kmpl,2179 CC,120.0 bhp,"12.7@ 2,700(kgm@ rpm)",7.0,449000
Maruti Eeco,Maruti,Eeco,6,50000,Individual,  Petrol ,Manual,15.37 kmpl,1196 CC,73.0 bhp,24@ 1900(kgm@ rpm),5.0,335000
Maruti Vitara,Maruti,Vitara,4,30000,Individual,Diesel,Manual,24.3 kmpl,1248 CC,88.5 bhp,170Nm@ 1800-2400rpm,5.0,950000
Maruti Baleno,Maruti,Baleno,4,44000,INDIVIDUAL,Diesel,Manual,27.39 kmpl,1248 CC,74.0 bhp,250Nm@ 1500-2500rpm,5.0,650000
Hyundai i10,Hyundai,i10,10,80000,dealer,petrol,Manual,20.36 kmpl,1197 CC,,200Nm@ 1750rpm,5.0,225000
Mercedes-Benz GL-Class,Mercedes-Benz,GL-Class,5,40000,DEALER,Diesel,Automatic,11.3 kmpl,2987 CC,254.8 bhp,170Nm@ 1800-2400rpm,7.0,4700000
Hyundai i20,Hyundai,i20,9,60000,Individual,Diesel,Manual,21.9 kmpl,1396 CC,88.76 bhp,91Nm@ 3500rpm,5.0,360000
Toyota Innova,Toyota,Innova,3,30000,Dealer,Diesel,Automatic,11.36 kmpl,2755 CC,171.5 bhp,170Nm@ 1800-2400rpm,7.0,2250000
Ford Ecosport,Ford,Ecosport,2,10000,  Individual ,petrol,Automatic,14.8 kmpl,1497 CC,121.36 bhp,91Nm@ 3500rpm,5.0,950000
Maruti Swift Dzire,Maruti,Swift Dzire,6,60000,individual,Diesel,Manual,,1248 CC,74.0 bhp,113Nm@ 4000rpm,5.0,620000
Renault Duster,Renault,Duster,8,90923,Dealer,Diesel,Manual,19.87 kmpl,1461 CC,83.8 bhp,113Nm@ 4000rpm,5.0,425000
Maruti Wagon R,Maruti,Wagon R,7,18000,Dealer,Petrol,Manual,18.9 kmpl,998 CC,67.1 bhp,190Nm@ 2000rpm,5.0,450000
Maruti Alto,Maruti,Alto,7,60000,Dealer,CNG,Manual,30.46 km/kg,796 CC,47.3 bhp,91Nm@ 3500rpm,5.0,260000
Maruti Swift Dzire,Maruti,Swift Dzire,9,120000,Individual,Diesel,Manual,19.3 kmpl,1248 CC,73.9 bhp,24@ 1900(kgm@ rpm),5.0,325000
Maruti Ciaz,Maruti,Ciaz,6,30000,INDIVIDUAL,Diesel,Manual,28.09 kmpl,1248 CC,88.5 bhp,200Nm@ 1750rpm,5.0,750000
Land Rover Rover,Land Rover,Rover,3,25000,Individual,Petrol,Automatic,,2995 CC,,200Nm@ 1750rpm,7.0,6200000
Mahindra Scorpio,Mahindra,Scorpio,7,120000,Individual,Diesel,Automatic,11.79 kmpl,2179 CC,120.0 bhp,"12.7@ 2,700(kgm@ rpm)",8.0,700000
Hyundai i20,Hyundai,i20,3,10000,individual,PETROL,Manual,18.6 kmpl,1197 CC,81.83 bhp,24@ 1900(kgm@ rpm),5.0,750000
Maruti Swift Dzire,Maruti,Swift Dzire,6,84405,individual,Diesel,Manual,26.59 kmpl,1248 CC,74.0 bhp,190Nm@ 2000rpm,5.0,530000
Maruti Swift Dzire,Maruti,Swift Dzire,7,75000,Dealer,diesel,Manual,19.3 kmpl,1248 CC,73.9 bhp,91Nm@ 3500rpm,5.0,595000
Maruti Baleno,Maruti,Baleno,5,26208,  Dealer ,petrol,Manual,21.01 kmpl,1197 CC,,91Nm@ 3500rpm,5.0,575000
Skoda Superb,Skoda,Superb,6,39000,DEALER,  Petrol ,Manual,13.14 kmpl,,160.0 bhp,,5.0,799000
BMW X3,BMW,X3,8,73000,Dealer,diesel,Automatic,16.09 kmpl,1995 CC,184.0 bhp,200Nm@ 1750rpm,5.0,2175000
Honda City,Honda,City,6,30000,Dealer,Petrol,Manual,17.8 kmpl,1497 CC,117.3 bhp,200Nm@ 1750rpm,5.0,510000
Maruti Baleno,Maruti,Baleno,2,10000,  Dealer ,Petrol,Automatic,21.4 kmpl,1197 CC,83.1 bhp,250Nm@ 1500-2500rpm,5.0,790000
Maruti Wagon R,Maruti,Wagon R,3,50000,INDIVIDUAL,CNG,Manual,26.6 km/kg,998 CC,58.16 bhp,,5.0,434000
Mercedes-Benz GL-Class,Mercedes-Benz,GL-Class,8,120000,Dealer,Diesel,Automatic,12.0 kmpl,2987 CC,224.0 bhp,24@ 1900(kgm@ rpm),7.0,3575000
Hyundai i20,Hyundai,i20,9,41890,Dealer,Petrol,Manual,,1197 CC,80.0 bhp,170Nm@ 1800-2400rpm,5.0,300000
Hyundai Venue,Hyundai,Venue,2,25000,INDIVIDUAL,Petrol,Manual,18.27 kmpl,998 CC,118.35 bhp,91Nm@ 3500rpm,5.0,949000
Maruti XL6,Maruti,XL6,2,12005,Dealer,Petrol,Automatic,17.99 kmpl,1462 CC,103.2 bhp,"12.7@ 2,700(kgm@ rpm)",6.0,1200000
Hyundai Santro,Hyundai,Santro,12,110000,Individual,LPG,Manual,13.45 km/kg,1086 CC,62.1 bhp,91Nm@ 3500rpm,5.0,200000
Ford Ecosport,Ford,Ecosport,5,27000,  Dealer ,Petrol,Manual,15.85 kmpl,1499 CC,110.4 bhp,200Nm@ 1750rpm,5.0,630000
Hyundai i20,Hyundai,i20,4,29914,Trustmark Dealer,Petrol,Manual,18.6 kmpl,1197 CC,81.83 bhp,190Nm@ 2000rpm,5.0,665000
Hyundai Creta,Hyundai,Creta,5,40000,dealer,diesel,Manual,19.67 kmpl,1582 CC,126.2 bhp,190Nm@ 2000rpm,5.0,1050000
Maruti Swift Dzire,Maruti,Swift Dzire,4,32000,Dealer,Diesel,Automatic,28.4 kmpl,1248 CC,74.02 bhp,91Nm@ 3500rpm,5.0,785000
Honda Civic,Honda,Civic,11,56000,DEALER,PETROL,Manual,14.8 kmpl,1799 CC,130.2 bhp,170Nm@ 1800-2400rpm,5.0,360000
Hyundai Grand,Hyundai,Grand,4,16905,Individual,Petrol,Automatic,18.9 kmpl,1197 CC,82.0 bhp,200Nm@ 1750rpm,5.0,540000
Hyundai Creta,Hyundai,Creta,4,50000,dealer,Petrol,Manual,13.0 kmpl,1591 CC,121.3 bhp,170Nm@ 1800-2400rpm,5.0,930000
Maruti Ertiga,Maruti,Ertiga,4,40000,Dealer,Petrol,Manual,19.34 kmpl,1462 CC,103.0 bhp,250Nm@ 1500-2500rpm,7.0,750000
Hyundai Grand,Hyundai,Grand,7,15000,individual,Petrol,Manual,18.9 kmpl,1197 CC,82.0 bhp,91Nm@ 3500rpm,5.0,500000
Volkswagen Polo,Volkswagen,Polo,5,25000,dealer,Diesel,Manual,20.14 kmpl,1498 CC,88.0 bhp,170Nm@ 1800-2400rpm,5.0,475000
Maruti Swift Dzire,Maruti,Swift Dzire,5,60000,  Individual ,Petrol,Manual,20.85 kmpl,1197 CC,83.14 bhp,170Nm@ 1800-2400rpm,5.0,369000
Honda Jazz,Honda,Jazz,6,39800,Dealer,Petrol,Manual,18.7 kmpl,1199 CC,88.7 bhp,24@ 1900(kgm@ rpm),5.0,585000
Honda City,Honda,City,4,43000,  Dealer ,Petrol,Manual,17.8 kmpl,1497 CC,117.3 bhp,200Nm@ 1750rpm,5.0,725000
BMW 3,BMW,3,5,33000,Dealer,  Diesel ,Automatic,,1995 CC,188.0 bhp,170Nm@ 1800-2400rpm,5.0,2550000
Maruti Swift,Maruti,Swift,3,40000,Dealer,Diesel,Manual,25.2 kmpl,1248 CC,74.0 bhp,"12.7@ 2,700(kgm@ rpm)",5.0,725000
Maruti Wagon R,Maruti,Wagon R,11,40000,Individual,petrol,Manual,17.3 kmpl,1061 CC,64.0 bhp,113Nm@ 4000rpm,5.0,250000
Volkswagen Polo,Volkswagen,Polo,6,60202,dealer,diesel,Manual,20.14 kmpl,1498 CC,88.8 bhp,200Nm@ 1750rpm,5.0,550000
Skoda Superb,Skoda,Superb,11,154667,Dealer,DIESEL,Automatic,17.2 kmpl,1968 CC,138.1 bhp,"12.7@ 2,700(kgm@ rpm)",5.0,575000
Tata Safari,Tata,Safari,7,56000,Dealer,Petrol,Manual,12.0 kmpl,2092 CC,,170Nm@ 1800-2400rpm,7.0,675000
Toyota Fortuner,Toyota,Fortuner,8,88251,Dealer,DIESEL,Automatic,12.55 kmpl,2982 CC,168.5 bhp,250Nm@ 1500-2500rpm,7.0,1490000
Hyundai Grand,Hyundai,Grand,2,5000,Individual,Diesel,Manual,24.0 kmpl,1186 CC,,"12.7@ 2,700(kgm@ rpm)",5.0,590000
Ford Figo,Ford,Figo,10,69000,dealer,PETROL,Manual,15.6 kmpl,,70.0 bhp,,5.0,235000
Hyundai Santro,Hyundai,Santro,12,120000,Individual,Petrol,Manual,17.8 kmpl,1086 CC,63.0 bhp,24@ 1900(kgm@ rpm),5.0,90000
Audi A8,Audi,A8,9,45000,individual,Diesel,Automatic,11.8 kmpl,2967 CC,246.7 bhp,"12.7@ 2,700(kgm@ rpm)",5.0,2500000
BMW 5,BMW,5,9,72133,Dealer,Diesel,Automatic,16.73 kmpl,2993 CC,218.0 bhp,250Nm@ 1500-2500rpm,5.0,1675000
Hyundai Santro,Hyundai,Santro,10,174926,Individual,Petrol,Manual,17.92 kmpl,1086 CC,62.1 bhp,200Nm@ 1750rpm,5.0,150000
Toyota Innova,Toyota,Innova,6,91000,Dealer,diesel,Manual,12.99 kmpl,,100.6 bhp,,7.0,1150000
Maruti Wagon R,Maruti,Wagon R,2,7883,TRUSTMARK DEALER,Petrol,Automatic,21.5 kmpl,1197 CC,81.8 bhp,170Nm@ 1800-2400rpm,5.0,550000
Hyundai i20,Hyundai,i20,12,50000,Individual,PETROL,Manual,,1197 CC,80.0 bhp,200Nm@ 1750rpm,5.0,300000
Hyundai i20,Hyundai,i20,6,112300,Individual,  Petrol ,Manual,18.6 kmpl,1197 CC,81.83 bhp,113Nm@ 4000rpm,5.0,535000
Skoda Rapid,Skoda,Rapid,8,75000,Dealer,Diesel,Manual,20.5 kmpl,1598 CC,103.6 bhp,91Nm@ 3500rpm,5.0,350000
Maruti Wagon R,Maruti,Wagon R,4,43000,Dealer,CNG,Manual,26.2 km/kg,998 CC,58.2 bhp,24@ 1900(kgm@ rpm),5.0,399000
Skoda Rapid,Skoda,Rapid,7,72000,dealer,diesel,Manual,21.14 kmpl,1498 CC,103.52 bhp,200Nm@ 1750rpm,5.0,475000
Hyundai i20,Hyundai,i20,2,20000,Individual,Petrol,Manual,18.6 kmpl,1197 CC,81.86 bhp,113Nm@ 4000rpm,5.0,625000
Mahindra Bolero,Mahindra,Bolero,5,150000,INDIVIDUAL,  Diesel ,Manual,15.96 kmpl,2523 CC,63.0 bhp,190Nm@ 2000rpm,9.0,500000
Hyundai i10,Hyundai,i10,12,70000,Dealer,PETROL,Automatic,16.95 kmpl,1197 CC,78.9 bhp,24@ 1900(kgm@ rpm),5.0,225000
BMW 5,BMW,5,8,69000,  Dealer ,Diesel,Automatic,18.12 kmpl,1995 CC,190.0 bhp,113Nm@ 4000rpm,,1575000
Hyundai Grand,Hyundai,Grand,7,38000,individual,PETROL,Manual,18.9 kmpl,1197 CC,82.0 bhp,200Nm@ 1750rpm,5.0,430000
Maruti Celerio,Maruti,Celerio,2,10000,Individual,petrol,Manual,23.1 kmpl,998 CC,67.04 bhp,250Nm@ 1500-2500rpm,5.0,480000
Maruti Vitara,Maruti,Vitara,2,16000,  Dealer ,Diesel,Manual,24.3 kmpl,1248 CC,88.5 bhp,91Nm@ 3500rpm,5.0,825000
Hyundai i10,Hyundai,i10,7,27123,dealer,Petrol,Manual,20.36 kmpl,1197 CC,78.9 bhp,24@ 1900(kgm@ rpm),5.0,300000
Maruti Eeco,Maruti,Eeco,11,40000,Individual,CNG,Manual,21.94 km/kg,1196 CC,63.0 bhp,200Nm@ 1750rpm,5.0,190000
BMW 5,BMW,5,8,43000,dealer,Diesel,Automatic,18.12 kmpl,1995 CC,,250Nm@ 1500-2500rpm,5.0,2600000
Maruti Wagon R,Maruti,Wagon R,9,57413,Individual,LPG,Manual,14.4 km/kg,998 CC,61.7 bhp,"12.7@ 2,700(kgm@ rpm)",5.0,270000
Maruti Ertiga,Maruti,Ertiga,7,60000,Dealer,PETROL,Manual,16.02 kmpl,1373 CC,93.7 bhp,190Nm@ 2000rpm,7.0,495000
Hyundai Creta,Hyundai,Creta,4,18000,Dealer,Diesel,Automatic,17.01 kmpl,1582 CC,126.2 bhp,200Nm@ 1750rpm,5.0,1345000
Maruti Swift,Maruti,Swift,4,80000,INDIVIDUAL,Diesel,Manual,28.4 kmpl,1248 CC,74.0 bhp,250Nm@ 1500-2500rpm,5.0,550000
Honda Amaze,Honda,Amaze,8,121877,DEALER,Diesel,Manual,24.7 kmpl,,98.63 bhp,,5.0,425000
Hyundai Grand,Hyundai,Grand,5,63821,Dealer,Diesel,Manual,24.0 kmpl,1186 CC,73.97 bhp,91Nm@ 3500rpm,,445000
BMW X1,BMW,X1,8,69000,  Dealer ,Diesel,Automatic,19.62 kmpl,1998 CC,192.0 bhp,190Nm@ 2000rpm,5.0,1575000
Mahindra Bolero,Mahindra,Bolero,6,99826,Individual,DIESEL,Manual,15.96 kmpl,2523 CC,62.1 bhp,113Nm@ 4000rpm,7.0,525000
Audi A6,Audi,A6,10,68000,  Dealer ,Diesel,Automatic,,1968 CC,174.33 bhp,170Nm@ 1800-2400rpm,5.0,1600000
Hyundai Verna,Hyundai,Verna,8,45000,Individual,Diesel,Manual,22.32 kmpl,1582 CC,126.32 bhp,24@ 1900(kgm@ rpm),,495000
Maruti Wagon R,Maruti,Wagon R,10,50000,Individual,Petrol,Manual,18.9 kmpl,998 CC,67.1 bhp,113Nm@ 4000rpm,5.0,272000
Volkswagen Vento,Volkswagen,Vento,4,20000,Dealer,diesel,Manual,20.64 kmpl,1498 CC,108.49 bhp,170Nm@ 1800-2400rpm,5.0,950000
Maruti Swift Dzire,Maruti,Swift Dzire,4,50000,Dealer,Diesel,Manual,19.3 kmpl,1248 CC,73.9 bhp,200Nm@ 1750rpm,5.0,730000
Maruti Ciaz,Maruti,Ciaz,6,49000,DEALER,DIESEL,Manual,28.09 kmpl,1248 CC,88.5 bhp,170Nm@ 1800-2400rpm,5.0,549000
Hyundai i10,Hyundai,i10,7,49000,Dealer,Petrol,Manual,19.81 kmpl,1086 CC,68.05 bhp,113Nm@ 4000rpm,5.0,265000
Hyundai Creta,Hyundai,Creta,4,34000,Dealer,petrol,Manual,13.0 kmpl,1591 CC,,200Nm@ 1750rpm,5.0,1149000
Ford Ecosport,Ford,Ecosport,3,74455,DEALER,Diesel,Manual,23.0 kmpl,1498 CC,98.96 bhp,91Nm@ 3500rpm,5.0,790000
Maruti Ciaz,Maruti,Ciaz,5,40000,Individual,Diesel,Manual,28.09 kmpl,1248 CC,88.5 bhp,250Nm@ 1500-2500rpm,5.0,850000
Mercedes-Benz C-Class,Mercedes-Benz,C-Class,7,75000,Dealer,DIESEL,Automatic,11.78 kmpl,2143 CC,167.62 bhp,113Nm@ 4000rpm,5.0,1450000
Honda City,Honda,City,7,89000,DEALER,Diesel,Manual,26.0 kmpl,1498 CC,98.6 bhp,250Nm@ 1500-2500rpm,5.0,575000
Mercedes-Benz GL-Class,Mercedes-Benz,GL-Class,5,40000,dealer,Diesel,Automatic,17.9 kmpl,2143 CC,168.0 bhp,91Nm@ 3500rpm,5.0,3500000
Maruti Celerio,Maruti,Celerio,5,52250,Dealer,Petrol,Manual,23.1 kmpl,998 CC,67.04 bhp,24@ 1900(kgm@ rpm),,395000
Hyundai Santro,Hyundai,Santro,10,50000,Individual,Petrol,Manual,17.92 kmpl,1086 CC,62.1 bhp,190Nm@ 2000rpm,5.0,250000
Maruti Swift Dzire,Maruti,Swift Dzire,3,100000,Individual,Diesel,Manual,19.3 kmpl,1248 CC,73.9 bhp,24@ 1900(kgm@ rpm),5.0,791000
Maruti Baleno,Maruti,Baleno,4,26000,  Dealer ,Petrol,Manual,21.4 kmpl,,83.1 bhp,,5.0,770000
BMW X3,BMW,X3,8,39000,DEALER,Diesel,Automatic,16.09 kmpl,1995 CC,184.0 bhp,113Nm@ 4000rpm,5.0,2375000
Maruti Swift,Maruti,Swift,9,62000,Dealer,PETROL,Manual,18.6 kmpl,1197 CC,85.8 bhp,91Nm@ 3500rpm,5.0,340000
Maruti Ignis,Maruti,Ignis,2,7500,Dealer,Petrol,Automatic,20.89 kmpl,1197 CC,81.8 bhp,190Nm@ 2000rpm,5.0,625000
Maruti Wagon R,Maruti,Wagon R,4,40000,  Individual ,CNG,Manual,26.6 km/kg,998 CC,58.16 bhp,"12.7@ 2,700(kgm@ rpm)",5.0,330000
Maruti Ciaz,Maruti,Ciaz,3,20286,DEALER,PETROL,Manual,20.73 kmpl,1373 CC,91.1 bhp,190Nm@ 2000rpm,5.0,810000
Honda City,Honda,City,4,35000,Individual,Petrol,Manual,,1497 CC,117.3 bhp,113Nm@ 4000rpm,5.0,750000
Tata Harrier,Tata,Harrier,2,20000,INDIVIDUAL,DIESEL,Manual,17.0 kmpl,1956 CC,138.1 bhp,250Nm@ 1500-2500rpm,5.0,1500000
Hyundai i20,Hyundai,i20,11,57000,Dealer,  Petrol ,Manual,18.5 kmpl,1197 CC,80.0 bhp,"12.7@ 2,700(kgm@ rpm)",5.0,225000
Skoda Rapid,Skoda,Rapid,5,72000,DEALER,Diesel,Automatic,21.66 kmpl,1498 CC,103.52 bhp,113Nm@ 4000rpm,5.0,580000
Volkswagen Polo,Volkswagen,Polo,8,69000,Dealer,PETROL,Manual,16.47 kmpl,1198 CC,73.9 bhp,113Nm@ 4000rpm,5.0,440000
Renault KWID,Renault,KWID,4,20000,dealer,Petrol,Manual,22.3 kmpl,799 CC,53.26 bhp,91Nm@ 3500rpm,5.0,275000
Audi A4,Audi,A4,9,39000,Dealer,Diesel,Automatic,17.11 kmpl,1968 CC,174.33 bhp,91Nm@ 3500rpm,5.0,1195000
Maruti Swift,Maruti,Swift,7,14800,Dealer,PETROL,Manual,21.21 kmpl,1197 CC,81.8 bhp,250Nm@ 1500-2500rpm,5.0,495000
Mercedes-Benz GLS,Mercedes-Benz,GLS,3,28000,dealer,Petrol,Automatic,8.9 kmpl,2996 CC,333.0 bhp,"12.7@ 2,700(kgm@ rpm)",7.0,6950000
Maruti Alto,Maruti,Alto,8,13910,Dealer,  Petrol ,Manual,20.92 kmpl,998 CC,67.1 bhp,170Nm@ 1800-2400rpm,,230000
Maruti Alto,Maruti,Alto,9,70000,INDIVIDUAL,Petrol,Manual,19.7 kmpl,796 CC,46.3 bhp,24@ 1900(kgm@ rpm),5.0,200000
Hyundai Verna,Hyundai,Verna,9,60002,DEALER,Diesel,Automatic,16.2 kmpl,1493 CC,110.0 bhp,170Nm@ 1800-2400rpm,5.0,550000
Maruti Ciaz,Maruti,Ciaz,5,49411,individual,Diesel,Manual,28.09 kmpl,1248 CC,88.5 bhp,170Nm@ 1800-2400rpm,5.0,731000
Honda Amaze,Honda,Amaze,5,50000,Dealer,Petrol,Manual,18.0 kmpl,1198 CC,86.7 bhp,"12.7@ 2,700(kgm@ rpm)",5.0,500000
Ford Aspire,Ford,Aspire,5,19543,Individual,Petrol,Manual,18.16 kmpl,1196 CC,86.8 bhp,190Nm@ 2000rpm,5.0,475000
Maruti Wagon R,Maruti,Wagon R,10,70000,Individual,Petrol,Manual,18.9 kmpl,998 CC,67.1 bhp,91Nm@ 3500rpm,5.0,185000
BMW X1,BMW,X1,3,12000,dealer,Diesel,Automatic,20.68 kmpl,1995 CC,,"12.7@ 2,700(kgm@ rpm)",5.0,3300000
Maruti XL6,Maruti,XL6,2,7669,Dealer,petrol,Automatic,17.99 kmpl,1462 CC,103.2 bhp,170Nm@ 1800-2400rpm,6.0,1175000
Hyundai Grand,Hyundai,Grand,6,55000,Dealer,petrol,Manual,18.9 kmpl,1197 CC,82.0 bhp,113Nm@ 4000rpm,5.0,445000
Maruti Baleno,Maruti,Baleno,4,33000,DEALER,Petrol,Automatic,19.56 kmpl,1197 CC,81.8 bhp,200Nm@ 1750rpm,5.0,690000
Maruti Alto,Maruti,Alto,17,70000,individual,Petrol,Manual,,796 CC,46.3 bhp,"12.7@ 2,700(kgm@ rpm)",5.0,100000
Maruti Baleno,Maruti,Baleno,4,60881,Dealer,  Diesel ,Manual,27.39 kmpl,1248 CC,74.0 bhp,"12.7@ 2,700(kgm@ rpm)",5.0,730000
Honda City,Honda,City,15,89500,Dealer,Petrol,Manual,17.7 kmpl,1497 CC,,91Nm@ 3500rpm,5.0,249000
Ford Ecosport,Ford,Ecosport,4,40600,dealer,Diesel,Manual,,1498 CC,98.96 bhp,91Nm@ 3500rpm,5.0,815000
Hyundai Creta,Hyundai,Creta,6,83563,Trustmark Dealer,Diesel,Automatic,17.01 kmpl,1582 CC,126.2 bhp,113Nm@ 4000rpm,5.0,985000
Hyundai i10,Hyundai,i10,8,47000,DEALER,petrol,Manual,20.36 kmpl,1197 CC,78.9 bhp,190Nm@ 2000rpm,5.0,250000
Hyundai Venue,Hyundai,Venue,2,15000,Dealer,Diesel,Manual,23.7 kmpl,1396 CC,,170Nm@ 1800-2400rpm,5.0,1175000
Maruti Swift Dzire,Maruti,Swift Dzire,4,60500,Individual,diesel,Manual,19.3 kmpl,1248 CC,73.9 bhp,24@ 1900(kgm@ rpm),5.0,620000
Renault KWID,Renault,KWID,2,2700,Dealer,PETROL,Manual,25.17 kmpl,799 CC,53.3 bhp,170Nm@ 1800-2400rpm,5.0,395000
Mercedes-Benz CLS,Mercedes-Benz,CLS,8,52000,Dealer,Diesel,Automatic,19.4 kmpl,2143 CC,204.0 bhp,250Nm@ 1500-2500rpm,4.0,1200000
Maruti Alto,Maruti,Alto,8,48000,INDIVIDUAL,petrol,Manual,22.74 kmpl,796 CC,47.3 bhp,24@ 1900(kgm@ rpm),5.0,200000
Maruti Wagon R,Maruti,Wagon R,6,47000,DEALER,Petrol,Manual,18.9 kmpl,998 CC,67.1 bhp,170Nm@ 1800-2400rpm,5.0,325000
Volkswagen Vento,Volkswagen,Vento,8,56000,Dealer,PETROL,Manual,16.09 kmpl,1598 CC,103.2 bhp,24@ 1900(kgm@ rpm),5.0,335000
Hyundai Verna,Hyundai,Verna,3,3700,Dealer,diesel,Manual,23.9 kmpl,1582 CC,126.2 bhp,170Nm@ 1800-2400rpm,5.0,1220000
Mahindra Scorpio,Mahindra,Scorpio,6,120000,Individual,diesel,Manual,,1997 CC,120.0 bhp,113Nm@ 4000rpm,7.0,900000
Hyundai i20,Hyundai,i20,6,55199,Dealer,  Petrol ,Manual,,1197 CC,81.83 bhp,250Nm@ 1500-2500rpm,5.0,545000
Maruti Swift Dzire,Maruti,Swift Dzire,4,30503,  Trustmark Dealer ,Petrol,Automatic,22.0 kmpl,1197 CC,81.8 bhp,91Nm@ 3500rpm,5.0,645000
Tata Nexon,Tata,Nexon,3,42388,Dealer,Diesel,Manual,21.5 kmpl,1497 CC,108.5 bhp,200Nm@ 1750rpm,5.0,895000
Mahindra Bolero,Mahindra,Bolero,1,10000,INDIVIDUAL,DIESEL,Manual,21.0 kmpl,1498 CC,,"12.7@ 2,700(kgm@ rpm)",7.0,600000
Mercedes-Benz C-Class,Mercedes-Benz,C-Class,12,66001,Dealer,Petrol,Manual,11.7 kmpl,1796 CC,178.0 bhp,113Nm@ 4000rpm,5.0,650000
Skoda Rapid,Skoda,Rapid,8,50000,Individual,  Petrol ,Automatic,14.3 kmpl,1598 CC,103.6 bhp,250Nm@ 1500-2500rpm,5.0,239000
Maruti Vitara,Maruti,Vitara,3,60000,individual,diesel,Automatic,24.3 kmpl,1248 CC,88.5 bhp,113Nm@ 4000rpm,5.0,1050000
Hyundai i10,Hyundai,i10,9,65000,Dealer,petrol,Manual,20.36 kmpl,1197 CC,78.9 bhp,24@ 1900(kgm@ rpm),5.0,235000
Hyundai Verna,Hyundai,Verna,2,25000,individual,petrol,Manual,19.1 kmpl,1368 CC,98.6 bhp,250Nm@ 1500-2500rpm,5.0,850000
Audi Q7,Audi,Q7,10,65000,Dealer,Diesel,Automatic,11.33 kmpl,4134 CC,335.2 bhp,170Nm@ 1800-2400rpm,7.0,1890000
Hyundai Verna,Hyundai,Verna,8,66000,Dealer,PETROL,Automatic,15.74 kmpl,1591 CC,121.3 bhp,113Nm@ 4000rpm,5.0,560000
Maruti Alto,Maruti,Alto,10,72000,Dealer,Petrol,Manual,20.92 kmpl,998 CC,67.1 bhp,200Nm@ 1750rpm,5.0,260000
Hyundai i20,Hyundai,i20,6,76430,Dealer,DIESEL,Manual,22.54 kmpl,1396 CC,88.73 bhp,91Nm@ 3500rpm,5.0,625000
Ford Ecosport,Ford,Ecosport,6,60000,INDIVIDUAL,Diesel,Manual,22.77 kmpl,1498 CC,98.59 bhp,113Nm@ 4000rpm,,650000
Maruti Vitara,Maruti,Vitara,3,40000,Individual,DIESEL,Manual,24.3 kmpl,1248 CC,88.5 bhp,"12.7@ 2,700(kgm@ rpm)",5.0,810000
Renault Duster,Renault,Duster,8,75704,Dealer,Diesel,Manual,19.87 kmpl,1461 CC,83.8 bhp,"12.7@ 2,700(kgm@ rpm)",5.0,590000
Hyundai Verna,Hyundai,Verna,8,100000,INDIVIDUAL,  Diesel ,Manual,22.32 kmpl,1582 CC,126.3 bhp,"12.7@ 2,700(kgm@ rpm)",5.0,500000
Maruti Wagon R,Maruti,Wagon R,15,60000,individual,  Petrol ,Manual,18.9 kmpl,998 CC,,170Nm@ 1800-2400rpm,5.0,80000
Toyota Innova,Toyota,Innova,8,50000,Dealer,Diesel,Manual,12.99 kmpl,2494 CC,,"12.7@ 2,700(kgm@ rpm)",7.0,840000
Skoda Rapid,Skoda,Rapid,2,35000,Individual,diesel,Automatic,21.72 kmpl,1498 CC,108.6 bhp,,5.0,1000000
Honda Civic,Honda,Civic,14,71000,Dealer,petrol,Automatic,12.9 kmpl,1799 CC,130.0 bhp,24@ 1900(kgm@ rpm),5.0,225000
Mercedes-Benz E-Class,Mercedes-Benz,E-Class,2,11000,dealer,Diesel,Automatic,16.1 kmpl,1950 CC,191.7 bhp,,5.0,5275000
Honda Amaze,Honda,Amaze,5,44340,dealer,Diesel,Manual,25.8 kmpl,1498 CC,98.6 bhp,113Nm@ 4000rpm,5.0,715000
Mahindra Bolero,Mahindra,Bolero,8,75000,Individual,  Diesel ,Manual,15.96 kmpl,2523 CC,62.1 bhp,170Nm@ 1800-2400rpm,7.0,521000
Honda Jazz,Honda,Jazz,6,88541,Dealer,diesel,Manual,27.3 kmpl,1498 CC,98.6 bhp,24@ 1900(kgm@ rpm),5.0,500000
Honda City,Honda,City,6,55000,  Dealer ,Petrol,Manual,16.8 kmpl,1497 CC,116.3 bhp,250Nm@ 1500-2500rpm,5.0,785000
Maruti Vitara,Maruti,Vitara,5,50000,Individual,Diesel,Manual,24.3 kmpl,1248 CC,88.5 bhp,113Nm@ 4000rpm,5.0,950000
Maruti Ertiga,Maruti,Ertiga,6,40000,Dealer,Petrol,Manual,19.34 kmpl,1462 CC,103.0 bhp,24@ 1900(kgm@ rpm),7.0,675000
Honda Amaze,Honda,Amaze,5,34000,Dealer,Petrol,Manual,18.0 kmpl,1198 CC,86.7 bhp,,5.0,500000
Hyundai Verna,Hyundai,Verna,3,20000,  Individual ,Petrol,Manual,17.0 kmpl,1591 CC,121.3 bhp,250Nm@ 1500-2500rpm,5.0,1150000
Toyota Innova,Toyota,Innova,5,186000,DEALER,Diesel,Automatic,11.36 kmpl,2755 CC,171.5 bhp,"12.7@ 2,700(kgm@ rpm)",,1350000
Honda City,Honda,City,5,50000,Dealer,Diesel,Manual,26.0 kmpl,1498 CC,98.6 bhp,91Nm@ 3500rpm,5.0,889000
Mercedes-Benz C-Class,Mercedes-Benz,C-Class,13,57000,  Dealer ,Petrol,Manual,11.7 kmpl,1796 CC,178.0 bhp,113Nm@ 4000rpm,5.0,425000
Maruti Wagon R,Maruti,Wagon R,3,45000,Individual,  CNG ,Manual,26.6 km/kg,998 CC,58.16 bhp,250Nm@ 1500-2500rpm,5.0,420000
Volvo XC90,Volvo,XC90,3,33000,DEALER,diesel,Automatic,17.2 kmpl,1969 CC,235.0 bhp,24@ 1900(kgm@ rpm),7.0,5499000
Honda City,Honda,City,7,77000,Dealer,Diesel,Manual,26.0 kmpl,1498 CC,,170Nm@ 1800-2400rpm,5.0,525000
Mercedes-Benz C-Class,Mercedes-Benz,C-Class,4,40000,Dealer,Diesel,Automatic,19.71 kmpl,2143 CC,201.15 bhp,113Nm@ 4000rpm,5.0,2850000
Maruti Vitara,Maruti,Vitara,4,55000,individual,Diesel,Manual,24.3 kmpl,1248 CC,88.5 bhp,"12.7@ 2,700(kgm@ rpm)",5.0,970000
Maruti Swift,Maruti,Swift,2,8000,Individual,petrol,Manual,21.21 kmpl,1197 CC,81.8 bhp,"12.7@ 2,700(kgm@ rpm)",5.0,539000
Maruti Swift Dzire,Maruti,Swift Dzire,4,3700,Dealer,  Petrol ,Automatic,21.21 kmpl,1197 CC,81.8 bhp,200Nm@ 1750rpm,5.0,745000
Toyota Innova,Toyota,Innova,8,66758,Dealer,  Diesel ,Manual,12.8 kmpl,2494 CC,102.0 bhp,190Nm@ 2000rpm,7.0,750000
Mercedes-Benz E-Class,Mercedes-Benz,E-Class,9,33999,  Dealer ,  Petrol ,Manual,12.3 kmpl,1796 CC,185.0 bhp,170Nm@ 1800-2400rpm,5.0,1350000
Hyundai i20,Hyundai,i20,12,46025,Dealer,PETROL,Manual,17.0 kmpl,1197 CC,80.0 bhp,91Nm@ 3500rpm,5.0,325000
Volkswagen Polo,Volkswagen,Polo,7,17205,  Dealer ,PETROL,Manual,16.47 kmpl,1198 CC,74.0 bhp,113Nm@ 4000rpm,5.0,450000
Ford Figo,Ford,Figo,10,150000,Individual,Diesel,Manual,20.0 kmpl,1399 CC,68.0 bhp,250Nm@ 1500-2500rpm,5.0,250000
Tata Safari,Tata,Safari,10,120000,Individual,Diesel,Manual,13.93 kmpl,2179 CC,138.0 bhp,"12.7@ 2,700(kgm@ rpm)",7.0,250000
Maruti Ignis,Maruti,Ignis,2,9343,Dealer,petrol,Automatic,20.89 kmpl,1197 CC,81.8 bhp,190Nm@ 2000rpm,5.0,600000
Maruti Ertiga,Maruti,Ertiga,4,100000,Individual,Diesel,Manual,24.52 kmpl,1248 CC,88.5 bhp,170Nm@ 1800-2400rpm,7.0,800000
Renault Duster,Renault,Duster,6,80000,INDIVIDUAL,  Diesel ,Manual,20.45 kmpl,1461 CC,83.8 bhp,24@ 1900(kgm@ rpm),5.0,630000
Ford Figo,Ford,Figo,9,60000,Individual,Diesel,Manual,20.0 kmpl,1399 CC,68.0 bhp,113Nm@ 4000rpm,5.0,265000
Honda City,Honda,City,13,110000,Individual,PETROL,Manual,17.0 kmpl,1497 CC,118.0 bhp,"12.7@ 2,700(kgm@ rpm)",5.0,175000
Maruti Swift,Maruti,Swift,5,40000,Individual,diesel,Manual,25.2 kmpl,1248 CC,74.0 bhp,113Nm@ 4000rpm,5.0,630000
Mahindra Bolero,Mahindra,Bolero,9,100000,INDIVIDUAL,Diesel,Manual,15.96 kmpl,2523 CC,62.1 bhp,113Nm@ 4000rpm,7.0,400000
Hyundai i20,Hyundai,i20,1,20000,Individual,Petrol,Manual,20.35 kmpl,1197 CC,81.86 bhp,113Nm@ 4000rpm,5.0,640000
Hyundai i20,Hyundai,i20,8,80000,INDIVIDUAL,Petrol,Manual,18.5 kmpl,1197 CC,82.85 bhp,113Nm@ 4000rpm,5.0,400000
Maruti Alto,Maruti,Alto,4,5914,Dealer,Petrol,Manual,23.95 kmpl,998 CC,67.05 bhp,250Nm@ 1500-2500rpm,5.0,345000
Mahindra Scorpio,Mahindra,Scorpio,6,120000,Individual,DIESEL,Manual,15.4 kmpl,1997 CC,120.0 bhp,91Nm@ 3500rpm,7.0,900000
Hyundai i10,Hyundai,i10,10,40258,Dealer,Petrol,Manual,19.81 kmpl,1086 CC,68.05 bhp,24@ 1900(kgm@ rpm),5.0,230000
Hyundai i20,Hyundai,i20,2,12000,individual,Petrol,Manual,18.6 kmpl,1197 CC,81.86 bhp,113Nm@ 4000rpm,5.0,700000
Hyundai Grand,Hyundai,Grand,6,25000,dealer,Petrol,Manual,18.9 kmpl,1197 CC,82.0 bhp,113Nm@ 4000rpm,5.0,475000
Maruti Wagon R,Maruti,Wagon R,2,11400,  Dealer ,Petrol,Manual,20.52 kmpl,1197 CC,81.8 bhp,"12.7@ 2,700(kgm@ rpm)",5.0,490000
Maruti Alto,Maruti,Alto,11,50000,individual,petrol,Manual,19.7 kmpl,796 CC,46.3 bhp,113Nm@ 4000rpm,5.0,140000
Honda Amaze,Honda,Amaze,2,10250,DEALER,PETROL,Manual,19.5 kmpl,1199 CC,88.76 bhp,200Nm@ 1750rpm,5.0,680000
Ford Figo,Ford,Figo,11,114231,dealer,Petrol,Manual,,1196 CC,70.0 bhp,91Nm@ 3500rpm,5.0,249000
Mahindra XUV500,Mahindra,XUV500,3,21000,Dealer,Diesel,Manual,15.1 kmpl,2179 CC,152.87 bhp,170Nm@ 1800-2400rpm,7.0,1325000
Maruti Swift Dzire,Maruti,Swift Dzire,6,57000,Dealer,Diesel,Manual,26.59 kmpl,1248 CC,74.0 bhp,91Nm@ 3500rpm,5.0,525000
Mahindra Thar,Mahindra,Thar,2,12800,Individual,Diesel,Manual,16.55 kmpl,2498 CC,105.0 bhp,91Nm@ 3500rpm,6.0,999000
Hyundai Verna,Hyundai,Verna,13,11400,Dealer,DIESEL,Manual,22.32 kmpl,1582 CC,126.32 bhp,91Nm@ 3500rpm,5.0,170000
Maruti Vitara,Maruti,Vitara,4,80000,Individual,Diesel,Manual,24.3 kmpl,1248 CC,88.5 bhp,250Nm@ 1500-2500rpm,5.0,600000
Maruti Swift Dzire,Maruti,Swift Dzire,5,120000,Individual,diesel,Manual,26.59 kmpl,1248 CC,74.0 bhp,24@ 1900(kgm@ rpm),5.0,500000
Hyundai i10,Hyundai,i10,8,32000,Individual,petrol,Manual,20.36 kmpl,1197 CC,78.9 bhp,,5.0,265000
Honda City,Honda,City,7,51000,Dealer,DIESEL,Manual,24.1 kmpl,1498 CC,97.9 bhp,113Nm@ 4000rpm,5.0,490000
Hyundai Creta,Hyundai,Creta,3,22000,Dealer,Diesel,Manual,22.1 kmpl,1396 CC,88.7 bhp,113Nm@ 4000rpm,5.0,1015000
Maruti Alto,Maruti,Alto,7,64531,Dealer,Petrol,Manual,23.95 kmpl,,67.05 bhp,,5.0,355000
Honda City,Honda,City,8,80400,Dealer,Petrol,Automatic,16.8 kmpl,1497 CC,,113Nm@ 4000rpm,5.0,550000
Volkswagen Polo,Volkswagen,Polo,7,51200,DEALER,Diesel,Manual,22.07 kmpl,1199 CC,73.9 bhp,"12.7@ 2,700(kgm@ rpm)",5.0,535000
Hyundai Venue,Hyundai,Venue,2,34000,Dealer,PETROL,Automatic,,998 CC,118.35 bhp,250Nm@ 1500-2500rpm,5.0,1050000
Maruti Swift Dzire,Maruti,Swift Dzire,5,58000,Dealer,petrol,Manual,20.85 kmpl,1197 CC,83.14 bhp,"12.7@ 2,700(kgm@ rpm)",5.0,440000
Skoda Rapid,Skoda,Rapid,6,27000,DEALER,petrol,Manual,15.0 kmpl,1598 CC,103.6 bhp,113Nm@ 4000rpm,5.0,525000
Maruti Baleno,Maruti,Baleno,1,7124,Individual,petrol,Manual,21.01 kmpl,1197 CC,81.8 bhp,170Nm@ 1800-2400rpm,5.0,643000
Hyundai Grand,Hyundai,Grand,5,71900,dealer,Diesel,Manual,24.0 kmpl,,70.0 bhp,,5.0,490000
Mahindra Scorpio,Mahindra,Scorpio,6,82000,DEALER,Diesel,Manual,15.4 kmpl,2179 CC,120.0 bhp,190Nm@ 2000rpm,8.0,925000
Toyota Innova,Toyota,Innova,9,187031,Dealer,Diesel,Manual,12.99 kmpl,2494 CC,100.0 bhp,170Nm@ 1800-2400rpm,8.0,525000
Volkswagen Polo,Volkswagen,Polo,6,81544,  Dealer ,Petrol,Automatic,17.21 kmpl,1197 CC,103.6 bhp,190Nm@ 2000rpm,5.0,685000
Honda Amaze,Honda,Amaze,5,40000,Individual,Petrol,Automatic,15.5 kmpl,1198 CC,86.7 bhp,91Nm@ 3500rpm,5.0,400000
Toyota Fortuner,Toyota,Fortuner,4,40000,Individual,Petrol,Automatic,10.26 kmpl,2694 CC,163.7 bhp,170Nm@ 1800-2400rpm,7.0,2600000
Maruti Celerio,Maruti,Celerio,5,25000,individual,PETROL,Automatic,23.1 kmpl,,67.04 bhp,,5.0,480000
Maruti Ciaz,Maruti,Ciaz,4,46991,Dealer,Diesel,Manual,28.09 kmpl,1248 CC,88.5 bhp,113Nm@ 4000rpm,5.0,703000
Toyota Innova,Toyota,Innova,9,85000,Dealer,diesel,Manual,12.8 kmpl,2494 CC,102.0 bhp,250Nm@ 1500-2500rpm,8.0,750000
Ford Figo,Ford,Figo,9,120000,Individual,Diesel,Manual,20.0 kmpl,1399 CC,68.0 bhp,91Nm@ 3500rpm,5.0,250000
Volkswagen Polo,Volkswagen,Polo,2,9000,  Dealer ,Petrol,Manual,18.78 kmpl,999 CC,75.0 bhp,91Nm@ 3500rpm,5.0,649000
Hyundai i20,Hyundai,i20,9,45000,Individual,PETROL,Manual,18.5 kmpl,1197 CC,80.0 bhp,190Nm@ 2000rpm,5.0,295000
Maruti Alto,Maruti,Alto,2,8000,Dealer,Petrol,Automatic,23.95 kmpl,998 CC,67.05 bhp,,5.0,415000
Maruti Swift,Maruti,Swift,6,38000,Dealer,Petrol,Manual,21.21 kmpl,1197 CC,81.8 bhp,24@ 1900(kgm@ rpm),5.0,450000
Maruti Swift Dzire,Maruti,Swift Dzire,2,60000,  Individual ,Petrol,Manual,21.21 kmpl,1197 CC,81.8 bhp,190Nm@ 2000rpm,5.0,525000
Hyundai Grand,Hyundai,Grand,5,13000,Dealer,Petrol,Manual,18.9 kmpl,1197 CC,82.0 bhp,190Nm@ 2000rpm,5.0,455000
Maruti Celerio,Maruti,Celerio,5,62000,  Dealer ,Petrol,Automatic,23.1 kmpl,998 CC,67.04 bhp,250Nm@ 1500-2500rpm,5.0,470000
Volkswagen Vento,Volkswagen,Vento,9,58000,Dealer,Petrol,Manual,15.04 kmpl,1598 CC,103.6 bhp,190Nm@ 2000rpm,5.0,285000
Hyundai Grand,Hyundai,Grand,6,66916,Dealer,Petrol,Automatic,18.9 kmpl,1197 CC,82.0 bhp,113Nm@ 4000rpm,5.0,550000
Maruti Swift,Maruti,Swift,3,18000,  Individual ,  Petrol ,Manual,22.0 kmpl,1197 CC,81.8 bhp,170Nm@ 1800-2400rpm,5.0,580000
Maruti Swift,Maruti,Swift,9,80000,Individual,DIESEL,Manual,22.9 kmpl,1248 CC,74.0 bhp,24@ 1900(kgm@ rpm),5.0,340000
Honda Jazz,Honda,Jazz,5,37000,Dealer,  Petrol ,Automatic,19.0 kmpl,1199 CC,88.7 bhp,170Nm@ 1800-2400rpm,5.0,645000
Mercedes-Benz C-Class,Mercedes-Benz,C-Class,7,69550,  Dealer ,Diesel,Automatic,,2143 CC,170.0 bhp,200Nm@ 1750rpm,5.0,1295000
Maruti Celerio,Maruti,Celerio,5,22169,Dealer,Petrol,Automatic,,998 CC,67.04 bhp,24@ 1900(kgm@ rpm),5.0,490000
Maruti Ertiga,Maruti,Ertiga,4,19000,DEALER,Diesel,Manual,24.52 kmpl,1248 CC,88.5 bhp,"12.7@ 2,700(kgm@ rpm)",7.0,875000
Maruti Vitara,Maruti,Vitara,4,70000,Individual,Diesel,Manual,24.3 kmpl,1248 CC,88.5 bhp,250Nm@ 1500-2500rpm,,750000
Maruti Baleno,Maruti,Baleno,3,33000,Dealer,Petrol,Manual,21.01 kmpl,1197 CC,81.8 bhp,91Nm@ 3500rpm,5.0,730000
Mahindra KUV100,Mahindra,KUV100,5,51630,Dealer,diesel,Manual,25.32 kmpl,1198 CC,77.0 bhp,250Nm@ 1500-2500rpm,6.0,245000
Honda City,Honda,City,7,68000,Dealer,diesel,Manual,25.1 kmpl,1498 CC,98.6 bhp,24@ 1900(kgm@ rpm),5.0,645000
Maruti Alto,Maruti,Alto,12,90000,Individual,Petrol,Manual,19.7 kmpl,796 CC,46.3 bhp,91Nm@ 3500rpm,5.0,110000
BMW 3,BMW,3,11,95000,DEALER,Diesel,Automatic,13.2 kmpl,1995 CC,,190Nm@ 2000rpm,5.0,1040000
Hyundai Verna,Hyundai,Verna,11,25000,individual,  Diesel ,Manual,16.2 kmpl,1493 CC,110.0 bhp,113Nm@ 4000rpm,5.0,300000
Toyota Camry,Toyota,Camry,5,86000,Dealer,Petrol,Automatic,19.16 kmpl,2494 CC,158.2 bhp,91Nm@ 3500rpm,5.0,1995000
Maruti Wagon R,Maruti,Wagon R,3,53237,Trustmark Dealer,CNG,Manual,26.6 km/kg,998 CC,58.16 bhp,190Nm@ 2000rpm,5.0,410000
Hyundai Creta,Hyundai,Creta,4,85000,DEALER,DIESEL,Manual,22.1 kmpl,1396 CC,88.7 bhp,190Nm@ 2000rpm,5.0,825000
Maruti Swift,Maruti,Swift,9,100000,  Individual ,Diesel,Manual,22.9 kmpl,1248 CC,74.0 bhp,200Nm@ 1750rpm,5.0,425000
Toyota Innova,Toyota,Innova,6,70000,  Individual ,diesel,Manual,12.99 kmpl,2494 CC,100.6 bhp,250Nm@ 1500-2500rpm,7.0,1500000
Maruti Ertiga,Maruti,Ertiga,8,30000,dealer,PETROL,Manual,16.02 kmpl,1373 CC,93.7 bhp,"12.7@ 2,700(kgm@ rpm)",7.0,400000
Maruti Swift,Maruti,Swift,4,75000,Individual,Petrol,Manual,20.4 kmpl,1197 CC,83.11 bhp,91Nm@ 3500rpm,5.0,475000
Maruti Swift Dzire,Maruti,Swift Dzire,6,104000,Dealer,DIESEL,Manual,28.4 kmpl,,74.02 bhp,,5.0,395000
Maruti Ertiga,Maruti,Ertiga,5,10000,Individual,Petrol,Manual,17.5 kmpl,1373 CC,91.1 bhp,24@ 1900(kgm@ rpm),7.0,750000
Maruti Swift,Maruti,Swift,8,45000,DEALER,Diesel,Manual,22.9 kmpl,1248 CC,74.0 bhp,170Nm@ 1800-2400rpm,5.0,500000
Mahindra Bolero,Mahindra,Bolero,5,100000,INDIVIDUAL,DIESEL,Manual,15.96 kmpl,2523 CC,,190Nm@ 2000rpm,7.0,600000
Toyota Camry,Toyota,Camry,4,34000,DEALER,  Petrol ,Automatic,19.16 kmpl,2494 CC,157.7 bhp,113Nm@ 4000rpm,5.0,2400000
Datsun GO,Datsun,GO,7,40000,Individual,  Petrol ,Manual,20.63 kmpl,,67.0 bhp,,5.0,225000
Maruti Wagon R,Maruti,Wagon R,7,20903,DEALER,CNG,Manual,32.52 km/kg,998 CC,58.33 bhp,"12.7@ 2,700(kgm@ rpm)",5.0,410000
Hyundai i20,Hyundai,i20,6,35000,individual,diesel,Manual,22.54 kmpl,1396 CC,88.73 bhp,24@ 1900(kgm@ rpm),5.0,600000
Skoda Superb,Skoda,Superb,5,20000,  Individual ,PETROL,Manual,14.12 kmpl,1798 CC,177.46 bhp,24@ 1900(kgm@ rpm),5.0,1500000
Toyota Innova,Toyota,Innova,6,78000,Dealer,  Diesel ,Manual,12.99 kmpl,2494 CC,100.6 bhp,113Nm@ 4000rpm,8.0,1030000
Honda Amaze,Honda,Amaze,5,46000,Dealer,Petrol,Manual,18.0 kmpl,1198 CC,86.7 bhp,24@ 1900(kgm@ rpm),5.0,425000
Ford Ecosport,Ford,Ecosport,6,42000,dealer,Petrol,Automatic,14.7 kmpl,1496 CC,,170Nm@ 1800-2400rpm,5.0,650000
Ford Ecosport,Ford,Ecosport,3,24000,DEALER,Petrol,Automatic,14.8 kmpl,1497 CC,121.36 bhp,200Nm@ 1750rpm,5.0,970000
Toyota Innova,Toyota,Innova,4,110000,Dealer,Diesel,Automatic,11.36 kmpl,2755 CC,171.5 bhp,"12.7@ 2,700(kgm@ rpm)",7.0,1600000
Renault Duster,Renault,Duster,8,90000,Individual,Diesel,Manual,19.01 kmpl,1461 CC,108.45 bhp,24@ 1900(kgm@ rpm),5.0,349000
Volkswagen Polo,Volkswagen,Polo,6,61000,dealer,diesel,Manual,20.14 kmpl,1498 CC,88.8 bhp,250Nm@ 1500-2500rpm,5.0,625000
Renault Duster,Renault,Duster,5,118500,Individual,Diesel,Manual,19.72 kmpl,1461 CC,108.45 bhp,250Nm@ 1500-2500rpm,5.0,943000
Ford Ecosport,Ford,Ecosport,3,22506,Dealer,PETROL,Manual,17.0 kmpl,1497 CC,121.31 bhp,250Nm@ 1500-2500rpm,5.0,945000
Hyundai i10,Hyundai,i10,11,49700,dealer,Petrol,Automatic,19.2 kmpl,1197 CC,80.0 bhp,250Nm@ 1500-2500rpm,5.0,342000
Renault KWID,Renault,KWID,4,13800,Individual,PETROL,Manual,23.01 kmpl,999 CC,67.0 bhp,"12.7@ 2,700(kgm@ rpm)",5.0,360000
Maruti S-Presso,Maruti,S-Presso,1,1200,Individual,Petrol,Manual,21.7 kmpl,,67.0 bhp,,5.0,500000
Tata Tiago,Tata,Tiago,3,15000,Individual,  Petrol ,Manual,23.84 kmpl,1199 CC,84.0 bhp,24@ 1900(kgm@ rpm),5.0,450000
Hyundai i20,Hyundai,i20,4,35000,Individual,Petrol,Manual,18.6 kmpl,1197 CC,81.83 bhp,170Nm@ 1800-2400rpm,5.0,625000
Hyundai Verna,Hyundai,Verna,7,80000,Individual,PETROL,Automatic,17.1 kmpl,1591 CC,121.4 bhp,190Nm@ 2000rpm,5.0,630000
Hyundai i10,Hyundai,i10,10,82000,Dealer,Petrol,Manual,20.36 kmpl,1197 CC,78.9 bhp,170Nm@ 1800-2400rpm,5.0,320000
Mercedes-Benz C-Class,Mercedes-Benz,C-Class,9,77000,Dealer,Diesel,Automatic,14.84 kmpl,2143 CC,167.62 bhp,91Nm@ 3500rpm,5.0,1450000
Honda City,Honda,City,11,57000,Dealer,Petrol,Manual,17.0 kmpl,1497 CC,118.0 bhp,"12.7@ 2,700(kgm@ rpm)",5.0,295000
Maruti Swift,Maruti,Swift,7,75000,Dealer,Diesel,Manual,17.8 kmpl,1248 CC,75.0 bhp,113Nm@ 4000rpm,5.0,470000
Maruti Alto,Maruti,Alto,5,16000,Dealer,petrol,Manual,24.7 kmpl,796 CC,47.3 bhp,250Nm@ 1500-2500rpm,5.0,325000
BMW X1,BMW,X1,3,39000,Dealer,Diesel,Automatic,20.68 kmpl,1995 CC,,170Nm@ 1800-2400rpm,5.0,2900000
Mercedes-Benz C-Class,Mercedes-Benz,C-Class,9,76500,Dealer,  Diesel ,Automatic,14.84 kmpl,,170.0 bhp,,5.0,1490000
Maruti Baleno,Maruti,Baleno,3,20000,Individual,petrol,Manual,21.4 kmpl,1197 CC,83.1 bhp,"12.7@ 2,700(kgm@ rpm)",5.0,570000
Toyota Innova,Toyota,Innova,4,55000,DEALER,DIESEL,Manual,13.68 kmpl,2393 CC,,250Nm@ 1500-2500rpm,7.0,1450000
Toyota Innova,Toyota,Innova,10,180000,Individual,  Diesel ,Manual,12.8 kmpl,2494 CC,,"12.7@ 2,700(kgm@ rpm)",7.0,660000
Skoda Rapid,Skoda,Rapid,8,70000,  Individual ,Diesel,Manual,20.5 kmpl,1598 CC,103.5 bhp,24@ 1900(kgm@ rpm),5.0,410000
Mahindra Bolero,Mahindra,Bolero,9,63497,Individual,Diesel,Manual,15.96 kmpl,2523 CC,62.1 bhp,91Nm@ 3500rpm,7.0,396000
Honda Amaze,Honda,Amaze,8,70400,Dealer,Petrol,Manual,18.6 kmpl,1199 CC,88.76 bhp,113Nm@ 4000rpm,5.0,415000
Hyundai Verna,Hyundai,Verna,2,9000,Dealer,DIESEL,Manual,23.9 kmpl,,126.2 bhp,,5.0,950000
Skoda Superb,Skoda,Superb,10,71000,Dealer,Petrol,Automatic,13.7 kmpl,1798 CC,157.75 bhp,113Nm@ 4000rpm,5.0,465000
Hyundai Verna,Hyundai,Verna,3,8143,  Individual ,Petrol,Manual,19.1 kmpl,1368 CC,98.6 bhp,24@ 1900(kgm@ rpm),5.0,930000
Hyundai Grand,Hyundai,Grand,4,56000,Dealer,  Petrol ,Manual,18.9 kmpl,1197 CC,81.86 bhp,250Nm@ 1500-2500rpm,5.0,565000
Maruti Wagon R,Maruti,Wagon R,6,41559,Dealer,Petrol,Manual,21.5 kmpl,1197 CC,81.8 bhp,"12.7@ 2,700(kgm@ rpm)",5.0,350000
Honda Amaze,Honda,Amaze,7,58500,Dealer,  Diesel ,Manual,25.8 kmpl,1498 CC,98.6 bhp,200Nm@ 1750rpm,5.0,348000
Tata Hexa,Tata,Hexa,4,110000,Individual,diesel,Manual,17.6 kmpl,2179 CC,153.86 bhp,170Nm@ 1800-2400rpm,7.0,990000
Hyundai i20,Hyundai,i20,6,72000,  Dealer ,Diesel,Manual,21.27 kmpl,1396 CC,88.76 bhp,170Nm@ 1800-2400rpm,5.0,580000
Maruti Alto,Maruti,Alto,11,40000,INDIVIDUAL,Petrol,Manual,20.92 kmpl,998 CC,,250Nm@ 1500-2500rpm,5.0,250000
Hyundai i20,Hyundai,i20,4,37015,dealer,Petrol,Manual,18.6 kmpl,1197 CC,81.83 bhp,"12.7@ 2,700(kgm@ rpm)",5.0,695000
Maruti Swift Dzire,Maruti,Swift Dzire,4,60000,Individual,petrol,Manual,21.21 kmpl,1197 CC,81.8 bhp,"12.7@ 2,700(kgm@ rpm)",5.0,550000
BMW 5,BMW,5,8,25500,DEALER,diesel,Automatic,16.73 kmpl,2993 CC,218.0 bhp,"12.7@ 2,700(kgm@ rpm)",5.0,2395000
Maruti Swift,Maruti,Swift,7,70000,Individual,Diesel,Manual,25.2 kmpl,1248 CC,74.0 bhp,91Nm@ 3500rpm,5.0,390000
Audi A4,Audi,A4,11,82000,Dealer,PETROL,Automatic,12.3 kmpl,1781 CC,163.2 bhp,200Nm@ 1750rpm,5.0,750000
Hyundai Verna,Hyundai,Verna,2,14000,Dealer,diesel,Automatic,22.0 kmpl,1582 CC,126.2 bhp,190Nm@ 2000rpm,5.0,1250000
Hyundai i10,Hyundai,i10,5,34355,Dealer,Petrol,Manual,20.36 kmpl,1197 CC,78.9 bhp,"12.7@ 2,700(kgm@ rpm)",5.0,455000
Renault KWID,Renault,KWID,5,25000,Individual,petrol,Manual,25.17 kmpl,799 CC,53.3 bhp,91Nm@ 3500rpm,5.0,240000
Maruti Wagon R,Maruti,Wagon R,2,6000,Dealer,Petrol,Manual,,1197 CC,81.8 bhp,200Nm@ 1750rpm,5.0,500000
Hyundai i20,Hyundai,i20,5,50000,individual,Diesel,Manual,22.54 kmpl,1396 CC,,24@ 1900(kgm@ rpm),5.0,650000
Hyundai i20,Hyundai,i20,1,20000,  Individual ,Petrol,Automatic,19.65 kmpl,1197 CC,86.8 bhp,24@ 1900(kgm@ rpm),5.0,700000
Maruti Swift Dzire,Maruti,Swift Dzire,4,50000,Individual,Diesel,Automatic,28.4 kmpl,1248 CC,74.02 bhp,250Nm@ 1500-2500rpm,5.0,850000
Renault Duster,Renault,Duster,6,81645,Dealer,Diesel,Manual,19.01 kmpl,1461 CC,108.45 bhp,"12.7@ 2,700(kgm@ rpm)",5.0,650000
Honda City,Honda,City,7,233000,individual,Diesel,Manual,25.1 kmpl,1498 CC,98.6 bhp,170Nm@ 1800-2400rpm,5.0,500000
Honda CR-V,Honda,CR-V,17,87000,DEALER,Petrol,Automatic,13.7 kmpl,1997 CC,153.86 bhp,91Nm@ 3500rpm,5.0,450000
Honda WR-V,Honda,WR-V,4,79000,DEALER,PETROL,Manual,17.5 kmpl,1199 CC,88.7 bhp,24@ 1900(kgm@ rpm),5.0,715000
Maruti Wagon R,Maruti,Wagon R,10,64000,Dealer,CNG,Manual,26.2 km/kg,998 CC,58.2 bhp,,5.0,225000
Hyundai Verna,Hyundai,Verna,3,50000,  Individual ,Diesel,Automatic,22.0 kmpl,1582 CC,126.2 bhp,"12.7@ 2,700(kgm@ rpm)",5.0,1050000
Volkswagen Polo,Volkswagen,Polo,7,62051,Dealer,Diesel,Manual,20.14 kmpl,1498 CC,88.8 bhp,200Nm@ 1750rpm,5.0,435000
Skoda Superb,Skoda,Superb,7,36000,Dealer,  Petrol ,Automatic,13.7 kmpl,1798 CC,157.75 bhp,113Nm@ 4000rpm,5.0,1099000
Mahindra Bolero,Mahindra,Bolero,3,30000,Individual,diesel,Manual,16.5 kmpl,1493 CC,70.0 bhp,91Nm@ 3500rpm,7.0,750000
Maruti Swift,Maruti,Swift,10,100000,Individual,Diesel,Manual,22.9 kmpl,1248 CC,74.0 bhp,200Nm@ 1750rpm,5.0,325000
Maruti Baleno,Maruti,Baleno,2,13500,Individual,Petrol,Manual,21.01 kmpl,1197 CC,81.8 bhp,190Nm@ 2000rpm,5.0,578000
Audi A4,Audi,A4,9,85250,DEALER,DIESEL,Automatic,16.55 kmpl,,140.0 bhp,,5.0,1295000
Hyundai Elantra,Hyundai,Elantra,8,80000,Individual,Petrol,Automatic,14.5 kmpl,1797 CC,147.5 bhp,200Nm@ 1750rpm,5.0,750000
Ford Ecosport,Ford,Ecosport,7,71425,Dealer,Diesel,Manual,22.7 kmpl,1498 CC,89.84 bhp,113Nm@ 4000rpm,5.0,571000
Toyota Innova,Toyota,Innova,8,70000,Individual,Diesel,Manual,12.99 kmpl,2494 CC,100.6 bhp,200Nm@ 1750rpm,8.0,700000
Toyota Innova,Toyota,Innova,6,140000,  Dealer ,Diesel,Manual,12.8 kmpl,2494 CC,102.0 bhp,"12.7@ 2,700(kgm@ rpm)",7.0,875000
Ford Figo,Ford,Figo,11,68176,Dealer,Diesel,Manual,20.0 kmpl,1399 CC,68.05 bhp,"12.7@ 2,700(kgm@ rpm)",5.0,275000
Hyundai i20,Hyundai,i20,4,70000,individual,diesel,Manual,21.19 kmpl,1396 CC,88.73 bhp,200Nm@ 1750rpm,5.0,850000
Honda City,Honda,City,7,120000,Individual,diesel,Manual,26.0 kmpl,1498 CC,98.6 bhp,113Nm@ 4000rpm,5.0,450000
Maruti Swift Dzire,Maruti,Swift Dzire,5,40000,Dealer,Diesel,Manual,19.3 kmpl,1248 CC,73.9 bhp,250Nm@ 1500-2500rpm,5.0,675000
Skoda Rapid,Skoda,Rapid,3,60000,Dealer,diesel,Automatic,21.72 kmpl,1498 CC,108.6 bhp,190Nm@ 2000rpm,5.0,990000
Mahindra Scorpio,Mahindra,Scorpio,11,120000,Individual,Diesel,Automatic,11.79 kmpl,,,,8.0,515000
Maruti Wagon R,Maruti,Wagon R,10,62000,DEALER,Petrol,Manual,18.9 kmpl,998 CC,67.1 bhp,250Nm@ 1500-2500rpm,5.0,295000
Skoda Rapid,Skoda,Rapid,7,54500,Dealer,Petrol,Automatic,14.3 kmpl,1598 CC,103.6 bhp,"12.7@ 2,700(kgm@ rpm)",5.0,495000
Mahindra Bolero,Mahindra,Bolero,9,120000,Individual,DIESEL,Manual,15.96 kmpl,2523 CC,62.1 bhp,91Nm@ 3500rpm,7.0,365000
Volkswagen Polo,Volkswagen,Polo,10,70000,  Individual ,petrol,Manual,16.47 kmpl,1198 CC,73.9 bhp,91Nm@ 3500rpm,5.0,380000
Honda City,Honda,City,3,5925,DEALER,PETROL,Manual,17.4 kmpl,1497 CC,117.6 bhp,250Nm@ 1500-2500rpm,5.0,1200000
Hyundai i10,Hyundai,i10,10,63155,Dealer,Petrol,Manual,20.36 kmpl,1197 CC,78.9 bhp,190Nm@ 2000rpm,5.0,220000
Honda City,Honda,City,4,74000,Dealer,PETROL,Manual,16.8 kmpl,,116.3 bhp,,5.0,850000
Maruti Swift Dzire,Maruti,Swift Dzire,4,42000,DEALER,Petrol,Manual,22.0 kmpl,1197 CC,81.8 bhp,24@ 1900(kgm@ rpm),5.0,575000
Hyundai Verna,Hyundai,Verna,9,148000,Individual,diesel,Manual,22.32 kmpl,1582 CC,126.32 bhp,170Nm@ 1800-2400rpm,5.0,400000
Maruti Swift Dzire,Maruti,Swift Dzire,3,60000,INDIVIDUAL,  Diesel ,Manual,28.4 kmpl,1248 CC,74.02 bhp,"12.7@ 2,700(kgm@ rpm)",5.0,700000
Hyundai Santro,Hyundai,Santro,2,20660,Dealer,CNG,Manual,30.48 km/kg,1086 CC,58.0 bhp,24@ 1900(kgm@ rpm),5.0,565000
Honda City,Honda,City,5,88099,  Dealer ,Petrol,Manual,17.4 kmpl,1497 CC,117.6 bhp,200Nm@ 1750rpm,5.0,620000
Maruti Ciaz,Maruti,Ciaz,4,58000,  Dealer ,petrol,Manual,20.73 kmpl,1373 CC,91.1 bhp,250Nm@ 1500-2500rpm,5.0,750000
Ford Ecosport,Ford,Ecosport,5,45000,DEALER,Diesel,Manual,23.0 kmpl,1498 CC,98.96 bhp,24@ 1900(kgm@ rpm),5.0,600000
Hyundai Grand,Hyundai,Grand,8,23135,Dealer,Petrol,Manual,18.9 kmpl,1197 CC,82.0 bhp,170Nm@ 1800-2400rpm,5.0,450000
Mahindra XUV500,Mahindra,XUV500,7,114000,DEALER,diesel,Manual,15.1 kmpl,2179 CC,140.0 bhp,"12.7@ 2,700(kgm@ rpm)",7.0,690000
Toyota Innova,Toyota,Innova,3,135000,dealer,Diesel,Automatic,11.36 kmpl,2755 CC,171.5 bhp,200Nm@ 1750rpm,8.0,1800000
Skoda Octavia,Skoda,Octavia,7,80000,Dealer,Diesel,Automatic,19.3 kmpl,1968 CC,141.0 bhp,200Nm@ 1750rpm,5.0,1125000
BMW 5,BMW,5,7,43000,Dealer,DIESEL,Automatic,18.12 kmpl,1995 CC,190.0 bhp,250Nm@ 1500-2500rpm,5.0,2325000
Hyundai i20,Hyundai,i20,5,41000,dealer,petrol,Manual,18.6 kmpl,1197 CC,81.86 bhp,250Nm@ 1500-2500rpm,5.0,525000
Mahindra XUV500,Mahindra,XUV500,6,80000,dealer,Diesel,Manual,15.1 kmpl,2179 CC,140.0 bhp,190Nm@ 2000rpm,7.0,780000
Maruti Alto,Maruti,Alto,2,90000,Individual,Petrol,Manual,24.7 kmpl,796 CC,47.3 bhp,250Nm@ 1500-2500rpm,5.0,300000
Skoda Superb,Skoda,Superb,8,40000,Individual,PETROL,Manual,13.14 kmpl,1798 CC,160.0 bhp,250Nm@ 1500-2500rpm,,430000
Mercedes-Benz E-Class,Mercedes-Benz,E-Class,6,60000,Dealer,Diesel,Automatic,14.21 kmpl,2143 CC,,"12.7@ 2,700(kgm@ rpm)",5.0,2050000
Maruti Eeco,Maruti,Eeco,5,15000,Individual,PETROL,Manual,15.37 kmpl,1196 CC,73.0 bhp,24@ 1900(kgm@ rpm),7.0,350000
Maruti Alto,Maruti,Alto,6,39949,DEALER,Petrol,Automatic,23.95 kmpl,998 CC,,24@ 1900(kgm@ rpm),5.0,375000
BMW X1,BMW,X1,9,53000,Individual,Diesel,Automatic,17.05 kmpl,1995 CC,184.0 bhp,190Nm@ 2000rpm,5.0,1150000
Maruti Wagon R,Maruti,Wagon R,8,72000,DEALER,Petrol,Manual,18.9 kmpl,998 CC,67.1 bhp,24@ 1900(kgm@ rpm),5.0,290000
Maruti Ignis,Maruti,Ignis,3,12000,individual,PETROL,Manual,20.89 kmpl,1197 CC,81.8 bhp,200Nm@ 1750rpm,5.0,468000
Ford Figo,Ford,Figo,9,55261,  Dealer ,Diesel,Manual,20.0 kmpl,1399 CC,68.05 bhp,91Nm@ 3500rpm,5.0,215000
Maruti Swift Dzire,Maruti,Swift Dzire,5,80000,Individual,diesel,Manual,26.59 kmpl,1248 CC,74.0 bhp,91Nm@ 3500rpm,5.0,530000
Maruti Celerio,Maruti,Celerio,6,34000,Dealer,  Petrol ,Manual,23.1 kmpl,998 CC,67.04 bhp,,5.0,365000
Toyota Innova,Toyota,Innova,3,36000,INDIVIDUAL,Diesel,Manual,13.68 kmpl,2393 CC,147.8 bhp,170Nm@ 1800-2400rpm,7.0,2150000
Volkswagen Polo,Volkswagen,Polo,5,70000,  Dealer ,DIESEL,Manual,22.07 kmpl,1199 CC,73.9 bhp,24@ 1900(kgm@ rpm),5.0,675000
Hyundai i20,Hyundai,i20,9,32000,Dealer,Petrol,Manual,18.5 kmpl,1197 CC,80.0 bhp,170Nm@ 1800-2400rpm,5.0,350000
Honda Amaze,Honda,Amaze,7,55200,dealer,Petrol,Manual,18.0 kmpl,1198 CC,86.7 bhp,190Nm@ 2000rpm,5.0,375000
Jaguar XF,Jaguar,XF,8,33500,DEALER,Diesel,Automatic,16.36 kmpl,2179 CC,187.7 bhp,200Nm@ 1750rpm,5.0,1895000
Maruti Eeco,Maruti,Eeco,3,14917,dealer,  CNG ,Manual,21.94 km/kg,1196 CC,61.7 bhp,,5.0,475000
Hyundai Grand,Hyundai,Grand,2,1200,  Dealer ,Petrol,Manual,18.9 kmpl,1197 CC,81.86 bhp,"12.7@ 2,700(kgm@ rpm)",5.0,611000
Hyundai i10,Hyundai,i10,10,42000,INDIVIDUAL,Petrol,Manual,20.36 kmpl,1197 CC,78.9 bhp,24@ 1900(kgm@ rpm),5.0,230000
Hyundai i10,Hyundai,i10,13,51000,dealer,Petrol,Manual,19.81 kmpl,1086 CC,68.05 bhp,170Nm@ 1800-2400rpm,5.0,175000
Hyundai Verna,Hyundai,Verna,6,80000,  Individual ,Diesel,Automatic,19.08 kmpl,1582 CC,126.2 bhp,91Nm@ 3500rpm,5.0,650000
Mahindra Scorpio,Mahindra,Scorpio,9,70000,INDIVIDUAL,Diesel,Automatic,11.79 kmpl,2179 CC,120.0 bhp,250Nm@ 1500-2500rpm,8.0,690000
Datsun redi-GO,Datsun,redi-GO,3,6000,dealer,Petrol,Automatic,22.0 kmpl,999 CC,67.05 bhp,200Nm@ 1750rpm,5.0,435000
Hyundai Creta,Hyundai,Creta,3,31500,Dealer,Petrol,Manual,15.8 kmpl,1591 CC,121.3 bhp,91Nm@ 3500rpm,5.0,1275000
Hyundai i10,Hyundai,i10,12,80000,Individual,petrol,Manual,20.36 kmpl,1197 CC,78.9 bhp,190Nm@ 2000rpm,5.0,145000
Maruti Ertiga,Maruti,Ertiga,3,80000,Individual,Diesel,Manual,24.52 kmpl,1248 CC,88.5 bhp,113Nm@ 4000rpm,7.0,930000
Mahindra Scorpio,Mahindra,Scorpio,4,11000,Dealer,Diesel,Manual,15.4 kmpl,1997 CC,120.0 bhp,170Nm@ 1800-2400rpm,7.0,1351000
Kia Seltos,Kia,Seltos,1,9000,Dealer,Diesel,Automatic,17.8 kmpl,1493 CC,,170Nm@ 1800-2400rpm,,1525000
Maruti Swift,Maruti,Swift,14,65000,Dealer,petrol,Manual,,1197 CC,81.8 bhp,200Nm@ 1750rpm,5.0,170000
Renault KWID,Renault,KWID,4,50000,Individual,Petrol,Manual,23.01 kmpl,999 CC,67.0 bhp,190Nm@ 2000rpm,5.0,310000
Maruti Swift Dzire,Maruti,Swift Dzire,10,73704,Dealer,DIESEL,Manual,23.4 kmpl,1248 CC,74.0 bhp,200Nm@ 1750rpm,5.0,380000
Hyundai i10,Hyundai,i10,9,40000,  Individual ,Petrol,Manual,19.81 kmpl,1086 CC,68.05 bhp,250Nm@ 1500-2500rpm,5.0,350000
Maruti Ignis,Maruti,Ignis,3,25000,Individual,Petrol,Automatic,20.89 kmpl,1197 CC,81.8 bhp,24@ 1900(kgm@ rpm),5.0,580000
Hyundai Grand,Hyundai,Grand,8,43000,INDIVIDUAL,PETROL,Manual,18.9 kmpl,1197 CC,82.0 bhp,113Nm@ 4000rpm,5.0,355000
Hyundai i20,Hyundai,i20,4,49000,Dealer,Petrol,Manual,18.6 kmpl,1197 CC,,24@ 1900(kgm@ rpm),5.0,664000
Maruti Ertiga,Maruti,Ertiga,4,19000,DEALER,Diesel,Manual,,1248 CC,88.5 bhp,"12.7@ 2,700(kgm@ rpm)",7.0,895000
Maruti Alto,Maruti,Alto,9,70000,INDIVIDUAL,Petrol,Manual,22.74 kmpl,796 CC,47.3 bhp,250Nm@ 1500-2500rpm,5.0,150000
Hyundai Verna,Hyundai,Verna,3,48000,Dealer,Diesel,Automatic,22.0 kmpl,1582 CC,126.2 bhp,113Nm@ 4000rpm,5.0,1090000
Maruti Ertiga,Maruti,Ertiga,3,24000,DEALER,Petrol,Manual,19.34 kmpl,1462 CC,103.0 bhp,200Nm@ 1750rpm,7.0,875000
Skoda Octavia,Skoda,Octavia,11,300000,Individual,Diesel,Manual,18.7 kmpl,,66.0 bhp,,5.0,400000
Honda City,Honda,City,9,47000,Dealer,Petrol,Manual,17.0 kmpl,1497 CC,118.0 bhp,190Nm@ 2000rpm,5.0,420000
Maruti Swift,Maruti,Swift,4,68791,Dealer,Diesel,Manual,25.2 kmpl,1248 CC,74.0 bhp,250Nm@ 1500-2500rpm,5.0,510000
Tata Nexon,Tata,Nexon,4,25000,Individual,PETROL,Manual,17.0 kmpl,1198 CC,108.5 bhp,113Nm@ 4000rpm,5.0,900000
Renault KWID,Renault,KWID,5,40087,  Dealer ,Petrol,Manual,23.01 kmpl,999 CC,67.0 bhp,24@ 1900(kgm@ rpm),,310000
Hyundai i20,Hyundai,i20,7,48100,dealer,  Petrol ,Manual,18.6 kmpl,1197 CC,81.83 bhp,113Nm@ 4000rpm,5.0,495000
Hyundai i20,Hyundai,i20,7,100000,individual,Diesel,Manual,22.54 kmpl,1396 CC,88.73 bhp,91Nm@ 3500rpm,5.0,550000
Ford Figo,Ford,Figo,8,44000,Dealer,diesel,Manual,20.0 kmpl,1399 CC,68.1 bhp,24@ 1900(kgm@ rpm),5.0,235000
Maruti Ertiga,Maruti,Ertiga,6,90000,INDIVIDUAL,Diesel,Manual,20.77 kmpl,1248 CC,88.76 bhp,170Nm@ 1800-2400rpm,7.0,580000
Maruti Alto,Maruti,Alto,4,25000,INDIVIDUAL,Petrol,Manual,24.7 kmpl,796 CC,47.3 bhp,"12.7@ 2,700(kgm@ rpm)",5.0,275000
Mahindra Bolero,Mahindra,Bolero,7,120000,Individual,Diesel,Manual,15.96 kmpl,2523 CC,62.1 bhp,250Nm@ 1500-2500rpm,9.0,500000
Honda City,Honda,City,6,51000,Dealer,Petrol,Manual,17.8 kmpl,1497 CC,117.3 bhp,"12.7@ 2,700(kgm@ rpm)",5.0,525000
Renault Duster,Renault,Duster,8,250000,Individual,Diesel,Manual,20.45 kmpl,1461 CC,83.8 bhp,91Nm@ 3500rpm,5.0,550000
Hyundai Verna,Hyundai,Verna,8,50000,individual,PETROL,Manual,17.1 kmpl,1591 CC,121.3 bhp,113Nm@ 4000rpm,5.0,550000
Ford Ecosport,Ford,Ecosport,7,58000,Dealer,DIESEL,Manual,22.7 kmpl,1498 CC,89.84 bhp,91Nm@ 3500rpm,5.0,600000
Mahindra Scorpio,Mahindra,Scorpio,18,198565,Individual,diesel,Manual,10.5 kmpl,2179 CC,120.0 bhp,113Nm@ 4000rpm,8.0,150000
Maruti Baleno,Maruti,Baleno,5,23000,DEALER,Petrol,Automatic,21.4 kmpl,1197 CC,83.1 bhp,91Nm@ 3500rpm,5.0,650000
Ford Aspire,Ford,Aspire,4,70000,Individual,diesel,Manual,25.83 kmpl,1498 CC,99.0 bhp,24@ 1900(kgm@ rpm),5.0,500000
Hyundai i20,Hyundai,i20,6,30000,individual,Petrol,Manual,18.6 kmpl,1197 CC,81.83 bhp,91Nm@ 3500rpm,5.0,650000
Mahindra XUV500,Mahindra,XUV500,4,74000,dealer,Diesel,Manual,16.0 kmpl,2179 CC,140.0 bhp,91Nm@ 3500rpm,7.0,1300000
Maruti Ertiga,Maruti,Ertiga,9,67235,Dealer,DIESEL,Manual,25.47 kmpl,1248 CC,88.5 bhp,"12.7@ 2,700(kgm@ rpm)",7.0,610000
Hyundai i20,Hyundai,i20,6,52000,dealer,Petrol,Manual,18.6 kmpl,1197 CC,81.83 bhp,250Nm@ 1500-2500rpm,5.0,470000
Hyundai Creta,Hyundai,Creta,4,110000,INDIVIDUAL,DIESEL,Manual,19.67 kmpl,1582 CC,126.2 bhp,250Nm@ 1500-2500rpm,5.0,1050000
BMW 6,BMW,6,2,9651,Dealer,Diesel,Automatic,17.09 kmpl,2993 CC,261.4 bhp,"12.7@ 2,700(kgm@ rpm)",4.0,6475000
Maruti Swift Dzire,Maruti,Swift Dzire,1,22200,  Dealer ,Diesel,Automatic,28.4 kmpl,,74.02 bhp,,5.0,790000
Maruti Celerio,Maruti,Celerio,6,40000,  Dealer ,Petrol,Manual,21.63 kmpl,998 CC,67.04 bhp,190Nm@ 2000rpm,5.0,335000
Maruti Swift Dzire,Maruti,Swift Dzire,3,46000,Individual,Diesel,Manual,28.4 kmpl,1248 CC,74.02 bhp,170Nm@ 1800-2400rpm,5.0,750000
Maruti Ertiga,Maruti,Ertiga,7,26000,dealer,PETROL,Manual,16.02 kmpl,1373 CC,93.7 bhp,24@ 1900(kgm@ rpm),7.0,530000
Toyota Innova,Toyota,Innova,3,35000,Individual,diesel,Automatic,11.36 kmpl,2755 CC,171.5 bhp,91Nm@ 3500rpm,7.0,1800000
Maruti Swift,Maruti,Swift,11,27284,DEALER,PETROL,Manual,16.1 kmpl,1197 CC,85.0 bhp,170Nm@ 1800-2400rpm,5.0,291000
Ford Figo,Ford,Figo,10,73320,Dealer,Diesel,Manual,20.0 kmpl,1399 CC,68.0 bhp,190Nm@ 2000rpm,5.0,275000
Volkswagen Vento,Volkswagen,Vento,9,90000,INDIVIDUAL,Diesel,Manual,20.54 kmpl,1598 CC,103.6 bhp,"12.7@ 2,700(kgm@ rpm)",5.0,290000
Toyota Innova,Toyota,Innova,11,150000,Dealer,Diesel,Manual,12.8 kmpl,,102.0 bhp,,7.0,850000
Renault KWID,Renault,KWID,4,49000,Dealer,Petrol,Manual,25.17 kmpl,799 CC,53.3 bhp,170Nm@ 1800-2400rpm,5.0,298000
Maruti Alto,Maruti,Alto,4,25000,Individual,  Petrol ,Manual,24.7 kmpl,796 CC,47.3 bhp,200Nm@ 1750rpm,5.0,250000
Maruti Ignis,Maruti,Ignis,4,34489,Trustmark Dealer,Petrol,Automatic,20.89 kmpl,1197 CC,81.8 bhp,200Nm@ 1750rpm,5.0,550000
Hyundai i20,Hyundai,i20,5,70000,Individual,Diesel,Manual,22.54 kmpl,1396 CC,88.73 bhp,200Nm@ 1750rpm,5.0,680000
Ford Ecosport,Ford,Ecosport,8,60000,Dealer,Diesel,Manual,22.7 kmpl,1498 CC,89.84 bhp,"12.7@ 2,700(kgm@ rpm)",5.0,425000
Hyundai i20,Hyundai,i20,8,90000,individual,diesel,Manual,21.9 kmpl,1396 CC,88.76 bhp,190Nm@ 2000rpm,5.0,300000
Hyundai Grand,Hyundai,Grand,6,55000,Dealer,Petrol,Automatic,18.9 kmpl,1197 CC,82.0 bhp,24@ 1900(kgm@ rpm),5.0,525000
Maruti Swift Dzire,Maruti,Swift Dzire,8,200000,  Individual ,DIESEL,Manual,23.4 kmpl,1248 CC,74.0 bhp,190Nm@ 2000rpm,5.0,370000
Hyundai i10,Hyundai,i10,9,70000,Dealer,LPG,Manual,19.0 km/kg,1086 CC,68.1 bhp,170Nm@ 1800-2400rpm,5.0,285000
Hyundai Creta,Hyundai,Creta,4,7900,Dealer,Petrol,Manual,15.29 kmpl,1591 CC,,200Nm@ 1750rpm,5.0,1175000
Maruti Alto,Maruti,Alto,4,35000,INDIVIDUAL,Petrol,Manual,24.7 kmpl,796 CC,,200Nm@ 1750rpm,5.0,240000
Volkswagen Vento,Volkswagen,Vento,3,33000,Dealer,Diesel,Automatic,21.21 kmpl,1498 CC,103.2 bhp,24@ 1900(kgm@ rpm),5.0,925000
Hyundai Verna,Hyundai,Verna,10,58222,DEALER,DIESEL,Manual,,1582 CC,126.32 bhp,190Nm@ 2000rpm,5.0,421000
Tata Harrier,Tata,Harrier,2,15000,Individual,diesel,Manual,17.0 kmpl,1956 CC,138.1 bhp,24@ 1900(kgm@ rpm),5.0,1750000
Volkswagen Polo,Volkswagen,Polo,8,69000,dealer,Petrol,Manual,17.24 kmpl,1198 CC,73.9 bhp,"12.7@ 2,700(kgm@ rpm)",5.0,350000
Mahindra Bolero,Mahindra,Bolero,11,25000,INDIVIDUAL,  Diesel ,Manual,13.6 kmpl,2523 CC,63.0 bhp,,7.0,250000
Maruti Swift,Maruti,Swift,6,110000,individual,Diesel,Manual,25.2 kmpl,1248 CC,74.0 bhp,190Nm@ 2000rpm,5.0,500000
Mahindra XUV500,Mahindra,XUV500,3,54200,  Individual ,Diesel,Manual,15.1 kmpl,2179 CC,152.87 bhp,113Nm@ 4000rpm,7.0,1010000
Mahindra Bolero,Mahindra,Bolero,11,40000,Individual,Diesel,Manual,13.6 kmpl,2523 CC,63.0 bhp,24@ 1900(kgm@ rpm),7.0,380000
Hyundai Grand,Hyundai,Grand,3,62728,Individual,Petrol,Manual,18.9 kmpl,1197 CC,81.86 bhp,91Nm@ 3500rpm,5.0,475000
Ford Aspire,Ford,Aspire,6,79661,Dealer,DIESEL,Manual,25.83 kmpl,1498 CC,99.0 bhp,113Nm@ 4000rpm,5.0,570000
Hyundai Grand,Hyundai,Grand,2,80000,Individual,Petrol,Automatic,18.9 kmpl,1197 CC,81.86 bhp,250Nm@ 1500-2500rpm,5.0,510000
Mercedes-Benz C-Class,Mercedes-Benz,C-Class,10,45000,dealer,  Diesel ,Automatic,14.94 kmpl,2143 CC,204.0 bhp,"12.7@ 2,700(kgm@ rpm)",5.0,775000
Hyundai i10,Hyundai,i10,5,44633,Dealer,Petrol,Manual,19.81 kmpl,1086 CC,68.1 bhp,250Nm@ 1500-2500rpm,5.0,450000
BMW 3,BMW,3,13,96000,Individual,  Petrol ,Automatic,10.9 kmpl,2497 CC,215.0 bhp,250Nm@ 1500-2500rpm,5.0,1600000
BMW X1,BMW,X1,10,210000,Dealer,Diesel,Automatic,,1995 CC,184.0 bhp,"12.7@ 2,700(kgm@ rpm)",5.0,800000
Ford Figo,Ford,Figo,2,8073,trustmark dealer,Petrol,Manual,20.4 kmpl,1194 CC,94.93 bhp,250Nm@ 1500-2500rpm,5.0,575000
Volkswagen Polo,Volkswagen,Polo,5,43000,Dealer,PETROL,Manual,16.47 kmpl,1198 CC,73.9 bhp,250Nm@ 1500-2500rpm,5.0,550000
Audi A6,Audi,A6,7,52121,  Dealer ,Diesel,Automatic,17.68 kmpl,1968 CC,174.33 bhp,170Nm@ 1800-2400rpm,5.0,1700000
Toyota Innova,Toyota,Innova,6,113000,Dealer,DIESEL,Manual,12.99 kmpl,2494 CC,100.6 bhp,113Nm@ 4000rpm,7.0,1150000
Maruti Baleno,Maruti,Baleno,3,60000,Dealer,Diesel,Manual,27.39 kmpl,1248 CC,74.0 bhp,113Nm@ 4000rpm,5.0,850000
Maruti Swift Dzire,Maruti,Swift Dzire,7,70000,individual,Petrol,Manual,19.1 kmpl,1197 CC,85.8 bhp,170Nm@ 1800-2400rpm,5.0,384000
Maruti Ciaz,Maruti,Ciaz,5,59000,  Dealer ,Diesel,Manual,26.21 kmpl,1248 CC,88.5 bhp,190Nm@ 2000rpm,5.0,710000
Maruti Wagon R,Maruti,Wagon R,5,65000,Dealer,PETROL,Manual,18.9 kmpl,998 CC,67.1 bhp,190Nm@ 2000rpm,5.0,390000
Honda Jazz,Honda,Jazz,6,61000,dealer,Petrol,Manual,18.7 kmpl,1199 CC,88.7 bhp,250Nm@ 1500-2500rpm,5.0,495000
Maruti Alto,Maruti,Alto,4,10000,  Individual ,Petrol,Manual,23.95 kmpl,998 CC,67.1 bhp,250Nm@ 1500-2500rpm,5.0,340000
Toyota Fortuner,Toyota,Fortuner,4,67563,Dealer,  Diesel ,Automatic,12.9 kmpl,2755 CC,174.5 bhp,24@ 1900(kgm@ rpm),,2700000
Hyundai i20,Hyundai,i20,11,100000,Individual,Petrol,Manual,17.0 kmpl,1197 CC,80.0 bhp,113Nm@ 4000rpm,5.0,190000
Volkswagen Vento,Volkswagen,Vento,9,122628,Dealer,Diesel,Manual,20.54 kmpl,1598 CC,103.6 bhp,200Nm@ 1750rpm,5.0,320000
Mahindra Bolero,Mahindra,Bolero,9,40000,Individual,Diesel,Manual,15.96 kmpl,2523 CC,62.1 bhp,190Nm@ 2000rpm,7.0,500000
Maruti Eeco,Maruti,Eeco,2,29500,DEALER,Petrol,Manual,16.11 kmpl,1196 CC,72.42 bhp,250Nm@ 1500-2500rpm,5.0,424000
Maruti Alto,Maruti,Alto,5,36172,Dealer,Petrol,Manual,24.7 kmpl,796 CC,47.3 bhp,113Nm@ 4000rpm,5.0,270000
Maruti Baleno,Maruti,Baleno,5,90000,Individual,diesel,Manual,27.39 kmpl,1248 CC,74.0 bhp,"12.7@ 2,700(kgm@ rpm)",5.0,590000
Hyundai i20,Hyundai,i20,8,64735,DEALER,DIESEL,Manual,,1396 CC,88.76 bhp,170Nm@ 1800-2400rpm,5.0,325000
Toyota Camry,Toyota,Camry,6,65000,dealer,Petrol,Automatic,19.16 kmpl,2494 CC,158.2 bhp,"12.7@ 2,700(kgm@ rpm)",5.0,1699000
Honda Amaze,Honda,Amaze,6,21000,Dealer,Petrol,Manual,,1198 CC,86.7 bhp,"12.7@ 2,700(kgm@ rpm)",5.0,435000
Maruti Alto,Maruti,Alto,5,70000,INDIVIDUAL,PETROL,Manual,,796 CC,47.3 bhp,200Nm@ 1750rpm,5.0,250000
Hyundai i20,Hyundai,i20,3,72500,individual,Diesel,Manual,21.19 kmpl,1396 CC,88.73 bhp,,5.0,650000
Toyota Fortuner,Toyota,Fortuner,7,124998,Dealer,Diesel,Manual,11.5 kmpl,2982 CC,171.0 bhp,250Nm@ 1500-2500rpm,7.0,1800000
Mahindra Scorpio,Mahindra,Scorpio,4,30000,Individual,DIESEL,Manual,15.4 kmpl,1997 CC,120.0 bhp,170Nm@ 1800-2400rpm,7.0,1080000
Hyundai Grand,Hyundai,Grand,8,40000,Individual,Diesel,Manual,,1120 CC,70.0 bhp,24@ 1900(kgm@ rpm),5.0,350000
Maruti Baleno,Maruti,Baleno,3,20000,Individual,Diesel,Manual,27.39 kmpl,1248 CC,74.0 bhp,200Nm@ 1750rpm,5.0,750000
Maruti Alto,Maruti,Alto,5,45222,Dealer,CNG,Manual,30.46 km/kg,796 CC,47.3 bhp,170Nm@ 1800-2400rpm,5.0,299000
Volkswagen Polo,Volkswagen,Polo,6,30171,dealer,Petrol,Automatic,17.21 kmpl,1197 CC,103.6 bhp,"12.7@ 2,700(kgm@ rpm)",5.0,690000
Porsche Cayenne,Porsche,Cayenne,9,87000,Dealer,Diesel,Automatic,15.15 kmpl,2967 CC,240.0 bhp,24@ 1900(kgm@ rpm),5.0,4200000
Tata Nexon,Tata,Nexon,3,25000,INDIVIDUAL,  Diesel ,Manual,21.5 kmpl,1497 CC,108.5 bhp,24@ 1900(kgm@ rpm),5.0,1000000
Mahindra Scorpio,Mahindra,Scorpio,7,90000,Individual,Diesel,Manual,12.05 kmpl,2179 CC,120.0 bhp,190Nm@ 2000rpm,7.0,600000
Maruti Ignis,Maruti,Ignis,4,20000,individual,Petrol,Automatic,20.89 kmpl,1197 CC,81.8 bhp,200Nm@ 1750rpm,5.0,700000
Maruti Ertiga,Maruti,Ertiga,3,36352,Dealer,PETROL,Manual,19.34 kmpl,1462 CC,103.0 bhp,250Nm@ 1500-2500rpm,7.0,855000
Tata Nexon,Tata,Nexon,3,60000,Individual,Petrol,Manual,17.0 kmpl,1198 CC,108.5 bhp,"12.7@ 2,700(kgm@ rpm)",5.0,600000
Maruti Swift Dzire,Maruti,Swift Dzire,6,70000,INDIVIDUAL,Diesel,Manual,26.59 kmpl,1248 CC,74.0 bhp,24@ 1900(kgm@ rpm),5.0,500000
Maruti Wagon R,Maruti,Wagon R,6,65000,Dealer,Petrol,Automatic,21.79 kmpl,998 CC,67.05 bhp,24@ 1900(kgm@ rpm),5.0,550000
Renault KWID,Renault,KWID,3,10000,INDIVIDUAL,Petrol,Manual,,999 CC,67.0 bhp,"12.7@ 2,700(kgm@ rpm)",5.0,380000
Hyundai Tucson,Hyundai,Tucson,5,120000,Individual,  Diesel ,Automatic,16.38 kmpl,1995 CC,182.46 bhp,24@ 1900(kgm@ rpm),5.0,1680000
Hyundai Venue,Hyundai,Venue,2,34000,Dealer,PETROL,Automatic,,998 CC,118.35 bhp,250Nm@ 1500-2500rpm,5.0,1050000
Maruti Ertiga,Maruti,Ertiga,3,32000,DEALER,  Petrol ,Manual,17.5 kmpl,1373 CC,91.1 bhp,113Nm@ 4000rpm,,810000
Hyundai Verna,Hyundai,Verna,9,82000,dealer,Diesel,Manual,22.32 kmpl,1582 CC,126.32 bhp,250Nm@ 1500-2500rpm,5.0,545000
Maruti Ciaz,Maruti,Ciaz,1,5000,  Individual ,diesel,Manual,26.32 kmpl,1498 CC,93.87 bhp,250Nm@ 1500-2500rpm,5.0,900000
Honda Jazz,Honda,Jazz,4,26000,Dealer,petrol,Manual,18.7 kmpl,1199 CC,88.7 bhp,190Nm@ 2000rpm,5.0,635000
Hyundai i20,Hyundai,i20,7,30000,Individual,  Petrol ,Manual,18.6 kmpl,1197 CC,81.83 bhp,200Nm@ 1750rpm,5.0,470000
Ford Ecosport,Ford,Ecosport,5,56000,Dealer,diesel,Manual,23.0 kmpl,1498 CC,98.96 bhp,24@ 1900(kgm@ rpm),5.0,765000
Volkswagen Vento,Volkswagen,Vento,7,72806,Dealer,DIESEL,Manual,20.34 kmpl,1498 CC,103.2 bhp,113Nm@ 4000rpm,5.0,611000
Maruti Vitara,Maruti,Vitara,4,78000,individual,Diesel,Manual,24.3 kmpl,1248 CC,88.5 bhp,200Nm@ 1750rpm,5.0,725000
Datsun GO,Datsun,GO,6,30000,INDIVIDUAL,petrol,Manual,20.63 kmpl,1198 CC,67.0 bhp,200Nm@ 1750rpm,5.0,225000
Volkswagen Polo,Volkswagen,Polo,9,60000,DEALER,diesel,Manual,22.07 kmpl,1199 CC,73.9 bhp,113Nm@ 4000rpm,5.0,260000
Honda Jazz,Honda,Jazz,4,525000,Dealer,Petrol,Manual,18.7 kmpl,1199 CC,88.7 bhp,91Nm@ 3500rpm,5.0,525000
Volvo XC60,Volvo,XC60,9,99000,Dealer,Diesel,Automatic,14.7 kmpl,1985 CC,163.0 bhp,113Nm@ 4000rpm,5.0,1600000
Hyundai i20,Hyundai,i20,4,32000,Dealer,Petrol,Manual,18.6 kmpl,1197 CC,81.83 bhp,113Nm@ 4000rpm,5.0,595000
Ford Figo,Ford,Figo,9,70000,Individual,Diesel,Manual,20.0 kmpl,1399 CC,68.0 bhp,91Nm@ 3500rpm,5.0,195000
Hyundai Elantra,Hyundai,Elantra,5,32000,Dealer,Diesel,Automatic,18.23 kmpl,1582 CC,126.2 bhp,170Nm@ 1800-2400rpm,5.0,1375000
Honda City,Honda,City,10,58568,Dealer,petrol,Manual,16.8 kmpl,1497 CC,116.4 bhp,91Nm@ 3500rpm,5.0,350000
Jeep Compass,Jeep,Compass,2,29000,Dealer,Petrol,Manual,16.0 kmpl,1368 CC,160.0 bhp,113Nm@ 4000rpm,5.0,1430000
Maruti Swift Dzire,Maruti,Swift Dzire,5,50000,Individual,Diesel,Manual,26.59 kmpl,1248 CC,74.0 bhp,91Nm@ 3500rpm,5.0,600000
Hyundai i20,Hyundai,i20,4,25000,Individual,Petrol,Manual,18.6 kmpl,1197 CC,,113Nm@ 4000rpm,5.0,635000
Tata Tiago,Tata,Tiago,2,35000,individual,PETROL,Manual,23.84 kmpl,1199 CC,84.0 bhp,190Nm@ 2000rpm,5.0,490000
Maruti Celerio,Maruti,Celerio,6,11668,Individual,Petrol,Manual,23.1 kmpl,998 CC,67.04 bhp,,5.0,325000
Mercedes-Benz S-Class,Mercedes-Benz,S-Class,10,57000,dealer,petrol,Automatic,10.13 kmpl,3498 CC,364.9 bhp,113Nm@ 4000rpm,5.0,1850000
Honda Amaze,Honda,Amaze,3,12000,DEALER,petrol,Manual,17.8 kmpl,1198 CC,86.7 bhp,"12.7@ 2,700(kgm@ rpm)",,625000
Hyundai i20,Hyundai,i20,4,30000,Individual,PETROL,Manual,18.6 kmpl,1197 CC,81.83 bhp,24@ 1900(kgm@ rpm),5.0,635000
Mercedes-Benz CLS,Mercedes-Benz,CLS,7,8000,DEALER,  Petrol ,Automatic,9.26 kmpl,3498 CC,306.0 bhp,190Nm@ 2000rpm,4.0,4200000
Tata Tiago,Tata,Tiago,3,60000,Individual,DIESEL,Manual,27.28 kmpl,1047 CC,69.0 bhp,250Nm@ 1500-2500rpm,5.0,375000
Renault KWID,Renault,KWID,2,5700,  Dealer ,PETROL,Manual,23.01 kmpl,999 CC,67.0 bhp,190Nm@ 2000rpm,5.0,360000
Honda WR-V,Honda,WR-V,3,19000,Dealer,Petrol,Manual,17.5 kmpl,1199 CC,88.7 bhp,190Nm@ 2000rpm,5.0,795000
Maruti Swift,Maruti,Swift,2,25500,  Individual ,Petrol,Manual,21.21 kmpl,1197 CC,81.8 bhp,190Nm@ 2000rpm,5.0,600000
Maruti Alto,Maruti,Alto,13,30000,Individual,petrol,Manual,19.7 kmpl,796 CC,46.3 bhp,113Nm@ 4000rpm,5.0,200000
Maruti Swift,Maruti,Swift,3,20000,Individual,diesel,Manual,28.4 kmpl,1248 CC,74.0 bhp,170Nm@ 1800-2400rpm,5.0,790000
Maruti Swift Dzire,Maruti,Swift Dzire,3,48000,  Dealer ,  Petrol ,Automatic,21.21 kmpl,1197 CC,81.8 bhp,170Nm@ 1800-2400rpm,5.0,765000
Volkswagen Vento,Volkswagen,Vento,9,120000,Individual,Diesel,Manual,,1598 CC,103.6 bhp,250Nm@ 1500-2500rpm,5.0,300000
Hyundai Creta,Hyundai,Creta,5,50000,INDIVIDUAL,Diesel,Manual,19.67 kmpl,,126.2 bhp,,5.0,750000
Hyundai i20,Hyundai,i20,6,53000,dealer,PETROL,Manual,,1197 CC,81.83 bhp,113Nm@ 4000rpm,5.0,599000
Hyundai i10,Hyundai,i10,7,36971,  Dealer ,petrol,Manual,,1086 CC,68.05 bhp,"12.7@ 2,700(kgm@ rpm)",5.0,310000
Maruti Swift,Maruti,Swift,6,61000,  Dealer ,DIESEL,Manual,28.4 kmpl,1248 CC,74.0 bhp,200Nm@ 1750rpm,5.0,450000
Skoda Rapid,Skoda,Rapid,6,45000,dealer,Diesel,Manual,20.5 kmpl,1598 CC,103.5 bhp,190Nm@ 2000rpm,5.0,400000
Ford Ecosport,Ford,Ecosport,5,41500,Dealer,Petrol,Automatic,15.63 kmpl,1499 CC,110.4 bhp,200Nm@ 1750rpm,5.0,649000
Volkswagen Polo,Volkswagen,Polo,5,72000,Dealer,Diesel,Manual,20.14 kmpl,1498 CC,88.0 bhp,"12.7@ 2,700(kgm@ rpm)",5.0,650000
Maruti Alto,Maruti,Alto,3,59000,Dealer,CNG,Manual,33.44 km/kg,796 CC,40.3 bhp,"12.7@ 2,700(kgm@ rpm)",4.0,300000
Maruti Swift,Maruti,Swift,9,60000,Dealer,Diesel,Manual,17.8 kmpl,1248 CC,,24@ 1900(kgm@ rpm),5.0,395000
Hyundai Verna,Hyundai,Verna,7,78000,Dealer,  Diesel ,Manual,22.32 kmpl,1582 CC,126.32 bhp,250Nm@ 1500-2500rpm,5.0,670000
Maruti Alto,Maruti,Alto,6,50000,  Individual ,PETROL,Manual,22.74 kmpl,796 CC,47.3 bhp,200Nm@ 1750rpm,5.0,220000
Toyota Innova,Toyota,Innova,7,162000,Individual,Diesel,Manual,12.99 kmpl,2494 CC,100.6 bhp,250Nm@ 1500-2500rpm,7.0,750000
Hyundai i20,Hyundai,i20,3,38000,Dealer,Diesel,Manual,22.54 kmpl,1396 CC,88.76 bhp,,5.0,875000
Datsun GO,Datsun,GO,6,30000,Individual,  Petrol ,Manual,20.63 kmpl,1198 CC,67.0 bhp,190Nm@ 2000rpm,5.0,276000
Hyundai Verna,Hyundai,Verna,2,14200,  Dealer ,Petrol,Manual,17.0 kmpl,1591 CC,121.3 bhp,190Nm@ 2000rpm,5.0,945000
Mahindra Bolero,Mahindra,Bolero,10,120000,Individual,Diesel,Manual,13.6 kmpl,2523 CC,63.0 bhp,190Nm@ 2000rpm,7.0,400000
Maruti Ertiga,Maruti,Ertiga,6,55000,  Dealer ,  Diesel ,Manual,20.77 kmpl,1248 CC,88.76 bhp,113Nm@ 4000rpm,7.0,735000
Honda City,Honda,City,3,43181,Dealer,diesel,Manual,25.6 kmpl,1498 CC,97.9 bhp,"12.7@ 2,700(kgm@ rpm)",5.0,1225000
Mahindra Scorpio,Mahindra,Scorpio,4,22500,INDIVIDUAL,Diesel,Manual,16.36 kmpl,2179 CC,140.0 bhp,190Nm@ 2000rpm,7.0,1465000
Maruti Wagon R,Maruti,Wagon R,16,90000,individual,Petrol,Manual,14.0 kmpl,1061 CC,64.0 bhp,24@ 1900(kgm@ rpm),5.0,115000
Hyundai Grand,Hyundai,Grand,5,41473,Dealer,Petrol,Manual,,1197 CC,82.0 bhp,"12.7@ 2,700(kgm@ rpm)",5.0,550000
Maruti Wagon R,Maruti,Wagon R,16,50000,Individual,Petrol,Manual,,998 CC,67.1 bhp,91Nm@ 3500rpm,5.0,75000
Hyundai Creta,Hyundai,Creta,3,73249,Dealer,Diesel,Manual,21.38 kmpl,1396 CC,88.7 bhp,190Nm@ 2000rpm,5.0,865000
Maruti Baleno,Maruti,Baleno,4,70000,Individual,petrol,Manual,21.4 kmpl,1197 CC,83.1 bhp,"12.7@ 2,700(kgm@ rpm)",5.0,625000
Maruti Swift,Maruti,Swift,10,99008,  Dealer ,Diesel,Manual,,,74.0 bhp,,5.0,350000
Maruti Alto,Maruti,Alto,6,30000,INDIVIDUAL,Petrol,Manual,22.74 kmpl,796 CC,47.3 bhp,200Nm@ 1750rpm,5.0,210000
Honda Amaze,Honda,Amaze,8,73100,Dealer,Diesel,Manual,,1498 CC,98.6 bhp,91Nm@ 3500rpm,5.0,324000
Maruti Swift,Maruti,Swift,8,53569,dealer,Diesel,Manual,22.9 kmpl,1248 CC,74.0 bhp,200Nm@ 1750rpm,5.0,285000
Honda Amaze,Honda,Amaze,4,22345,dealer,Petrol,Manual,17.8 kmpl,1198 CC,86.7 bhp,113Nm@ 4000rpm,5.0,580000
Hyundai i10,Hyundai,i10,14,55756,Dealer,Petrol,Manual,19.81 kmpl,1086 CC,68.05 bhp,24@ 1900(kgm@ rpm),5.0,200000
Maruti Celerio,Maruti,Celerio,3,14500,Individual,petrol,Manual,23.1 kmpl,998 CC,67.04 bhp,113Nm@ 4000rpm,5.0,400000
Hyundai i20,Hyundai,i20,6,70000,Individual,  Diesel ,Manual,22.54 kmpl,1396 CC,88.73 bhp,"12.7@ 2,700(kgm@ rpm)",5.0,545000
Maruti Eeco,Maruti,Eeco,2,1500,Individual,Petrol,Manual,15.37 kmpl,1196 CC,73.0 bhp,24@ 1900(kgm@ rpm),5.0,380000
Mercedes-Benz C-Class,Mercedes-Benz,C-Class,2,9000,DEALER,Diesel,Automatic,19.27 kmpl,2143 CC,,"12.7@ 2,700(kgm@ rpm)",5.0,3950000
Toyota Innova,Toyota,Innova,9,120000,Individual,Diesel,Manual,12.8 kmpl,2494 CC,102.0 bhp,190Nm@ 2000rpm,8.0,875000
Maruti Swift,Maruti,Swift,8,32000,individual,Petrol,Manual,18.6 kmpl,1197 CC,85.8 bhp,24@ 1900(kgm@ rpm),5.0,475000
Hyundai Grand,Hyundai,Grand,2,30000,individual,Petrol,Manual,18.9 kmpl,1197 CC,,24@ 1900(kgm@ rpm),5.0,600000
Renault Duster,Renault,Duster,4,85000,DEALER,Diesel,Automatic,19.87 kmpl,1461 CC,108.5 bhp,250Nm@ 1500-2500rpm,5.0,690000
Maruti Eeco,Maruti,Eeco,11,10000,Individual,petrol,Manual,15.37 kmpl,1196 CC,73.0 bhp,113Nm@ 4000rpm,5.0,208000
Maruti Alto,Maruti,Alto,11,69000,  Dealer ,  Petrol ,Manual,20.92 kmpl,,67.1 bhp,,5.0,150000
Mini Cooper,Mini,Cooper,7,29000,Dealer,Diesel,Automatic,23.8 kmpl,1998 CC,112.0 bhp,91Nm@ 3500rpm,5.0,1750000
Mahindra XUV300,Mahindra,XUV300,2,13000,Dealer,DIESEL,Manual,20.0 kmpl,1497 CC,115.0 bhp,91Nm@ 3500rpm,5.0,895000
Ford Figo,Ford,Figo,4,19093,TRUSTMARK DEALER,Petrol,Manual,18.16 kmpl,1196 CC,86.8 bhp,"12.7@ 2,700(kgm@ rpm)",5.0,525000
Skoda Rapid,Skoda,Rapid,7,63063,Dealer,Diesel,Manual,20.5 kmpl,1598 CC,103.5 bhp,113Nm@ 4000rpm,5.0,495000
Mahindra XUV500,Mahindra,XUV500,8,50000,Dealer,Diesel,Manual,15.1 kmpl,2179 CC,140.0 bhp,91Nm@ 3500rpm,7.0,621000
Maruti Wagon R,Maruti,Wagon R,5,70000,  Individual ,  Petrol ,Automatic,20.51 kmpl,998 CC,67.0 bhp,113Nm@ 4000rpm,5.0,420000
Mahindra Marazzo,Mahindra,Marazzo,2,25000,Dealer,Diesel,Manual,17.3 kmpl,1497 CC,121.0 bhp,91Nm@ 3500rpm,8.0,800000
Hyundai i20,Hyundai,i20,3,35575,dealer,DIESEL,Manual,22.54 kmpl,1396 CC,88.73 bhp,170Nm@ 1800-2400rpm,5.0,710000
Volkswagen Polo,Volkswagen,Polo,8,56000,Dealer,Petrol,Manual,16.47 kmpl,1198 CC,73.9 bhp,200Nm@ 1750rpm,5.0,355000
Honda WR-V,Honda,WR-V,3,17000,  Dealer ,Petrol,Manual,17.5 kmpl,1199 CC,88.7 bhp,24@ 1900(kgm@ rpm),5.0,900000
Hyundai Grand,Hyundai,Grand,5,23300,Dealer,Petrol,Manual,,1197 CC,82.0 bhp,250Nm@ 1500-2500rpm,5.0,395000
Maruti Baleno,Maruti,Baleno,2,12705,Dealer,petrol,Manual,21.01 kmpl,1197 CC,81.8 bhp,200Nm@ 1750rpm,5.0,775000
Ford Ecosport,Ford,Ecosport,5,35200,  Dealer ,  Petrol ,Automatic,14.7 kmpl,1496 CC,120.69 bhp,91Nm@ 3500rpm,5.0,725000
Maruti Swift Dzire,Maruti,Swift Dzire,8,79000,DEALER,DIESEL,Manual,23.4 kmpl,1248 CC,74.0 bhp,200Nm@ 1750rpm,5.0,486000
Maruti Baleno,Maruti,Baleno,4,50000,individual,Diesel,Manual,27.39 kmpl,1248 CC,74.0 bhp,200Nm@ 1750rpm,5.0,560000
Ford Ecosport,Ford,Ecosport,7,57000,  Dealer ,  Diesel ,Manual,22.7 kmpl,1498 CC,89.84 bhp,190Nm@ 2000rpm,5.0,735000
Maruti Swift,Maruti,Swift,6,75000,Dealer,diesel,Manual,28.4 kmpl,1248 CC,74.0 bhp,113Nm@ 4000rpm,5.0,425000
Honda Amaze,Honda,Amaze,8,75000,dealer,Diesel,Manual,25.8 kmpl,1498 CC,98.6 bhp,200Nm@ 1750rpm,5.0,350000
Ford Ecosport,Ford,Ecosport,5,33000,Dealer,  Petrol ,Manual,15.85 kmpl,1499 CC,110.4 bhp,170Nm@ 1800-2400rpm,5.0,550000
BMW 7,BMW,7,3,19100,Dealer,Diesel,Automatic,16.77 kmpl,2993 CC,261.49 bhp,"12.7@ 2,700(kgm@ rpm)",5.0,7975000
Honda City,Honda,City,10,40833,Dealer,Petrol,Automatic,16.8 kmpl,1497 CC,118.0 bhp,170Nm@ 1800-2400rpm,5.0,375000
Renault KWID,Renault,KWID,2,13000,DEALER,petrol,Manual,23.01 kmpl,999 CC,67.0 bhp,"12.7@ 2,700(kgm@ rpm)",5.0,445000
Skoda Rapid,Skoda,Rapid,5,50000,  Dealer ,Petrol,Automatic,14.3 kmpl,1598 CC,103.52 bhp,200Nm@ 1750rpm,5.0,645000
Maruti Ertiga,Maruti,Ertiga,5,86000,  Individual ,DIESEL,Manual,24.52 kmpl,1248 CC,88.5 bhp,24@ 1900(kgm@ rpm),7.0,700000
Maruti Eeco,Maruti,Eeco,2,13500,individual,Petrol,Manual,15.37 kmpl,1196 CC,73.0 bhp,200Nm@ 1750rpm,5.0,420000
Hyundai Santro,Hyundai,Santro,2,10000,Individual,  Petrol ,Automatic,20.3 kmpl,1086 CC,68.0 bhp,250Nm@ 1500-2500rpm,5.0,575000
Maruti Ciaz,Maruti,Ciaz,5,103000,Individual,diesel,Manual,28.09 kmpl,1248 CC,,91Nm@ 3500rpm,5.0,745000
Maruti Alto,Maruti,Alto,4,22000,Individual,Petrol,Manual,23.95 kmpl,998 CC,67.05 bhp,190Nm@ 2000rpm,5.0,335000
Maruti Wagon R,Maruti,Wagon R,13,67000,Dealer,Petrol,Manual,21.79 kmpl,998 CC,67.05 bhp,24@ 1900(kgm@ rpm),5.0,129000
Maruti Swift Dzire,Maruti,Swift Dzire,6,105240,dealer,diesel,Manual,23.4 kmpl,1248 CC,74.0 bhp,113Nm@ 4000rpm,5.0,530000
Maruti Swift,Maruti,Swift,10,32000,Dealer,Petrol,Manual,18.6 kmpl,1197 CC,85.8 bhp,113Nm@ 4000rpm,5.0,350000
Renault Duster,Renault,Duster,6,56000,Dealer,Diesel,Manual,20.46 kmpl,1461 CC,,190Nm@ 2000rpm,5.0,440000
Honda City,Honda,City,4,45000,Dealer,Petrol,Manual,17.4 kmpl,1497 CC,117.6 bhp,91Nm@ 3500rpm,5.0,790000
Hyundai i20,Hyundai,i20,3,29000,Individual,Petrol,Manual,18.6 kmpl,1197 CC,81.83 bhp,"12.7@ 2,700(kgm@ rpm)",5.0,530000
Mini Cooper,Mini,Cooper,7,55000,Dealer,diesel,Automatic,23.8 kmpl,1998 CC,112.0 bhp,170Nm@ 1800-2400rpm,5.0,1600000
Volkswagen Vento,Volkswagen,Vento,4,37959,Dealer,PETROL,Automatic,18.19 kmpl,1197 CC,103.2 bhp,170Nm@ 1800-2400rpm,5.0,850000
Lexus ES,Lexus,ES,4,33000,dealer,Petrol,Automatic,22.37 kmpl,2487 CC,214.56 bhp,113Nm@ 4000rpm,5.0,4100000
Maruti Swift Dzire,Maruti,Swift Dzire,8,50205,TRUSTMARK DEALER,  Diesel ,Manual,23.4 kmpl,1248 CC,74.0 bhp,91Nm@ 3500rpm,5.0,390000
Volkswagen Polo,Volkswagen,Polo,10,49000,Dealer,petrol,Manual,16.47 kmpl,1198 CC,73.9 bhp,200Nm@ 1750rpm,5.0,285000
Hyundai Verna,Hyundai,Verna,5,32615,Dealer,  Diesel ,Manual,23.9 kmpl,,126.2 bhp,,5.0,850000
Honda Amaze,Honda,Amaze,5,48649,  Dealer ,Diesel,Manual,25.8 kmpl,1498 CC,98.6 bhp,190Nm@ 2000rpm,5.0,500000
Renault KWID,Renault,KWID,6,68000,DEALER,Petrol,Manual,25.17 kmpl,799 CC,53.3 bhp,200Nm@ 1750rpm,5.0,325000
Hyundai Creta,Hyundai,Creta,5,40000,Individual,diesel,Automatic,17.01 kmpl,1582 CC,126.2 bhp,"12.7@ 2,700(kgm@ rpm)",5.0,1050000
Mercedes-Benz E-Class,Mercedes-Benz,E-Class,7,30000,Dealer,Diesel,Automatic,13.0 kmpl,2143 CC,201.1 bhp,113Nm@ 4000rpm,5.0,2950000
Hyundai Creta,Hyundai,Creta,5,25286,dealer,petrol,Automatic,13.0 kmpl,1591 CC,121.3 bhp,190Nm@ 2000rpm,5.0,1025000
Maruti Eeco,Maruti,Eeco,5,15000,Individual,petrol,Manual,15.37 kmpl,1196 CC,73.0 bhp,250Nm@ 1500-2500rpm,5.0,350000
Hyundai Verna,Hyundai,Verna,8,60000,Individual,Diesel,Manual,22.32 kmpl,1582 CC,126.3 bhp,"12.7@ 2,700(kgm@ rpm)",5.0,400000
Maruti Swift Dzire,Maruti,Swift Dzire,8,80000,INDIVIDUAL,Diesel,Manual,23.4 kmpl,1248 CC,74.0 bhp,170Nm@ 1800-2400rpm,5.0,401000
Maruti Alto,Maruti,Alto,13,40000,INDIVIDUAL,  Petrol ,Manual,,796 CC,46.3 bhp,"12.7@ 2,700(kgm@ rpm)",5.0,100000
Honda City,Honda,City,7,73000,Dealer,diesel,Manual,26.0 kmpl,1498 CC,98.6 bhp,190Nm@ 2000rpm,5.0,625000
Maruti Alto,Maruti,Alto,5,50000,Individual,Petrol,Manual,22.74 kmpl,796 CC,47.3 bhp,"12.7@ 2,700(kgm@ rpm)",5.0,200000
Toyota Innova,Toyota,Innova,13,143448,Dealer,Diesel,Manual,12.8 kmpl,2494 CC,102.0 bhp,250Nm@ 1500-2500rpm,7.0,700000
Maruti Ignis,Maruti,Ignis,4,35000,DEALER,Petrol,Manual,20.89 kmpl,1197 CC,81.8 bhp,"12.7@ 2,700(kgm@ rpm)",,575000
Hyundai i20,Hyundai,i20,5,50000,INDIVIDUAL,  Petrol ,Manual,18.6 kmpl,1197 CC,81.83 bhp,24@ 1900(kgm@ rpm),5.0,540000
Renault KWID,Renault,KWID,4,8500,INDIVIDUAL,  Petrol ,Manual,25.17 kmpl,799 CC,53.3 bhp,91Nm@ 3500rpm,5.0,325000
Tata Safari,Tata,Safari,10,140000,individual,Diesel,Manual,13.93 kmpl,2179 CC,138.03 bhp,24@ 1900(kgm@ rpm),7.0,215000
Maruti Swift Dzire,Maruti,Swift Dzire,5,45000,dealer,Diesel,Automatic,26.59 kmpl,1248 CC,74.0 bhp,24@ 1900(kgm@ rpm),5.0,695000
Datsun RediGO,Datsun,RediGO,3,25000,Individual,Petrol,Manual,22.7 kmpl,799 CC,53.64 bhp,113Nm@ 4000rpm,5.0,225000
Ford Ecosport,Ford,Ecosport,8,69141,Dealer,Diesel,Manual,22.7 kmpl,1498 CC,89.84 bhp,24@ 1900(kgm@ rpm),5.0,525000
Maruti Wagon R,Maruti,Wagon R,6,64000,dealer,CNG,Manual,26.2 km/kg,998 CC,58.2 bhp,24@ 1900(kgm@ rpm),5.0,390000
Maruti Alto,Maruti,Alto,14,60235,Dealer,Petrol,Manual,19.7 kmpl,796 CC,46.3 bhp,,5.0,100000
Hyundai i20,Hyundai,i20,4,25000,Dealer,Diesel,Manual,21.19 kmpl,1396 CC,88.73 bhp,91Nm@ 3500rpm,5.0,771000
Maruti Ciaz,Maruti,Ciaz,4,47000,Dealer,DIESEL,Manual,28.09 kmpl,1248 CC,88.5 bhp,170Nm@ 1800-2400rpm,5.0,700000
Maruti Swift,Maruti,Swift,8,51405,  Dealer ,  Diesel ,Manual,28.4 kmpl,1248 CC,74.0 bhp,190Nm@ 2000rpm,,345000
Honda City,Honda,City,6,37000,dealer,petrol,Manual,17.4 kmpl,1497 CC,117.3 bhp,190Nm@ 2000rpm,5.0,715000
Maruti Swift,Maruti,Swift,7,43528,dealer,Diesel,Manual,28.4 kmpl,1248 CC,74.0 bhp,200Nm@ 1750rpm,5.0,545000
Mahindra XUV500,Mahindra,XUV500,4,20000,INDIVIDUAL,Diesel,Automatic,16.0 kmpl,1997 CC,140.0 bhp,91Nm@ 3500rpm,7.0,1350000
Maruti Wagon R,Maruti,Wagon R,4,18000,Dealer,Petrol,Manual,20.51 kmpl,998 CC,67.04 bhp,190Nm@ 2000rpm,5.0,475000
Datsun RediGO,Datsun,RediGO,3,25000,  Individual ,Petrol,Manual,22.7 kmpl,799 CC,53.64 bhp,"12.7@ 2,700(kgm@ rpm)",5.0,250000
Honda City,Honda,City,6,38200,Dealer,Petrol,Manual,17.4 kmpl,1497 CC,117.3 bhp,200Nm@ 1750rpm,5.0,589000
Honda City,Honda,City,6,57000,Dealer,Diesel,Manual,26.0 kmpl,1498 CC,98.6 bhp,113Nm@ 4000rpm,5.0,525000
BMW 3,BMW,3,4,33000,DEALER,DIESEL,Automatic,19.59 kmpl,1995 CC,187.74 bhp,91Nm@ 3500rpm,5.0,3450000
Ford Figo,Ford,Figo,4,59819,DEALER,  Petrol ,Manual,,1196 CC,86.8 bhp,190Nm@ 2000rpm,5.0,575000
Maruti Ertiga,Maruti,Ertiga,4,20564,  Dealer ,CNG,Manual,26.8 km/kg,1462 CC,103.0 bhp,24@ 1900(kgm@ rpm),7.0,812000
Maruti Wagon R,Maruti,Wagon R,6,71000,  Dealer ,CNG,Manual,26.6 km/kg,998 CC,58.16 bhp,113Nm@ 4000rpm,5.0,285000
Toyota Fortuner,Toyota,Fortuner,6,110000,Individual,Diesel,Automatic,,2982 CC,168.5 bhp,"12.7@ 2,700(kgm@ rpm)",7.0,2200000
Hyundai i20,Hyundai,i20,7,40000,INDIVIDUAL,DIESEL,Manual,22.54 kmpl,1396 CC,88.73 bhp,"12.7@ 2,700(kgm@ rpm)",5.0,400000
Toyota Fortuner,Toyota,Fortuner,6,120000,Individual,DIESEL,Manual,12.55 kmpl,2982 CC,168.5 bhp,250Nm@ 1500-2500rpm,7.0,1600000
Honda City,Honda,City,4,19000,INDIVIDUAL,PETROL,Manual,17.8 kmpl,1497 CC,,200Nm@ 1750rpm,5.0,850000
Maruti Celerio,Maruti,Celerio,4,68000,dealer,  CNG ,Manual,,998 CC,58.33 bhp,"12.7@ 2,700(kgm@ rpm)",5.0,475000
Hyundai Grand,Hyundai,Grand,6,40103,dealer,Petrol,Manual,18.9 kmpl,1197 CC,82.0 bhp,190Nm@ 2000rpm,,440000
Maruti Ertiga,Maruti,Ertiga,8,81754,dealer,diesel,Manual,20.77 kmpl,1248 CC,88.76 bhp,250Nm@ 1500-2500rpm,7.0,670000
Mercedes-Benz E-Class,Mercedes-Benz,E-Class,7,65000,Individual,Diesel,Automatic,13.0 kmpl,2143 CC,204.0 bhp,250Nm@ 1500-2500rpm,5.0,2250000
Maruti Swift Dzire,Maruti,Swift Dzire,6,120000,Individual,  Petrol ,Manual,19.0 kmpl,1197 CC,85.8 bhp,170Nm@ 1800-2400rpm,5.0,200000
Hyundai Grand,Hyundai,Grand,3,9800,Dealer,  Diesel ,Manual,24.0 kmpl,1186 CC,73.97 bhp,190Nm@ 2000rpm,5.0,685000
Mercedes-Benz GL-Class,Mercedes-Benz,GL-Class,7,90000,  Dealer ,  Diesel ,Automatic,12.0 kmpl,2987 CC,224.0 bhp,170Nm@ 1800-2400rpm,7.0,3200000
Maruti Ciaz,Maruti,Ciaz,5,71000,Dealer,PETROL,Manual,20.73 kmpl,1373 CC,91.1 bhp,190Nm@ 2000rpm,5.0,600000
Maruti Alto,Maruti,Alto,5,50000,Individual,PETROL,Manual,24.7 kmpl,796 CC,47.3 bhp,24@ 1900(kgm@ rpm),5.0,240000
Maruti Ciaz,Maruti,Ciaz,2,15260,Dealer,DIESEL,Manual,28.09 kmpl,1248 CC,88.5 bhp,,5.0,1095000
Hyundai Verna,Hyundai,Verna,6,72600,INDIVIDUAL,  Petrol ,Manual,17.01 kmpl,1591 CC,121.4 bhp,24@ 1900(kgm@ rpm),5.0,525000
Honda Jazz,Honda,Jazz,6,60000,dealer,Petrol,Manual,18.7 kmpl,1199 CC,88.7 bhp,24@ 1900(kgm@ rpm),5.0,495000
Hyundai i20,Hyundai,i20,12,50000,Individual,PETROL,Manual,,1197 CC,80.0 bhp,200Nm@ 1750rpm,5.0,300000
Hyundai i20,Hyundai,i20,4,35000,  Individual ,Petrol,Manual,18.6 kmpl,1197 CC,81.83 bhp,250Nm@ 1500-2500rpm,5.0,550000
Honda Amaze,Honda,Amaze,3,15000,individual,Petrol,Automatic,18.1 kmpl,1199 CC,,250Nm@ 1500-2500rpm,5.0,550000
Hyundai i20,Hyundai,i20,7,24000,  Individual ,  Petrol ,Manual,18.6 kmpl,1197 CC,81.83 bhp,91Nm@ 3500rpm,5.0,500000
Maruti Swift,Maruti,Swift,11,70000,Individual,petrol,Manual,16.1 kmpl,1197 CC,85.0 bhp,200Nm@ 1750rpm,5.0,225000
Honda City,Honda,City,4,29000,Dealer,Petrol,Manual,17.8 kmpl,1497 CC,,200Nm@ 1750rpm,5.0,1025000
Honda WR-V,Honda,WR-V,4,22000,  Dealer ,DIESEL,Manual,25.5 kmpl,1498 CC,98.6 bhp,200Nm@ 1750rpm,5.0,890000
Maruti Alto,Maruti,Alto,16,90000,Individual,Petrol,Manual,19.7 kmpl,796 CC,46.3 bhp,190Nm@ 2000rpm,5.0,90000
Honda City,Honda,City,10,60000,DEALER,Petrol,Manual,17.0 kmpl,1497 CC,118.0 bhp,91Nm@ 3500rpm,5.0,365000
Honda City,Honda,City,6,63595,Dealer,Diesel,Manual,26.0 kmpl,1498 CC,98.6 bhp,190Nm@ 2000rpm,5.0,440000
Renault Duster,Renault,Duster,6,60000,Dealer,Diesel,Manual,19.87 kmpl,1461 CC,84.0 bhp,"12.7@ 2,700(kgm@ rpm)",5.0,500000
Hyundai i10,Hyundai,i10,6,15000,Individual,Petrol,Manual,19.81 kmpl,1086 CC,68.05 bhp,"12.7@ 2,700(kgm@ rpm)",5.0,330000
Maruti Wagon R,Maruti,Wagon R,8,58000,Dealer,Petrol,Manual,18.9 kmpl,998 CC,67.1 bhp,"12.7@ 2,700(kgm@ rpm)",5.0,248000
Maruti Ertiga,Maruti,Ertiga,5,132000,Individual,DIESEL,Manual,24.52 kmpl,1248 CC,88.5 bhp,"12.7@ 2,700(kgm@ rpm)",7.0,800000
Maruti Baleno,Maruti,Baleno,3,21000,Dealer,Petrol,Manual,21.4 kmpl,1197 CC,,250Nm@ 1500-2500rpm,5.0,590000
Volkswagen Vento,Volkswagen,Vento,7,59484,  Dealer ,Petrol,Manual,15.04 kmpl,1598 CC,103.2 bhp,250Nm@ 1500-2500rpm,5.0,465000
Maruti Swift,Maruti,Swift,7,70000,Individual,Diesel,Manual,25.2 kmpl,1248 CC,74.0 bhp,190Nm@ 2000rpm,5.0,350000
Hyundai Santro,Hyundai,Santro,13,79000,dealer,Petrol,Manual,17.92 kmpl,1086 CC,62.1 bhp,170Nm@ 1800-2400rpm,5.0,125000
Maruti Vitara,Maruti,Vitara,2,25000,Individual,Diesel,Manual,24.3 kmpl,1248 CC,,190Nm@ 2000rpm,5.0,800000
Volkswagen Vento,Volkswagen,Vento,7,96000,INDIVIDUAL,Petrol,Manual,15.04 kmpl,1598 CC,103.2 bhp,113Nm@ 4000rpm,5.0,390000
Maruti Alto,Maruti,Alto,6,20000,Individual,Petrol,Manual,23.95 kmpl,998 CC,67.05 bhp,170Nm@ 1800-2400rpm,5.0,200000
Land Rover Rover,Land Rover,Rover,8,51000,DEALER,diesel,Automatic,12.7 kmpl,2179 CC,187.7 bhp,113Nm@ 4000rpm,5.0,4900000
Maruti Ignis,Maruti,Ignis,3,19000,Dealer,petrol,Automatic,20.89 kmpl,1197 CC,81.8 bhp,24@ 1900(kgm@ rpm),5.0,625000
Maruti Swift,Maruti,Swift,6,52000,  Dealer ,PETROL,Manual,20.4 kmpl,1197 CC,81.8 bhp,200Nm@ 1750rpm,5.0,435000
Hyundai Creta,Hyundai,Creta,6,76000,Dealer,Diesel,Manual,19.67 kmpl,1582 CC,126.2 bhp,113Nm@ 4000rpm,5.0,800000
Renault Duster,Renault,Duster,8,49400,DEALER,Diesel,Manual,19.01 kmpl,1461 CC,,"12.7@ 2,700(kgm@ rpm)",5.0,570000
Hyundai i20,Hyundai,i20,7,44000,Individual,PETROL,Manual,18.5 kmpl,1197 CC,82.85 bhp,170Nm@ 1800-2400rpm,5.0,550000
Maruti Ciaz,Maruti,Ciaz,6,60000,Individual,DIESEL,Manual,28.09 kmpl,1248 CC,88.5 bhp,113Nm@ 4000rpm,5.0,700000
Honda WR-V,Honda,WR-V,3,25000,individual,Diesel,Manual,25.5 kmpl,1498 CC,98.6 bhp,"12.7@ 2,700(kgm@ rpm)",5.0,900000
Ford Figo,Ford,Figo,10,110000,Individual,  Diesel ,Manual,,1399 CC,68.0 bhp,200Nm@ 1750rpm,5.0,220000
Ford Figo,Ford,Figo,6,75000,Dealer,Diesel,Manual,25.83 kmpl,1498 CC,99.0 bhp,113Nm@ 4000rpm,5.0,395000
Renault Duster,Renault,Duster,8,61000,Individual,  Diesel ,Manual,19.01 kmpl,1461 CC,108.45 bhp,113Nm@ 4000rpm,5.0,500000
Maruti Wagon R,Maruti,Wagon R,9,35000,INDIVIDUAL,Petrol,Manual,18.9 kmpl,998 CC,67.1 bhp,24@ 1900(kgm@ rpm),5.0,300000
Maruti Wagon R,Maruti,Wagon R,6,40000,Individual,Petrol,Manual,20.51 kmpl,998 CC,67.04 bhp,91Nm@ 3500rpm,5.0,350000
Ford Ecosport,Ford,Ecosport,3,28000,Dealer,Diesel,Manual,23.0 kmpl,1498 CC,,200Nm@ 1750rpm,5.0,811000
Toyota Fortuner,Toyota,Fortuner,3,60000,Individual,Diesel,Automatic,12.9 kmpl,2755 CC,174.5 bhp,113Nm@ 4000rpm,7.0,3000000
BMW 5,BMW,5,2,10500,Dealer,Diesel,Automatic,22.48 kmpl,1995 CC,187.74 bhp,,5.0,5000000
Maruti Swift Dzire,Maruti,Swift Dzire,6,35000,Individual,Petrol,Manual,20.85 kmpl,1197 CC,83.14 bhp,"12.7@ 2,700(kgm@ rpm)",5.0,520000
Mahindra XUV500,Mahindra,XUV500,4,56000,Dealer,Diesel,Manual,16.0 kmpl,2179 CC,140.0 bhp,250Nm@ 1500-2500rpm,7.0,925000
Toyota Innova,Toyota,Innova,9,255000,individual,DIESEL,Manual,12.8 kmpl,2494 CC,102.0 bhp,"12.7@ 2,700(kgm@ rpm)",8.0,725000
BMW X1,BMW,X1,7,116653,Dealer,Diesel,Automatic,17.05 kmpl,1995 CC,184.0 bhp,24@ 1900(kgm@ rpm),5.0,1150000
Maruti Ertiga,Maruti,Ertiga,4,79000,Dealer,DIESEL,Manual,20.77 kmpl,1248 CC,88.8 bhp,24@ 1900(kgm@ rpm),7.0,850000
Toyota Camry,Toyota,Camry,6,64000,dealer,Petrol,Automatic,,2494 CC,158.2 bhp,250Nm@ 1500-2500rpm,5.0,1700000
Maruti Swift,Maruti,Swift,3,36000,Dealer,Petrol,Manual,22.0 kmpl,1197 CC,81.8 bhp,91Nm@ 3500rpm,5.0,565000
Volkswagen Polo,Volkswagen,Polo,9,30000,Dealer,PETROL,Manual,16.47 kmpl,1198 CC,73.9 bhp,24@ 1900(kgm@ rpm),5.0,300000
Skoda Rapid,Skoda,Rapid,7,59000,Dealer,  Diesel ,Manual,,1598 CC,103.5 bhp,250Nm@ 1500-2500rpm,5.0,475000
Maruti Celerio,Maruti,Celerio,2,50000,INDIVIDUAL,Petrol,Manual,21.63 kmpl,998 CC,67.0 bhp,190Nm@ 2000rpm,5.0,500000
Hyundai Creta,Hyundai,Creta,6,56836,Dealer,Petrol,Manual,15.29 kmpl,1591 CC,121.3 bhp,170Nm@ 1800-2400rpm,5.0,790000
Hyundai i20,Hyundai,i20,3,4000,Dealer,Petrol,Manual,18.6 kmpl,1197 CC,,170Nm@ 1800-2400rpm,5.0,710000
Maruti Swift Dzire,Maruti,Swift Dzire,3,40000,Dealer,Petrol,Manual,21.21 kmpl,1197 CC,81.8 bhp,170Nm@ 1800-2400rpm,5.0,600000
Maruti Alto,Maruti,Alto,9,75000,Individual,PETROL,Manual,,796 CC,46.3 bhp,"12.7@ 2,700(kgm@ rpm)",5.0,222000
Maruti Vitara,Maruti,Vitara,4,45000,Dealer,DIESEL,Manual,24.3 kmpl,1248 CC,88.5 bhp,190Nm@ 2000rpm,5.0,835000
Toyota Yaris,Toyota,Yaris,3,28000,dealer,Petrol,Automatic,18.1 kmpl,1496 CC,105.94 bhp,,5.0,950000
Hyundai i10,Hyundai,i10,9,72000,  Dealer ,Petrol,Manual,20.36 kmpl,1197 CC,78.9 bhp,91Nm@ 3500rpm,5.0,240000
Tata Safari,Tata,Safari,8,60000,Individual,Diesel,Manual,11.57 kmpl,2179 CC,138.1 bhp,"12.7@ 2,700(kgm@ rpm)",7.0,350000
Maruti Ertiga,Maruti,Ertiga,2,28000,DEALER,Diesel,Manual,24.2 kmpl,1498 CC,93.87 bhp,200Nm@ 1750rpm,7.0,1075000
Maruti Vitara,Maruti,Vitara,4,26000,Individual,  Diesel ,Manual,24.3 kmpl,1248 CC,88.5 bhp,24@ 1900(kgm@ rpm),5.0,850000
Maruti Wagon R,Maruti,Wagon R,12,36259,DEALER,PETROL,Manual,18.9 kmpl,,67.1 bhp,,5.0,129000
Ford Ecosport,Ford,Ecosport,6,46215,Dealer,Petrol,Manual,15.8 kmpl,1499 CC,110.0 bhp,91Nm@ 3500rpm,5.0,690000
Mahindra Bolero,Mahindra,Bolero,14,40000,  Individual ,DIESEL,Manual,13.6 kmpl,2523 CC,63.0 bhp,190Nm@ 2000rpm,7.0,250000
Maruti Alto,Maruti,Alto,9,53800,Dealer,  CNG ,Manual,26.83 km/kg,796 CC,38.4 bhp,200Nm@ 1750rpm,5.0,235000
Mercedes-Benz C-Class,Mercedes-Benz,C-Class,9,66000,Dealer,Diesel,Manual,15.8 kmpl,2148 CC,170.0 bhp,113Nm@ 4000rpm,5.0,899000
Hyundai i10,Hyundai,i10,5,57000,  Dealer ,Petrol,Manual,20.36 kmpl,1197 CC,78.9 bhp,113Nm@ 4000rpm,5.0,375000
Hyundai i10,Hyundai,i10,9,49000,Dealer,Petrol,Automatic,16.95 kmpl,1197 CC,78.9 bhp,"12.7@ 2,700(kgm@ rpm)",5.0,315000
Maruti Vitara,Maruti,Vitara,5,53085,Dealer,Diesel,Manual,24.3 kmpl,1248 CC,88.5 bhp,113Nm@ 4000rpm,5.0,825000
Maruti Ciaz,Maruti,Ciaz,6,49098,Dealer,Petrol,Manual,20.73 kmpl,1373 CC,91.1 bhp,113Nm@ 4000rpm,5.0,585000
Ford Figo,Ford,Figo,5,55000,DEALER,Diesel,Manual,25.83 kmpl,1498 CC,99.0 bhp,91Nm@ 3500rpm,5.0,575000
Maruti Swift Dzire,Maruti,Swift Dzire,5,84000,Individual,Diesel,Manual,,1248 CC,74.0 bhp,250Nm@ 1500-2500rpm,5.0,500000
Maruti Wagon R,Maruti,Wagon R,11,55000,dealer,PETROL,Manual,18.9 kmpl,998 CC,67.1 bhp,200Nm@ 1750rpm,5.0,250000
Maruti Swift,Maruti,Swift,2,22000,  Dealer ,Diesel,Manual,25.2 kmpl,1248 CC,74.0 bhp,91Nm@ 3500rpm,5.0,685000
Maruti Ertiga,Maruti,Ertiga,4,50000,Dealer,Petrol,Manual,19.34 kmpl,1462 CC,103.0 bhp,24@ 1900(kgm@ rpm),,750000
Renault KWID,Renault,KWID,3,50000,Individual,Petrol,Manual,25.17 kmpl,799 CC,53.3 bhp,24@ 1900(kgm@ rpm),5.0,350000
Hyundai Creta,Hyundai,Creta,2,51000,Dealer,Diesel,Manual,21.38 kmpl,1396 CC,88.7 bhp,250Nm@ 1500-2500rpm,5.0,1150000
Volkswagen Vento,Volkswagen,Vento,8,50000,  Dealer ,DIESEL,Manual,20.54 kmpl,1598 CC,103.6 bhp,91Nm@ 3500rpm,5.0,475000
Volkswagen Polo,Volkswagen,Polo,11,51000,Dealer,  Petrol ,Manual,16.47 kmpl,1198 CC,73.9 bhp,113Nm@ 4000rpm,5.0,275000
Hyundai i20,Hyundai,i20,9,53493,Dealer,petrol,Manual,18.5 kmpl,1197 CC,82.85 bhp,"12.7@ 2,700(kgm@ rpm)",5.0,350000
Honda Amaze,Honda,Amaze,6,90000,Individual,Petrol,Manual,18.0 kmpl,1198 CC,86.7 bhp,"12.7@ 2,700(kgm@ rpm)",5.0,350000
Maruti Vitara,Maruti,Vitara,3,53000,Dealer,DIESEL,Manual,24.3 kmpl,1248 CC,88.5 bhp,91Nm@ 3500rpm,5.0,745000
Honda Amaze,Honda,Amaze,6,70000,INDIVIDUAL,Diesel,Manual,25.8 kmpl,1498 CC,98.6 bhp,190Nm@ 2000rpm,5.0,350000
Nissan Kicks,Nissan,Kicks,2,10000,Individual,Diesel,Manual,19.39 kmpl,,108.49 bhp,,0.0,1154000
Honda Amaze,Honda,Amaze,3,40000,INDIVIDUAL,DIESEL,Automatic,23.8 kmpl,1498 CC,78.9 bhp,200Nm@ 1750rpm,5.0,765000
BMW 5,BMW,5,4,25000,Dealer,Diesel,Automatic,14.69 kmpl,2993 CC,258.0 bhp,170Nm@ 1800-2400rpm,5.0,5500000
Honda Amaze,Honda,Amaze,3,68000,Dealer,DIESEL,Manual,24.7 kmpl,1498 CC,98.63 bhp,200Nm@ 1750rpm,5.0,540000
Mahindra Scorpio,Mahindra,Scorpio,5,137138,Individual,DIESEL,Manual,15.4 kmpl,2523 CC,75.0 bhp,250Nm@ 1500-2500rpm,7.0,710000
Skoda Superb,Skoda,Superb,11,64400,dealer,Petrol,Automatic,13.7 kmpl,1798 CC,157.75 bhp,113Nm@ 4000rpm,5.0,399000
Audi Q7,Audi,Q7,9,98000,dealer,Diesel,Automatic,12.07 kmpl,2967 CC,241.4 bhp,24@ 1900(kgm@ rpm),7.0,2000000
Mahindra Bolero,Mahindra,Bolero,10,106000,dealer,Diesel,Manual,13.6 kmpl,2523 CC,63.0 bhp,190Nm@ 2000rpm,7.0,540000
Mahindra KUV,Mahindra,KUV,5,70000,Individual,  Diesel ,Manual,25.32 kmpl,1198 CC,77.0 bhp,113Nm@ 4000rpm,6.0,310000
Maruti Swift Dzire,Maruti,Swift Dzire,9,40000,Individual,  Diesel ,Manual,,1248 CC,73.9 bhp,24@ 1900(kgm@ rpm),5.0,460000
Mercedes-Benz E-Class,Mercedes-Benz,E-Class,12,107742,Dealer,Diesel,Automatic,11.0 kmpl,2987 CC,198.5 bhp,200Nm@ 1750rpm,5.0,1175000
Mahindra KUV,Mahindra,KUV,5,25000,Individual,  Petrol ,Manual,18.15 kmpl,1198 CC,82.0 bhp,113Nm@ 4000rpm,5.0,400000
Audi A4,Audi,A4,8,48000,Dealer,Diesel,Automatic,16.55 kmpl,1968 CC,147.51 bhp,24@ 1900(kgm@ rpm),5.0,1175000
Volkswagen Vento,Volkswagen,Vento,11,106000,  Individual ,Diesel,Manual,20.54 kmpl,1598 CC,103.6 bhp,200Nm@ 1750rpm,5.0,300000
Toyota Innova,Toyota,Innova,5,76000,DEALER,Diesel,Manual,12.99 kmpl,2494 CC,100.6 bhp,24@ 1900(kgm@ rpm),8.0,1250000
Hyundai i20,Hyundai,i20,2,30000,Individual,Petrol,Manual,17.19 kmpl,1197 CC,81.86 bhp,190Nm@ 2000rpm,5.0,590000
Maruti Wagon R,Maruti,Wagon R,8,55983,dealer,petrol,Manual,18.9 kmpl,998 CC,67.1 bhp,"12.7@ 2,700(kgm@ rpm)",5.0,325000
Mahindra Thar,Mahindra,Thar,4,30000,Individual,Diesel,Manual,16.55 kmpl,2498 CC,105.0 bhp,200Nm@ 1750rpm,6.0,850000
Maruti Swift Dzire,Maruti,Swift Dzire,3,10000,individual,Diesel,Manual,28.4 kmpl,1248 CC,74.02 bhp,24@ 1900(kgm@ rpm),5.0,800000
Honda City,Honda,City,4,46497,Dealer,Petrol,Automatic,18.0 kmpl,1497 CC,117.6 bhp,170Nm@ 1800-2400rpm,5.0,930000
Hyundai Grand,Hyundai,Grand,6,36000,Dealer,Petrol,Manual,18.9 kmpl,1197 CC,81.86 bhp,250Nm@ 1500-2500rpm,5.0,400000
Maruti Swift,Maruti,Swift,1,35000,Dealer,Petrol,Manual,22.0 kmpl,1197 CC,81.8 bhp,200Nm@ 1750rpm,5.0,575000
Hyundai i10,Hyundai,i10,10,49000,Dealer,petrol,Manual,20.36 kmpl,1197 CC,78.9 bhp,250Nm@ 1500-2500rpm,5.0,249000
Honda City,Honda,City,7,35001,trustmark dealer,  Petrol ,Manual,17.4 kmpl,1497 CC,117.3 bhp,200Nm@ 1750rpm,5.0,675000
Tata Hexa,Tata,Hexa,3,84523,Dealer,Diesel,Manual,,2179 CC,153.86 bhp,113Nm@ 4000rpm,7.0,1198000
BMW 6,BMW,6,3,24000,DEALER,diesel,Automatic,17.09 kmpl,2993 CC,261.4 bhp,170Nm@ 1800-2400rpm,4.0,6000000
Honda Jazz,Honda,Jazz,3,19000,Dealer,petrol,Manual,18.7 kmpl,1199 CC,88.7 bhp,170Nm@ 1800-2400rpm,5.0,655000
Maruti Wagon R,Maruti,Wagon R,3,30000,Individual,Petrol,Manual,20.51 kmpl,,67.04 bhp,,5.0,390000
Maruti Baleno,Maruti,Baleno,4,30000,individual,PETROL,Manual,,1197 CC,83.1 bhp,91Nm@ 3500rpm,5.0,610000
Datsun RediGO,Datsun,RediGO,4,49000,Dealer,Petrol,Manual,22.7 kmpl,799 CC,53.64 bhp,24@ 1900(kgm@ rpm),5.0,220000
Maruti Baleno,Maruti,Baleno,4,21000,Dealer,petrol,Automatic,21.4 kmpl,1197 CC,83.1 bhp,"12.7@ 2,700(kgm@ rpm)",5.0,745000
Maruti Wagon R,Maruti,Wagon R,12,85281,Dealer,Petrol,Manual,18.9 kmpl,998 CC,67.1 bhp,113Nm@ 4000rpm,5.0,210000
Volkswagen Polo,Volkswagen,Polo,8,70000,Individual,Diesel,Manual,22.07 kmpl,1199 CC,73.9 bhp,250Nm@ 1500-2500rpm,5.0,500000
Honda City,Honda,City,13,46252,Dealer,Petrol,Manual,17.7 kmpl,1497 CC,78.0 bhp,190Nm@ 2000rpm,5.0,225000
Ford Ecosport,Ford,Ecosport,6,72000,DEALER,Diesel,Manual,22.77 kmpl,1498 CC,98.59 bhp,200Nm@ 1750rpm,5.0,525000
Maruti Swift,Maruti,Swift,6,34000,Dealer,petrol,Manual,16.1 kmpl,1197 CC,85.0 bhp,200Nm@ 1750rpm,5.0,450000
Maruti Celerio,Maruti,Celerio,6,80000,  Individual ,Petrol,Manual,23.1 kmpl,998 CC,67.04 bhp,170Nm@ 1800-2400rpm,5.0,450000
Tata Safari,Tata,Safari,5,100000,  Individual ,Diesel,Manual,14.1 kmpl,2179 CC,147.94 bhp,170Nm@ 1800-2400rpm,7.0,650000
Maruti Swift,Maruti,Swift,9,60000,  Dealer ,Diesel,Manual,22.9 kmpl,1248 CC,74.0 bhp,170Nm@ 1800-2400rpm,5.0,390000
Hyundai Verna,Hyundai,Verna,6,41000,DEALER,Petrol,Manual,17.43 kmpl,1396 CC,105.5 bhp,113Nm@ 4000rpm,5.0,570000
Maruti Alto,Maruti,Alto,2,1200,Individual,PETROL,Manual,22.05 kmpl,796 CC,47.3 bhp,91Nm@ 3500rpm,5.0,350000
Mahindra Scorpio,Mahindra,Scorpio,3,47000,DEALER,diesel,Manual,16.36 kmpl,2179 CC,138.13 bhp,250Nm@ 1500-2500rpm,7.0,1550000
Renault KWID,Renault,KWID,3,8000,Dealer,Petrol,Automatic,24.04 kmpl,999 CC,67.0 bhp,250Nm@ 1500-2500rpm,5.0,430000
Maruti Swift Dzire,Maruti,Swift Dzire,3,32000,Individual,Diesel,Manual,28.4 kmpl,1248 CC,74.02 bhp,91Nm@ 3500rpm,5.0,750000
Hyundai i20,Hyundai,i20,12,85000,Dealer,Petrol,Manual,17.0 kmpl,,80.0 bhp,,5.0,275000
Hyundai Creta,Hyundai,Creta,4,52300,DEALER,DIESEL,Automatic,17.01 kmpl,1582 CC,126.2 bhp,113Nm@ 4000rpm,5.0,1325000
Maruti Swift,Maruti,Swift,7,100000,dealer,Diesel,Manual,22.9 kmpl,1248 CC,74.0 bhp,"12.7@ 2,700(kgm@ rpm)",5.0,485000
Jeep Compass,Jeep,Compass,3,25000,dealer,Petrol,Automatic,16.0 kmpl,1368 CC,160.0 bhp,200Nm@ 1750rpm,5.0,1700000
Hyundai Verna,Hyundai,Verna,11,50000,  Individual ,DIESEL,Manual,16.2 kmpl,1493 CC,110.0 bhp,,5.0,400000
Mahindra KUV,Mahindra,KUV,4,94000,Individual,Petrol,Manual,18.15 kmpl,1198 CC,82.0 bhp,24@ 1900(kgm@ rpm),6.0,315000
Volkswagen Polo,Volkswagen,Polo,5,63000,  Dealer ,DIESEL,Manual,20.14 kmpl,1498 CC,88.0 bhp,190Nm@ 2000rpm,5.0,655000
Maruti Alto,Maruti,Alto,10,15000,Individual,petrol,Manual,19.7 kmpl,796 CC,46.3 bhp,250Nm@ 1500-2500rpm,5.0,156000
Hyundai i10,Hyundai,i10,8,150000,Individual,PETROL,Manual,20.36 kmpl,1197 CC,78.9 bhp,113Nm@ 4000rpm,5.0,350000
Tata Safari,Tata,Safari,4,50000,Individual,Diesel,Manual,14.1 kmpl,2179 CC,147.94 bhp,113Nm@ 4000rpm,,890000
Maruti Baleno,Maruti,Baleno,3,16315,Dealer,Petrol,Manual,21.4 kmpl,,83.1 bhp,,,590000
Honda City,Honda,City,5,50000,Dealer,Diesel,Manual,26.0 kmpl,1498 CC,98.6 bhp,,5.0,825000
Maruti Wagon R,Maruti,Wagon R,7,60000,individual,lpg,Manual,14.6 km/kg,998 CC,61.6 bhp,91Nm@ 3500rpm,5.0,350000
Hyundai Grand,Hyundai,Grand,7,75000,dealer,Petrol,Manual,,1197 CC,82.0 bhp,250Nm@ 1500-2500rpm,5.0,390000
Toyota Innova,Toyota,Innova,8,110000,Individual,Diesel,Manual,12.99 kmpl,2494 CC,100.6 bhp,190Nm@ 2000rpm,8.0,605000
Renault KWID,Renault,KWID,3,9800,Dealer,Petrol,Automatic,24.04 kmpl,999 CC,67.0 bhp,170Nm@ 1800-2400rpm,5.0,415000
Maruti Baleno,Maruti,Baleno,5,51000,Dealer,Petrol,Manual,21.4 kmpl,1197 CC,,200Nm@ 1750rpm,5.0,515000
Ford Ecosport,Ford,Ecosport,2,16000,  Dealer ,Petrol,Manual,17.0 kmpl,1497 CC,121.31 bhp,113Nm@ 4000rpm,5.0,925000
Maruti Alto,Maruti,Alto,12,67833,Dealer,petrol,Manual,19.7 kmpl,796 CC,46.3 bhp,24@ 1900(kgm@ rpm),5.0,175000
Toyota Innova,Toyota,Innova,2,35000,INDIVIDUAL,Diesel,Manual,13.68 kmpl,2393 CC,147.8 bhp,250Nm@ 1500-2500rpm,8.0,1500000
BMW 3,BMW,3,4,30000,Individual,Petrol,Automatic,,1998 CC,249.0 bhp,91Nm@ 3500rpm,5.0,4000000
Maruti Baleno,Maruti,Baleno,2,6500,Individual,Petrol,Manual,,998 CC,100.5 bhp,"12.7@ 2,700(kgm@ rpm)",5.0,730000
Ford Endeavour,Ford,Endeavour,4,40700,Dealer,Diesel,Automatic,10.91 kmpl,3198 CC,197.0 bhp,,7.0,2850000
Maruti Ignis,Maruti,Ignis,4,80000,Individual,Diesel,Manual,26.8 kmpl,1248 CC,74.0 bhp,"12.7@ 2,700(kgm@ rpm)",5.0,480000
Maruti Swift,Maruti,Swift,9,110000,  Individual ,DIESEL,Manual,22.9 kmpl,1248 CC,74.0 bhp,113Nm@ 4000rpm,5.0,320000
Maruti Vitara,Maruti,Vitara,4,32940,Dealer,diesel,Manual,,1248 CC,88.5 bhp,113Nm@ 4000rpm,5.0,875000
Hyundai i20,Hyundai,i20,9,98000,  Dealer ,diesel,Manual,21.27 kmpl,1396 CC,88.76 bhp,190Nm@ 2000rpm,5.0,375000
Maruti Swift,Maruti,Swift,5,85263,DEALER,Diesel,Manual,25.2 kmpl,1248 CC,74.0 bhp,24@ 1900(kgm@ rpm),5.0,550000
Ford Figo,Ford,Figo,5,25780,Dealer,Petrol,Manual,18.16 kmpl,1196 CC,86.8 bhp,200Nm@ 1750rpm,5.0,525000
Mahindra Bolero,Mahindra,Bolero,10,75000,Dealer,  Diesel ,Manual,13.6 kmpl,2523 CC,63.0 bhp,250Nm@ 1500-2500rpm,7.0,350000
Maruti Swift Dzire,Maruti,Swift Dzire,5,84000,Individual,Diesel,Manual,,1248 CC,74.0 bhp,250Nm@ 1500-2500rpm,5.0,500000
Tata Hexa,Tata,Hexa,3,10000,Individual,diesel,Manual,17.6 kmpl,2179 CC,147.94 bhp,91Nm@ 3500rpm,7.0,1100000
Volkswagen Polo,Volkswagen,Polo,6,41953,dealer,Petrol,Automatic,17.21 kmpl,1197 CC,103.6 bhp,24@ 1900(kgm@ rpm),5.0,670000
Toyota Innova,Toyota,Innova,3,46000,Dealer,Diesel,Manual,13.68 kmpl,2393 CC,147.8 bhp,250Nm@ 1500-2500rpm,7.0,1740000
Hyundai Grand,Hyundai,Grand,3,13000,Dealer,Petrol,Manual,18.9 kmpl,1197 CC,81.86 bhp,170Nm@ 1800-2400rpm,5.0,499000
Mercedes-Benz E-Class,Mercedes-Benz,E-Class,7,35000,Dealer,Diesel,Automatic,14.21 kmpl,2143 CC,203.0 bhp,24@ 1900(kgm@ rpm),5.0,2395000
Mercedes-Benz C-Class,Mercedes-Benz,C-Class,8,89172,dealer,diesel,Automatic,19.27 kmpl,2143 CC,170.0 bhp,24@ 1900(kgm@ rpm),5.0,1400000
Hyundai Creta,Hyundai,Creta,6,78500,Individual,Diesel,Manual,19.67 kmpl,1582 CC,126.2 bhp,91Nm@ 3500rpm,5.0,895000
Renault Duster,Renault,Duster,5,80000,Individual,Diesel,Manual,19.87 kmpl,1461 CC,83.8 bhp,24@ 1900(kgm@ rpm),5.0,935000
Volkswagen Polo,Volkswagen,Polo,8,44900,Dealer,PETROL,Automatic,17.2 kmpl,1197 CC,103.6 bhp,113Nm@ 4000rpm,5.0,495000
Maruti Swift Dzire,Maruti,Swift Dzire,8,120000,Individual,Diesel,Manual,23.4 kmpl,1248 CC,74.0 bhp,113Nm@ 4000rpm,5.0,475000
Volkswagen Polo,Volkswagen,Polo,6,64979,Dealer,Diesel,Manual,20.14 kmpl,1498 CC,88.8 bhp,170Nm@ 1800-2400rpm,5.0,595000
Volkswagen Polo,Volkswagen,Polo,6,34156,dealer,  Petrol ,Manual,16.47 kmpl,1198 CC,74.0 bhp,24@ 1900(kgm@ rpm),5.0,445000
Honda Amaze,Honda,Amaze,2,65000,Individual,Diesel,Manual,27.4 kmpl,1498 CC,98.63 bhp,91Nm@ 3500rpm,5.0,650000
Maruti Alto,Maruti,Alto,11,35000,Individual,PETROL,Manual,19.7 kmpl,796 CC,46.3 bhp,91Nm@ 3500rpm,5.0,115000
Maruti Wagon R,Maruti,Wagon R,9,61000,Dealer,Petrol,Manual,18.9 kmpl,998 CC,67.1 bhp,"12.7@ 2,700(kgm@ rpm)",5.0,275000
Maruti Swift Dzire,Maruti,Swift Dzire,3,6500,Individual,Petrol,Automatic,21.21 kmpl,1197 CC,81.8 bhp,113Nm@ 4000rpm,5.0,725000
Maruti Swift Dzire,Maruti,Swift Dzire,9,29548,Dealer,PETROL,Manual,17.5 kmpl,1298 CC,85.8 bhp,"12.7@ 2,700(kgm@ rpm)",5.0,330000
Honda City,Honda,City,10,30000,Individual,Petrol,Manual,17.0 kmpl,1497 CC,118.0 bhp,170Nm@ 1800-2400rpm,5.0,400000
Mahindra Scorpio,Mahindra,Scorpio,3,35000,  Individual ,DIESEL,Manual,16.36 kmpl,2179 CC,120.0 bhp,113Nm@ 4000rpm,7.0,1200000
Maruti Swift Dzire,Maruti,Swift Dzire,12,42000,Dealer,  Petrol ,Manual,17.5 kmpl,1298 CC,85.8 bhp,91Nm@ 3500rpm,5.0,345000
Hyundai Verna,Hyundai,Verna,4,62000,  Dealer ,Diesel,Manual,23.9 kmpl,1582 CC,126.2 bhp,"12.7@ 2,700(kgm@ rpm)",5.0,760000
Mahindra Scorpio,Mahindra,Scorpio,7,92000,  Dealer ,Diesel,Manual,10.5 kmpl,2609 CC,120.0 bhp,250Nm@ 1500-2500rpm,7.0,595000
Maruti Vitara,Maruti,Vitara,5,20000,DEALER,diesel,Manual,24.3 kmpl,1248 CC,88.5 bhp,24@ 1900(kgm@ rpm),5.0,850000
Tata Safari,Tata,Safari,3,65000,Dealer,Diesel,Manual,14.1 kmpl,2179 CC,153.86 bhp,91Nm@ 3500rpm,7.0,950000
BMW X1,BMW,X1,4,40800,DEALER,Diesel,Automatic,17.05 kmpl,1995 CC,184.0 bhp,200Nm@ 1750rpm,,2700000
Maruti Wagon R,Maruti,Wagon R,2,50000,Individual,  Petrol ,Manual,21.79 kmpl,998 CC,67.05 bhp,170Nm@ 1800-2400rpm,5.0,411000
Hyundai i20,Hyundai,i20,8,7268,trustmark dealer,Petrol,Manual,18.5 kmpl,1197 CC,82.85 bhp,"12.7@ 2,700(kgm@ rpm)",5.0,445000
Maruti Ignis,Maruti,Ignis,2,11000,Dealer,petrol,Automatic,20.89 kmpl,1197 CC,81.8 bhp,170Nm@ 1800-2400rpm,5.0,640000
Toyota Innova,Toyota,Innova,4,165000,INDIVIDUAL,Diesel,Manual,13.68 kmpl,2393 CC,147.8 bhp,250Nm@ 1500-2500rpm,7.0,1225000
Maruti Wagon R,Maruti,Wagon R,11,28000,DEALER,Petrol,Manual,14.0 kmpl,1061 CC,64.0 bhp,250Nm@ 1500-2500rpm,5.0,250000
Maruti Celerio,Maruti,Celerio,5,50000,INDIVIDUAL,  Petrol ,Manual,23.1 kmpl,998 CC,67.04 bhp,200Nm@ 1750rpm,5.0,450000
Datsun GO,Datsun,GO,6,56000,dealer,  Petrol ,Manual,,1198 CC,67.0 bhp,91Nm@ 3500rpm,7.0,395000
Maruti Ciaz,Maruti,Ciaz,4,45166,Dealer,petrol,Manual,20.65 kmpl,1462 CC,103.25 bhp,24@ 1900(kgm@ rpm),5.0,825000
Honda City,Honda,City,9,43120,Dealer,PETROL,Manual,16.8 kmpl,1497 CC,116.3 bhp,200Nm@ 1750rpm,5.0,400000
Honda Amaze,Honda,Amaze,6,48000,DEALER,Diesel,Manual,,1498 CC,98.63 bhp,24@ 1900(kgm@ rpm),5.0,545000
Maruti Swift,Maruti,Swift,4,36000,Dealer,petrol,Manual,21.21 kmpl,1197 CC,81.8 bhp,"12.7@ 2,700(kgm@ rpm)",5.0,575000
Maruti Celerio,Maruti,Celerio,3,20000,Individual,Petrol,Manual,21.63 kmpl,998 CC,67.0 bhp,170Nm@ 1800-2400rpm,5.0,585000
Maruti Swift,Maruti,Swift,3,28000,Dealer,diesel,Manual,28.4 kmpl,1248 CC,74.0 bhp,91Nm@ 3500rpm,5.0,800000
Maruti Wagon R,Maruti,Wagon R,8,50287,Dealer,Petrol,Manual,20.51 kmpl,998 CC,67.04 bhp,190Nm@ 2000rpm,5.0,360000
Maruti Eeco,Maruti,Eeco,10,58000,Dealer,CNG,Manual,20.88 km/kg,1196 CC,61.7 bhp,170Nm@ 1800-2400rpm,5.0,295000
Toyota Innova,Toyota,Innova,2,31000,Dealer,Diesel,Manual,,2393 CC,147.51 bhp,"12.7@ 2,700(kgm@ rpm)",7.0,2200000
Hyundai Grand,Hyundai,Grand,2,5000,  Individual ,Petrol,Automatic,20.7 kmpl,1197 CC,81.86 bhp,190Nm@ 2000rpm,5.0,650000
Ford Ecosport,Ford,Ecosport,8,64000,DEALER,Diesel,Manual,22.7 kmpl,1498 CC,89.84 bhp,200Nm@ 1750rpm,5.0,525000
Maruti Ertiga,Maruti,Ertiga,5,103000,Individual,Diesel,Manual,24.52 kmpl,1248 CC,88.5 bhp,200Nm@ 1750rpm,7.0,675000
Honda City,Honda,City,13,100000,INDIVIDUAL,Petrol,Manual,17.7 kmpl,1497 CC,78.0 bhp,,5.0,225000
Mahindra Bolero,Mahindra,Bolero,7,225000,Individual,Diesel,Manual,15.96 kmpl,2523 CC,63.0 bhp,190Nm@ 2000rpm,9.0,380000
Hyundai i20,Hyundai,i20,7,60000,Individual,Diesel,Manual,22.54 kmpl,1396 CC,88.73 bhp,170Nm@ 1800-2400rpm,5.0,400000
Maruti Alto,Maruti,Alto,2,35000,INDIVIDUAL,Petrol,Manual,23.95 kmpl,998 CC,67.05 bhp,"12.7@ 2,700(kgm@ rpm)",5.0,380000
BMW 5,BMW,5,4,46000,Dealer,DIESEL,Automatic,18.12 kmpl,1995 CC,190.0 bhp,170Nm@ 1800-2400rpm,5.0,3250000
Honda City,Honda,City,3,26000,dealer,petrol,Automatic,18.0 kmpl,1497 CC,117.6 bhp,200Nm@ 1750rpm,5.0,1125000
Maruti Vitara,Maruti,Vitara,4,29000,Dealer,diesel,Manual,24.3 kmpl,1248 CC,88.5 bhp,250Nm@ 1500-2500rpm,5.0,985000
Maruti Swift,Maruti,Swift,8,80000,individual,Diesel,Manual,22.9 kmpl,1248 CC,74.0 bhp,91Nm@ 3500rpm,5.0,350000
Maruti Swift Dzire,Maruti,Swift Dzire,6,19238,trustmark dealer,Petrol,Manual,20.85 kmpl,1197 CC,83.14 bhp,250Nm@ 1500-2500rpm,5.0,490000
Renault Duster,Renault,Duster,2,19444,Dealer,Petrol,Automatic,13.9 kmpl,1498 CC,105.0 bhp,250Nm@ 1500-2500rpm,5.0,1140000
Mahindra Bolero,Mahindra,Bolero,6,58480,Individual,Diesel,Manual,15.96 kmpl,2523 CC,62.1 bhp,113Nm@ 4000rpm,7.0,551000
Hyundai i20,Hyundai,i20,3,104000,individual,Diesel,Manual,22.54 kmpl,1396 CC,88.73 bhp,24@ 1900(kgm@ rpm),5.0,750000
Honda Amaze,Honda,Amaze,5,52306,Dealer,Petrol,Manual,17.8 kmpl,1198 CC,86.7 bhp,170Nm@ 1800-2400rpm,5.0,465000
Maruti Vitara,Maruti,Vitara,4,55000,Dealer,Diesel,Manual,,1248 CC,88.5 bhp,"12.7@ 2,700(kgm@ rpm)",,925000
Mahindra XUV500,Mahindra,XUV500,7,178000,Individual,  Diesel ,Manual,15.1 kmpl,2179 CC,140.0 bhp,190Nm@ 2000rpm,7.0,950000
Hyundai Verna,Hyundai,Verna,8,64001,  Dealer ,  Petrol ,Automatic,17.01 kmpl,1591 CC,121.4 bhp,250Nm@ 1500-2500rpm,5.0,449000
Hyundai Grand,Hyundai,Grand,4,24000,Dealer,Petrol,Automatic,18.9 kmpl,1197 CC,82.0 bhp,170Nm@ 1800-2400rpm,5.0,499000
Maruti Baleno,Maruti,Baleno,6,47000,Dealer,Petrol,Manual,21.4 kmpl,1197 CC,83.1 bhp,24@ 1900(kgm@ rpm),5.0,570000
Maruti Alto,Maruti,Alto,7,33000,Dealer,  Petrol ,Manual,22.74 kmpl,796 CC,47.3 bhp,24@ 1900(kgm@ rpm),5.0,237000
Maruti Wagon R,Maruti,Wagon R,9,60000,Individual,petrol,Manual,18.9 kmpl,998 CC,67.1 bhp,200Nm@ 1750rpm,5.0,235000
Volkswagen Polo,Volkswagen,Polo,7,73000,Dealer,petrol,Manual,16.47 kmpl,1198 CC,74.0 bhp,91Nm@ 3500rpm,5.0,445000
Tata Safari,Tata,Safari,8,83000,Dealer,Diesel,Manual,11.57 kmpl,2179 CC,138.1 bhp,250Nm@ 1500-2500rpm,7.0,485000
Honda City,Honda,City,6,90000,INDIVIDUAL,Diesel,Manual,25.1 kmpl,1498 CC,98.6 bhp,,,580000
Honda Jazz,Honda,Jazz,6,50000,Dealer,petrol,Automatic,19.0 kmpl,,,,5.0,575000
Hyundai Verna,Hyundai,Verna,2,15000,Individual,Petrol,Automatic,17.0 kmpl,1591 CC,121.3 bhp,200Nm@ 1750rpm,5.0,1250000
Hyundai i20,Hyundai,i20,3,50000,Individual,PETROL,Manual,18.6 kmpl,1197 CC,,190Nm@ 2000rpm,5.0,625000
Toyota Fortuner,Toyota,Fortuner,2,12000,Individual,Diesel,Automatic,12.9 kmpl,2755 CC,174.5 bhp,250Nm@ 1500-2500rpm,7.0,3200000
Maruti Eeco,Maruti,Eeco,11,7000,Individual,Petrol,Manual,15.37 kmpl,1196 CC,73.0 bhp,250Nm@ 1500-2500rpm,7.0,230000
Maruti Wagon R,Maruti,Wagon R,21,83000,  Individual ,Petrol,Manual,18.9 kmpl,998 CC,67.1 bhp,200Nm@ 1750rpm,5.0,85000
Maruti Ignis,Maruti,Ignis,4,15000,Dealer,Petrol,Manual,20.89 kmpl,1197 CC,81.8 bhp,250Nm@ 1500-2500rpm,5.0,575000
BMW 5,BMW,5,4,36000,dealer,Petrol,Automatic,14.04 kmpl,1997 CC,184.0 bhp,200Nm@ 1750rpm,5.0,3100000
Datsun GO,Datsun,GO,6,70000,Individual,petrol,Manual,20.62 kmpl,1198 CC,67.0 bhp,250Nm@ 1500-2500rpm,7.0,300000
Audi Q7,Audi,Q7,8,33000,Dealer,Diesel,Automatic,12.07 kmpl,2967 CC,241.4 bhp,250Nm@ 1500-2500rpm,7.0,2900000
Toyota Innova,Toyota,Innova,5,68194,Dealer,Diesel,Automatic,11.36 kmpl,2755 CC,171.5 bhp,170Nm@ 1800-2400rpm,7.0,1950000
Honda Jazz,Honda,Jazz,5,44480,Dealer,PETROL,Automatic,19.0 kmpl,,88.7 bhp,,5.0,625000
Mahindra Scorpio,Mahindra,Scorpio,6,50000,Individual,Diesel,Manual,15.4 kmpl,2179 CC,120.0 bhp,113Nm@ 4000rpm,7.0,1000000
Maruti Baleno,Maruti,Baleno,2,18458,trustmark dealer,Petrol,Manual,21.01 kmpl,1197 CC,81.8 bhp,113Nm@ 4000rpm,5.0,610000
Datsun GO,Datsun,GO,5,52000,individual,Petrol,Manual,19.44 kmpl,1198 CC,67.0 bhp,113Nm@ 4000rpm,7.0,320000
Hyundai Venue,Hyundai,Venue,1,5000,Individual,PETROL,Manual,18.27 kmpl,998 CC,118.35 bhp,24@ 1900(kgm@ rpm),5.0,1050000
Maruti Baleno,Maruti,Baleno,3,18000,Dealer,Petrol,Automatic,21.4 kmpl,1197 CC,83.1 bhp,113Nm@ 4000rpm,5.0,760000
Mercedes-Benz GLS,Mercedes-Benz,GLS,4,37000,Dealer,  Diesel ,Automatic,11.0 kmpl,2987 CC,258.0 bhp,91Nm@ 3500rpm,7.0,7000000
Maruti Swift,Maruti,Swift,7,30000,  Individual ,Diesel,Manual,25.2 kmpl,1248 CC,74.0 bhp,170Nm@ 1800-2400rpm,5.0,500000
Honda Amaze,Honda,Amaze,4,71000,Dealer,Diesel,Manual,25.8 kmpl,1498 CC,98.6 bhp,91Nm@ 3500rpm,5.0,575000
Mahindra Marazzo,Mahindra,Marazzo,1,8000,INDIVIDUAL,Diesel,Manual,17.3 kmpl,1497 CC,,190Nm@ 2000rpm,7.0,950000
Maruti Celerio,Maruti,Celerio,3,20365,  Trustmark Dealer ,Petrol,Manual,23.1 kmpl,998 CC,67.04 bhp,"12.7@ 2,700(kgm@ rpm)",5.0,410000
Ford Ecosport,Ford,Ecosport,4,40423,  Dealer ,  Petrol ,Automatic,14.7 kmpl,1496 CC,120.69 bhp,190Nm@ 2000rpm,5.0,895000
Hyundai i20,Hyundai,i20,10,31280,dealer,petrol,Manual,18.6 kmpl,1197 CC,81.83 bhp,24@ 1900(kgm@ rpm),5.0,150000
Maruti Swift Dzire,Maruti,Swift Dzire,9,40000,Individual,  Diesel ,Manual,,1248 CC,73.9 bhp,24@ 1900(kgm@ rpm),5.0,460000
Skoda Superb,Skoda,Superb,10,92000,Individual,Petrol,Manual,13.14 kmpl,1798 CC,157.8 bhp,91Nm@ 3500rpm,5.0,350000
Ford Figo,Ford,Figo,9,48507,Dealer,Petrol,Manual,15.6 kmpl,1196 CC,70.0 bhp,170Nm@ 1800-2400rpm,5.0,270000
Ford Figo,Ford,Figo,11,110000,Individual,diesel,Manual,20.0 kmpl,1399 CC,68.0 bhp,200Nm@ 1750rpm,5.0,150000
Ford Ecosport,Ford,Ecosport,5,33000,  Dealer ,Petrol,Automatic,16.05 kmpl,1499 CC,110.4 bhp,91Nm@ 3500rpm,5.0,745000
Hyundai i10,Hyundai,i10,10,30215,DEALER,  Petrol ,Manual,20.36 kmpl,1197 CC,78.9 bhp,170Nm@ 1800-2400rpm,5.0,264000
Maruti Swift,Maruti,Swift,5,62235,Dealer,  Diesel ,Manual,25.2 kmpl,1248 CC,,"12.7@ 2,700(kgm@ rpm)",5.0,496000
Hyundai Verna,Hyundai,Verna,3,28246,Dealer,Petrol,Manual,17.7 kmpl,1497 CC,113.42 bhp,24@ 1900(kgm@ rpm),5.0,885000
Ford Ecosport,Ford,Ecosport,6,40000,DEALER,Petrol,Manual,18.88 kmpl,999 CC,123.37 bhp,190Nm@ 2000rpm,5.0,635000
Mahindra KUV100,Mahindra,KUV100,5,40000,dealer,Diesel,Manual,25.32 kmpl,1198 CC,77.0 bhp,91Nm@ 3500rpm,6.0,485000
Maruti Baleno,Maruti,Baleno,3,31400,dealer,Petrol,Manual,21.01 kmpl,1197 CC,81.8 bhp,200Nm@ 1750rpm,5.0,635000
Maruti Dzire VXI,Maruti,Dzire VXI,3,1902,DEALER,PETROL,Automatic,24.12 kmpl,1197 CC,88.5 bhp,"12.7@ 2,700(kgm@ rpm)",5.0,755000
Maruti Baleno,Maruti,Baleno,1,7000,Individual,  Petrol ,Manual,21.01 kmpl,1197 CC,81.8 bhp,"12.7@ 2,700(kgm@ rpm)",5.0,750000
Volkswagen Vento,Volkswagen,Vento,8,65000,Dealer,  Diesel ,Manual,,1598 CC,103.6 bhp,91Nm@ 3500rpm,5.0,385000
BMW 5,BMW,5,4,44000,Dealer,diesel,Automatic,22.48 kmpl,1995 CC,187.74 bhp,250Nm@ 1500-2500rpm,5.0,4200000
Maruti Swift Dzire,Maruti,Swift Dzire,5,63581,DEALER,Petrol,Manual,20.85 kmpl,1197 CC,83.14 bhp,170Nm@ 1800-2400rpm,5.0,575000
Mahindra XUV500,Mahindra,XUV500,6,110000,Individual,Diesel,Manual,16.0 kmpl,2179 CC,140.0 bhp,190Nm@ 2000rpm,7.0,1300000
Nissan Kicks,Nissan,Kicks,2,4000,Dealer,Petrol,Manual,14.23 kmpl,1498 CC,104.55 bhp,,5.0,890000
Renault KWID,Renault,KWID,4,70000,individual,Petrol,Manual,23.01 kmpl,999 CC,67.0 bhp,250Nm@ 1500-2500rpm,5.0,345000
Skoda Rapid,Skoda,Rapid,4,123000,Dealer,Diesel,Automatic,21.72 kmpl,1498 CC,108.6 bhp,250Nm@ 1500-2500rpm,5.0,749000
Maruti Swift,Maruti,Swift,8,158000,individual,Diesel,Manual,22.9 kmpl,1248 CC,74.0 bhp,170Nm@ 1800-2400rpm,5.0,450000
Skoda Octavia,Skoda,Octavia,13,38000,Dealer,Diesel,Manual,,1896 CC,122.4 bhp,91Nm@ 3500rpm,5.0,540000
Mahindra KUV,Mahindra,KUV,5,87500,Individual,Diesel,Manual,25.32 kmpl,1198 CC,77.0 bhp,"12.7@ 2,700(kgm@ rpm)",6.0,350000
Volkswagen Vento,Volkswagen,Vento,5,28000,Dealer,DIESEL,Automatic,22.15 kmpl,1498 CC,,91Nm@ 3500rpm,5.0,565000
Ford Ecosport,Ford,Ecosport,4,49000,  Dealer ,Petrol,Manual,15.9 kmpl,1496 CC,120.69 bhp,190Nm@ 2000rpm,5.0,669000
Renault Duster,Renault,Duster,7,50000,Dealer,DIESEL,Manual,20.45 kmpl,1461 CC,83.8 bhp,24@ 1900(kgm@ rpm),5.0,495000
Mahindra XUV500,Mahindra,XUV500,6,80000,Dealer,Diesel,Manual,16.0 kmpl,2179 CC,140.0 bhp,170Nm@ 1800-2400rpm,7.0,925000
Honda City,Honda,City,5,13000,dealer,  Petrol ,Automatic,18.0 kmpl,1497 CC,117.3 bhp,113Nm@ 4000rpm,5.0,895000
Hyundai Venue,Hyundai,Venue,2,21000,dealer,Petrol,Automatic,18.15 kmpl,998 CC,118.35 bhp,250Nm@ 1500-2500rpm,5.0,1199000
Maruti Swift Dzire,Maruti,Swift Dzire,2,15000,  Individual ,Petrol,Manual,21.21 kmpl,1197 CC,81.8 bhp,,5.0,610000
Maruti Baleno,Maruti,Baleno,4,70000,Individual,Petrol,Manual,21.4 kmpl,1197 CC,83.1 bhp,200Nm@ 1750rpm,5.0,620000
Ford Figo,Ford,Figo,11,135000,individual,Diesel,Manual,20.0 kmpl,1399 CC,68.0 bhp,250Nm@ 1500-2500rpm,5.0,160000
Hyundai Grand,Hyundai,Grand,4,15000,Dealer,Petrol,Automatic,18.9 kmpl,1197 CC,81.86 bhp,190Nm@ 2000rpm,5.0,550000
Maruti Wagon R,Maruti,Wagon R,9,120000,INDIVIDUAL,LPG,Manual,26.2 km/kg,998 CC,58.2 bhp,24@ 1900(kgm@ rpm),5.0,260000
Ford Ecosport,Ford,Ecosport,6,78000,Dealer,Petrol,Manual,18.88 kmpl,999 CC,123.37 bhp,200Nm@ 1750rpm,5.0,635000
Hyundai i10,Hyundai,i10,10,68000,Individual,Petrol,Manual,20.36 kmpl,1197 CC,78.9 bhp,250Nm@ 1500-2500rpm,5.0,250000
Honda Jazz,Honda,Jazz,5,56214,  Dealer ,Diesel,Manual,27.3 kmpl,1498 CC,98.6 bhp,24@ 1900(kgm@ rpm),5.0,450000
Maruti Swift Dzire,Maruti,Swift Dzire,7,102000,Dealer,Diesel,Manual,19.3 kmpl,1248 CC,73.9 bhp,91Nm@ 3500rpm,5.0,550000
Honda Amaze,Honda,Amaze,4,30073,Dealer,Petrol,Manual,18.0 kmpl,,86.7 bhp,,5.0,475000
Hyundai i20,Hyundai,i20,6,85000,dealer,Diesel,Manual,22.54 kmpl,1396 CC,88.73 bhp,190Nm@ 2000rpm,5.0,610000
Tata Tiago,Tata,Tiago,4,50000,Individual,PETROL,Manual,23.84 kmpl,1199 CC,84.0 bhp,24@ 1900(kgm@ rpm),5.0,390000
Maruti Alto,Maruti,Alto,8,50000,Individual,PETROL,Manual,22.74 kmpl,796 CC,47.3 bhp,250Nm@ 1500-2500rpm,5.0,280000
Audi A6,Audi,A6,4,23000,dealer,  Diesel ,Automatic,18.53 kmpl,1968 CC,187.74 bhp,24@ 1900(kgm@ rpm),5.0,3150000
Maruti Ciaz,Maruti,Ciaz,4,21000,Dealer,Diesel,Manual,26.32 kmpl,1498 CC,93.87 bhp,250Nm@ 1500-2500rpm,5.0,625000
Maruti Celerio,Maruti,Celerio,7,26000,Dealer,  Petrol ,Automatic,23.1 kmpl,998 CC,67.04 bhp,24@ 1900(kgm@ rpm),5.0,460000
Maruti Ertiga,Maruti,Ertiga,4,95000,Individual,Petrol,Automatic,17.03 kmpl,1373 CC,91.1 bhp,113Nm@ 4000rpm,7.0,600000
Hyundai i20,Hyundai,i20,2,25000,individual,Petrol,Manual,18.6 kmpl,1197 CC,81.86 bhp,170Nm@ 1800-2400rpm,5.0,770000
Mahindra KUV,Mahindra,KUV,5,30000,Individual,  Diesel ,Manual,25.32 kmpl,1198 CC,77.0 bhp,200Nm@ 1750rpm,6.0,475000
Toyota Innova,Toyota,Innova,9,250000,Individual,Petrol,Manual,12.4 kmpl,1998 CC,132.0 bhp,91Nm@ 3500rpm,8.0,800000
Honda City,Honda,City,3,15000,INDIVIDUAL,Diesel,Manual,25.6 kmpl,1498 CC,97.9 bhp,250Nm@ 1500-2500rpm,5.0,975000
Mahindra KUV,Mahindra,KUV,4,40000,individual,Petrol,Manual,18.15 kmpl,1198 CC,82.0 bhp,"12.7@ 2,700(kgm@ rpm)",6.0,350000
Ford Ecosport,Ford,Ecosport,7,50250,  Dealer ,Petrol,Automatic,16.5 kmpl,1499 CC,110.0 bhp,200Nm@ 1750rpm,5.0,621000
BMW 5,BMW,5,4,18000,Dealer,Diesel,Automatic,22.48 kmpl,1995 CC,187.74 bhp,170Nm@ 1800-2400rpm,5.0,3700000
Toyota Glanza,Toyota,Glanza,1,2500,  Dealer ,Petrol,Automatic,19.56 kmpl,1197 CC,81.8 bhp,"12.7@ 2,700(kgm@ rpm)",5.0,875000
Hyundai Verna,Hyundai,Verna,2,28000,  Individual ,Diesel,Manual,22.0 kmpl,1582 CC,126.2 bhp,200Nm@ 1750rpm,5.0,1080000
Maruti Celerio,Maruti,Celerio,2,52000,Individual,PETROL,Manual,23.1 kmpl,998 CC,67.04 bhp,200Nm@ 1750rpm,5.0,400000
Mercedes-Benz C-Class,Mercedes-Benz,C-Class,15,100000,  Dealer ,Diesel,Manual,15.8 kmpl,2148 CC,170.0 bhp,190Nm@ 2000rpm,5.0,675000
Hyundai Creta,Hyundai,Creta,4,54000,Dealer,Petrol,Manual,,1591 CC,121.3 bhp,91Nm@ 3500rpm,5.0,999000
Toyota Innova,Toyota,Innova,2,8000,dealer,DIESEL,Manual,13.68 kmpl,2393 CC,147.51 bhp,170Nm@ 1800-2400rpm,7.0,1835000
Volkswagen Polo,Volkswagen,Polo,7,49753,Dealer,Diesel,Manual,20.14 kmpl,1498 CC,88.8 bhp,190Nm@ 2000rpm,5.0,425000
Hyundai i10,Hyundai,i10,7,96000,Dealer,Petrol,Manual,20.36 kmpl,1197 CC,78.9 bhp,91Nm@ 3500rpm,5.0,385000
Honda City,Honda,City,8,37000,Dealer,Petrol,Manual,17.0 kmpl,1497 CC,118.0 bhp,"12.7@ 2,700(kgm@ rpm)",5.0,486000
Maruti Swift,Maruti,Swift,4,62904,Dealer,Diesel,Manual,28.4 kmpl,1248 CC,74.0 bhp,113Nm@ 4000rpm,5.0,700000
Hyundai Creta,Hyundai,Creta,5,98921,  Dealer ,Diesel,Manual,21.38 kmpl,1396 CC,88.7 bhp,24@ 1900(kgm@ rpm),5.0,850000
Maruti Celerio,Maruti,Celerio,3,13000,Individual,Petrol,Manual,23.1 kmpl,998 CC,67.04 bhp,190Nm@ 2000rpm,5.0,415000
Maruti Alto,Maruti,Alto,7,60000,individual,Petrol,Manual,22.74 kmpl,796 CC,47.3 bhp,170Nm@ 1800-2400rpm,5.0,250000
Maruti Wagon R,Maruti,Wagon R,9,80000,Individual,Petrol,Manual,18.9 kmpl,998 CC,67.1 bhp,200Nm@ 1750rpm,5.0,275000
Maruti Baleno,Maruti,Baleno,5,98000,Dealer,Petrol,Automatic,21.4 kmpl,1197 CC,83.1 bhp,113Nm@ 4000rpm,5.0,575000
Hyundai Grand,Hyundai,Grand,5,29250,Trustmark Dealer,  Petrol ,Manual,18.9 kmpl,1197 CC,81.86 bhp,190Nm@ 2000rpm,5.0,445000
Maruti Alto,Maruti,Alto,4,14400,  Individual ,Petrol,Manual,23.95 kmpl,998 CC,67.05 bhp,24@ 1900(kgm@ rpm),,320000
Maruti Swift,Maruti,Swift,5,49000,Dealer,Petrol,Manual,21.21 kmpl,1197 CC,81.8 bhp,113Nm@ 4000rpm,5.0,490000
Volkswagen Vento,Volkswagen,Vento,8,110000,Individual,diesel,Manual,20.54 kmpl,1598 CC,103.6 bhp,"12.7@ 2,700(kgm@ rpm)",5.0,350000
Maruti Swift Dzire,Maruti,Swift Dzire,8,70000,individual,Petrol,Manual,19.1 kmpl,1197 CC,85.8 bhp,"12.7@ 2,700(kgm@ rpm)",5.0,350000
Toyota Fortuner,Toyota,Fortuner,8,168000,Dealer,Diesel,Automatic,12.55 kmpl,2982 CC,168.7 bhp,91Nm@ 3500rpm,7.0,1350000
Datsun RediGO,Datsun,RediGO,4,27500,INDIVIDUAL,Petrol,Manual,,799 CC,53.64 bhp,250Nm@ 1500-2500rpm,5.0,206000
Volkswagen Polo,Volkswagen,Polo,6,44000,  Dealer ,Petrol,Automatic,17.21 kmpl,1798 CC,189.0 bhp,91Nm@ 3500rpm,4.0,595000
Maruti Swift Dzire,Maruti,Swift Dzire,11,68500,Individual,  Diesel ,Manual,19.3 kmpl,1248 CC,73.9 bhp,113Nm@ 4000rpm,5.0,180000
Hyundai Grand,Hyundai,Grand,6,112000,INDIVIDUAL,Diesel,Manual,24.0 kmpl,1120 CC,70.0 bhp,24@ 1900(kgm@ rpm),5.0,350000
Maruti Alto,Maruti,Alto,7,60000,individual,Petrol,Manual,23.95 kmpl,998 CC,67.05 bhp,200Nm@ 1750rpm,5.0,230000
Hyundai Creta,Hyundai,Creta,5,110000,Individual,  Diesel ,Manual,21.38 kmpl,1396 CC,88.7 bhp,190Nm@ 2000rpm,5.0,720000
Hyundai i20,Hyundai,i20,6,47000,Dealer,Petrol,Manual,18.5 kmpl,1197 CC,82.85 bhp,113Nm@ 4000rpm,5.0,540000
Renault KWID,Renault,KWID,6,45006,Dealer,Petrol,Manual,,799 CC,53.3 bhp,24@ 1900(kgm@ rpm),5.0,269000
Hyundai i10,Hyundai,i10,13,75000,Dealer,Petrol,Manual,19.81 kmpl,1086 CC,68.05 bhp,91Nm@ 3500rpm,,145000
Hyundai Verna,Hyundai,Verna,3,18000,DEALER,  Diesel ,Manual,22.0 kmpl,1582 CC,126.2 bhp,200Nm@ 1750rpm,5.0,1150000
Volkswagen Polo,Volkswagen,Polo,3,54495,DEALER,DIESEL,Manual,,1498 CC,88.0 bhp,170Nm@ 1800-2400rpm,5.0,538000
Maruti Celerio,Maruti,Celerio,4,15500,Dealer,  Petrol ,Automatic,,998 CC,67.04 bhp,91Nm@ 3500rpm,5.0,485000
Ford Figo,Ford,Figo,10,40000,Individual,petrol,Manual,15.6 kmpl,1196 CC,70.0 bhp,190Nm@ 2000rpm,5.0,130000
Audi A6,Audi,A6,8,56787,Dealer,DIESEL,Automatic,,1968 CC,,250Nm@ 1500-2500rpm,5.0,1650000
Honda City,Honda,City,7,82911,Dealer,  Diesel ,Manual,,1498 CC,98.6 bhp,113Nm@ 4000rpm,5.0,580000
Renault Duster,Renault,Duster,8,54000,DEALER,Diesel,Manual,,1461 CC,,91Nm@ 3500rpm,5.0,315000
Skoda Rapid,Skoda,Rapid,5,56789,dealer,Diesel,Automatic,21.66 kmpl,1498 CC,103.52 bhp,170Nm@ 1800-2400rpm,5.0,775000
Honda City,Honda,City,11,65000,Dealer,Petrol,Manual,,1497 CC,118.0 bhp,200Nm@ 1750rpm,5.0,295000
Volkswagen Vento,Volkswagen,Vento,2,10000,DEALER,Petrol,Automatic,,1197 CC,103.2 bhp,250Nm@ 1500-2500rpm,5.0,1150000
BMW 5,BMW,5,11,48000,Dealer,diesel,Automatic,16.73 kmpl,2495 CC,,24@ 1900(kgm@ rpm),5.0,1290000
Tata Nexon,Tata,Nexon,3,12000,Dealer,Diesel,Manual,21.5 kmpl,1497 CC,108.5 bhp,190Nm@ 2000rpm,5.0,821000
Hyundai i20,Hyundai,i20,4,33181,  Trustmark Dealer ,Petrol,Manual,,1197 CC,81.83 bhp,113Nm@ 4000rpm,5.0,625000
Maruti Swift Dzire,Maruti,Swift Dzire,1,45000,individual,CNG,Manual,26.55 km/kg,1197 CC,81.8 bhp,170Nm@ 1800-2400rpm,5.0,550000
Maruti Wagon R,Maruti,Wagon R,10,120000,Individual,Petrol,Manual,18.9 kmpl,998 CC,67.1 bhp,200Nm@ 1750rpm,5.0,275000
Honda City,Honda,City,12,65344,  Dealer ,Petrol,Manual,17.0 kmpl,1497 CC,118.0 bhp,190Nm@ 2000rpm,5.0,295000
Maruti Vitara,Maruti,Vitara,2,23995,DEALER,diesel,Automatic,24.3 kmpl,1248 CC,88.5 bhp,24@ 1900(kgm@ rpm),5.0,1100000
Hyundai i10,Hyundai,i10,6,36977,Dealer,Petrol,Manual,20.36 kmpl,1197 CC,78.9 bhp,190Nm@ 2000rpm,,422000
Hyundai i20,Hyundai,i20,8,38000,Dealer,  Petrol ,Manual,20.35 kmpl,1197 CC,81.86 bhp,113Nm@ 4000rpm,5.0,485000
Maruti Ciaz,Maruti,Ciaz,5,49184,dealer,Diesel,Manual,26.82 kmpl,,93.87 bhp,,5.0,740000
Maruti Swift Dzire,Maruti,Swift Dzire,5,54000,  Individual ,Petrol,Manual,20.85 kmpl,1197 CC,83.14 bhp,170Nm@ 1800-2400rpm,5.0,600000
Ford Endeavour,Ford,Endeavour,9,85000,DEALER,  Diesel ,Manual,10.9 kmpl,2499 CC,143.0 bhp,250Nm@ 1500-2500rpm,7.0,575000
Honda City,Honda,City,5,72560,Dealer,  Petrol ,Manual,17.8 kmpl,1497 CC,117.3 bhp,200Nm@ 1750rpm,5.0,475000
Maruti Alto,Maruti,Alto,6,100000,Dealer,Petrol,Manual,22.74 kmpl,796 CC,47.3 bhp,170Nm@ 1800-2400rpm,5.0,250000
Maruti Swift Dzire,Maruti,Swift Dzire,3,29000,Dealer,Diesel,Automatic,28.4 kmpl,1248 CC,74.02 bhp,113Nm@ 4000rpm,5.0,775000
Hyundai i20,Hyundai,i20,4,27550,Dealer,Diesel,Manual,22.54 kmpl,1396 CC,88.73 bhp,"12.7@ 2,700(kgm@ rpm)",5.0,783000
Hyundai Grand,Hyundai,Grand,2,25000,Individual,Petrol,Automatic,18.9 kmpl,1197 CC,,113Nm@ 4000rpm,5.0,570000
Maruti Ciaz,Maruti,Ciaz,6,30000,dealer,Petrol,Manual,20.73 kmpl,1373 CC,91.1 bhp,190Nm@ 2000rpm,5.0,750000
Ford Figo,Ford,Figo,11,45000,Dealer,Petrol,Manual,15.6 kmpl,1196 CC,70.0 bhp,24@ 1900(kgm@ rpm),5.0,169000
Honda Jazz,Honda,Jazz,11,56161,Dealer,Petrol,Manual,,1198 CC,90.0 bhp,"12.7@ 2,700(kgm@ rpm)",5.0,319000
Honda City,Honda,City,6,46046,Dealer,PETROL,Manual,17.4 kmpl,1497 CC,117.3 bhp,170Nm@ 1800-2400rpm,5.0,625000
Maruti Ertiga,Maruti,Ertiga,8,120000,individual,DIESEL,Manual,20.77 kmpl,1248 CC,88.8 bhp,"12.7@ 2,700(kgm@ rpm)",7.0,460000
Honda Jazz,Honda,Jazz,5,40000,Dealer,  Petrol ,Automatic,19.0 kmpl,1199 CC,88.7 bhp,24@ 1900(kgm@ rpm),5.0,630000
Honda Jazz,Honda,Jazz,3,24265,Dealer,  Petrol ,Manual,18.7 kmpl,1199 CC,88.7 bhp,91Nm@ 3500rpm,5.0,635000
Datsun RediGO,Datsun,RediGO,1,1001,Dealer,Petrol,Automatic,23.0 kmpl,999 CC,67.0 bhp,250Nm@ 1500-2500rpm,5.0,425000
Honda City,Honda,City,10,130000,  Dealer ,Petrol,Manual,17.0 kmpl,1497 CC,,170Nm@ 1800-2400rpm,5.0,350000
Toyota Innova,Toyota,Innova,4,52000,Dealer,Diesel,Automatic,,2755 CC,171.5 bhp,200Nm@ 1750rpm,7.0,1965000
Maruti Wagon R,Maruti,Wagon R,4,19000,Dealer,PETROL,Automatic,20.51 kmpl,998 CC,67.0 bhp,113Nm@ 4000rpm,5.0,485000
Maruti Ignis,Maruti,Ignis,1,10000,individual,Petrol,Manual,20.89 kmpl,1197 CC,81.8 bhp,200Nm@ 1750rpm,5.0,535000
Maruti Ciaz,Maruti,Ciaz,6,70000,INDIVIDUAL,Diesel,Manual,28.09 kmpl,1248 CC,88.5 bhp,190Nm@ 2000rpm,5.0,475000
Honda Amaze,Honda,Amaze,3,11000,dealer,  Petrol ,Manual,17.8 kmpl,1198 CC,86.7 bhp,190Nm@ 2000rpm,5.0,690000
Mahindra Scorpio,Mahindra,Scorpio,3,48976,DEALER,Diesel,Manual,15.4 kmpl,2523 CC,75.0 bhp,113Nm@ 4000rpm,7.0,1011000
Honda Jazz,Honda,Jazz,5,53044,Dealer,Petrol,Manual,18.7 kmpl,1199 CC,88.7 bhp,250Nm@ 1500-2500rpm,5.0,555000
Mahindra Bolero,Mahindra,Bolero,2,35000,Individual,DIESEL,Manual,,1493 CC,70.0 bhp,"12.7@ 2,700(kgm@ rpm)",7.0,850000
Mahindra Bolero,Mahindra,Bolero,5,120000,  Individual ,Diesel,Manual,15.96 kmpl,2523 CC,62.1 bhp,113Nm@ 4000rpm,9.0,600000
Ford Figo,Ford,Figo,3,64000,DEALER,Diesel,Manual,24.4 kmpl,1499 CC,,"12.7@ 2,700(kgm@ rpm)",5.0,550000
Mercedes-Benz E-Class,Mercedes-Benz,E-Class,8,125000,dealer,Petrol,Automatic,12.3 kmpl,1796 CC,185.0 bhp,170Nm@ 1800-2400rpm,5.0,1525000
Tata Tiago,Tata,Tiago,3,40000,INDIVIDUAL,DIESEL,Manual,27.28 kmpl,1047 CC,69.0 bhp,200Nm@ 1750rpm,5.0,350000
Hyundai i20,Hyundai,i20,8,33000,INDIVIDUAL,petrol,Manual,18.5 kmpl,1197 CC,82.9 bhp,91Nm@ 3500rpm,5.0,325000
Maruti Wagon R,Maruti,Wagon R,7,50000,INDIVIDUAL,PETROL,Manual,20.51 kmpl,998 CC,67.04 bhp,170Nm@ 1800-2400rpm,5.0,351000
Maruti Wagon R,Maruti,Wagon R,7,46652,TRUSTMARK DEALER,Petrol,Manual,20.51 kmpl,998 CC,67.04 bhp,"12.7@ 2,700(kgm@ rpm)",5.0,290000
Maruti Baleno,Maruti,Baleno,4,24000,dealer,Petrol,Manual,21.01 kmpl,,81.8 bhp,,5.0,675000
Maruti Ignis,Maruti,Ignis,3,30000,DEALER,PETROL,Manual,20.89 kmpl,1197 CC,81.8 bhp,,5.0,570000
Toyota Innova,Toyota,Innova,6,95000,Dealer,DIESEL,Manual,12.8 kmpl,2494 CC,102.0 bhp,170Nm@ 1800-2400rpm,7.0,1175000
Hyundai i20,Hyundai,i20,6,30000,  Individual ,petrol,Manual,18.6 kmpl,1197 CC,81.83 bhp,190Nm@ 2000rpm,5.0,550000
Mahindra Bolero,Mahindra,Bolero,4,60000,Individual,  Diesel ,Manual,15.96 kmpl,2523 CC,62.1 bhp,250Nm@ 1500-2500rpm,7.0,690000
Mahindra XUV500,Mahindra,XUV500,6,55000,Dealer,diesel,Manual,16.0 kmpl,2179 CC,140.0 bhp,24@ 1900(kgm@ rpm),7.0,925000
Maruti Swift Dzire,Maruti,Swift Dzire,8,82000,Dealer,Diesel,Manual,19.3 kmpl,1248 CC,73.9 bhp,170Nm@ 1800-2400rpm,5.0,489000
Maruti Swift,Maruti,Swift,5,30000,Individual,petrol,Manual,21.21 kmpl,1197 CC,81.8 bhp,250Nm@ 1500-2500rpm,5.0,450000
BMW Z4,BMW,Z4,1,2000,Dealer,PETROL,Automatic,11.29 kmpl,2998 CC,335.0 bhp,190Nm@ 2000rpm,2.0,8250000
Maruti Swift,Maruti,Swift,3,46000,Individual,petrol,Automatic,22.0 kmpl,1197 CC,81.8 bhp,"12.7@ 2,700(kgm@ rpm)",5.0,634000
Honda Amaze,Honda,Amaze,6,63000,Dealer,  Diesel ,Manual,25.8 kmpl,1498 CC,98.6 bhp,190Nm@ 2000rpm,5.0,455000
Honda City,Honda,City,16,90000,Individual,Petrol,Manual,13.0 kmpl,1343 CC,90.0 bhp,200Nm@ 1750rpm,5.0,125000
Renault KWID,Renault,KWID,1,10000,Individual,Petrol,Manual,23.01 kmpl,999 CC,67.0 bhp,"12.7@ 2,700(kgm@ rpm)",5.0,470000
Honda City,Honda,City,6,64000,dealer,DIESEL,Manual,25.1 kmpl,1498 CC,98.6 bhp,113Nm@ 4000rpm,5.0,631000
Volkswagen Polo,Volkswagen,Polo,7,68000,DEALER,Diesel,Manual,15.11 kmpl,1598 CC,103.6 bhp,250Nm@ 1500-2500rpm,5.0,485000
Maruti Baleno,Maruti,Baleno,3,7671,Trustmark Dealer,PETROL,Manual,21.01 kmpl,1197 CC,,"12.7@ 2,700(kgm@ rpm)",5.0,650000
Mercedes-Benz E-Class,Mercedes-Benz,E-Class,9,86500,  Dealer ,DIESEL,Automatic,14.21 kmpl,2143 CC,203.0 bhp,"12.7@ 2,700(kgm@ rpm)",,1400000
Maruti Alto,Maruti,Alto,5,15000,INDIVIDUAL,petrol,Manual,24.7 kmpl,796 CC,47.3 bhp,170Nm@ 1800-2400rpm,5.0,289000
Hyundai i10,Hyundai,i10,5,35000,Individual,Petrol,Manual,19.81 kmpl,1086 CC,68.05 bhp,170Nm@ 1800-2400rpm,5.0,350000
BMW 5,BMW,5,3,10002,dealer,Diesel,Automatic,22.48 kmpl,1995 CC,187.74 bhp,"12.7@ 2,700(kgm@ rpm)",5.0,4000000
Volkswagen Polo,Volkswagen,Polo,9,80000,Individual,  Diesel ,Manual,22.07 kmpl,1199 CC,73.9 bhp,113Nm@ 4000rpm,5.0,300000
Toyota Fortuner,Toyota,Fortuner,9,102000,Dealer,Diesel,Automatic,12.55 kmpl,2982 CC,168.5 bhp,24@ 1900(kgm@ rpm),7.0,1425000
Maruti Alto,Maruti,Alto,10,50000,  Individual ,PETROL,Manual,20.92 kmpl,998 CC,,200Nm@ 1750rpm,5.0,275000
Mahindra XUV500,Mahindra,XUV500,5,67000,  Individual ,Diesel,Manual,16.0 kmpl,2179 CC,140.0 bhp,24@ 1900(kgm@ rpm),7.0,960000
Mahindra Thar,Mahindra,Thar,7,27000,Dealer,DIESEL,Manual,16.55 kmpl,2498 CC,105.0 bhp,,6.0,710000
Skoda Rapid,Skoda,Rapid,4,28000,Dealer,Petrol,Automatic,14.84 kmpl,1598 CC,103.2 bhp,,5.0,825000
Maruti Alto,Maruti,Alto,1,1500,  Individual ,Petrol,Manual,22.05 kmpl,796 CC,47.3 bhp,250Nm@ 1500-2500rpm,5.0,350000
Tata Tiago,Tata,Tiago,4,28628,Dealer,  Diesel ,Manual,27.28 kmpl,1047 CC,69.0 bhp,"12.7@ 2,700(kgm@ rpm)",5.0,590000
Ford Figo,Ford,Figo,5,80000,  Individual ,Diesel,Manual,25.83 kmpl,1498 CC,99.0 bhp,91Nm@ 3500rpm,5.0,400000
Maruti Swift Dzire,Maruti,Swift Dzire,4,72000,Individual,Diesel,Manual,26.59 kmpl,1248 CC,74.0 bhp,113Nm@ 4000rpm,5.0,720000
Hyundai Grand,Hyundai,Grand,7,34400,Dealer,Petrol,Automatic,18.9 kmpl,1197 CC,82.0 bhp,190Nm@ 2000rpm,5.0,515000
Mahindra Thar,Mahindra,Thar,2,12551,Dealer,  Diesel ,Manual,16.55 kmpl,2498 CC,105.0 bhp,250Nm@ 1500-2500rpm,6.0,1025000
Hyundai Creta,Hyundai,Creta,3,105692,Dealer,Diesel,Manual,19.67 kmpl,1582 CC,126.2 bhp,250Nm@ 1500-2500rpm,5.0,1350000
Maruti Wagon R,Maruti,Wagon R,8,44400,DEALER,Petrol,Manual,21.79 kmpl,998 CC,67.05 bhp,190Nm@ 2000rpm,5.0,300000
Mahindra Bolero,Mahindra,Bolero,4,90000,Individual,diesel,Manual,15.96 kmpl,2523 CC,63.0 bhp,170Nm@ 1800-2400rpm,9.0,750000
Toyota Fortuner,Toyota,Fortuner,3,60000,Individual,Diesel,Manual,14.24 kmpl,2755 CC,174.5 bhp,190Nm@ 2000rpm,7.0,2700000
Volkswagen Vento,Volkswagen,Vento,10,50000,Individual,Petrol,Manual,15.04 kmpl,1598 CC,103.6 bhp,250Nm@ 1500-2500rpm,5.0,385000
Toyota Innova,Toyota,Innova,10,120000,INDIVIDUAL,DIESEL,Manual,12.8 kmpl,2494 CC,102.0 bhp,190Nm@ 2000rpm,8.0,450000
Renault Duster,Renault,Duster,8,63000,Dealer,Diesel,Manual,20.45 kmpl,1461 CC,83.8 bhp,190Nm@ 2000rpm,5.0,415000
Hyundai Verna,Hyundai,Verna,8,80000,Individual,Petrol,Manual,17.01 kmpl,1591 CC,121.3 bhp,190Nm@ 2000rpm,5.0,375000
Honda City,Honda,City,4,24024,Dealer,  Petrol ,Manual,17.8 kmpl,1497 CC,,170Nm@ 1800-2400rpm,5.0,750000
Hyundai i10,Hyundai,i10,11,80000,individual,petrol,Manual,20.36 kmpl,1197 CC,78.9 bhp,91Nm@ 3500rpm,5.0,160000
Maruti Ciaz,Maruti,Ciaz,4,47000,Dealer,diesel,Manual,28.09 kmpl,1248 CC,88.5 bhp,"12.7@ 2,700(kgm@ rpm)",5.0,745000
Hyundai Grand,Hyundai,Grand,6,63165,Dealer,Petrol,Manual,18.9 kmpl,1197 CC,82.0 bhp,200Nm@ 1750rpm,5.0,450000
Honda City,Honda,City,7,57000,Dealer,diesel,Manual,,1498 CC,98.6 bhp,24@ 1900(kgm@ rpm),5.0,675000
Maruti Baleno,Maruti,Baleno,2,40000,individual,  Petrol ,Manual,21.4 kmpl,,,,5.0,525000
Maruti Celerio,Maruti,Celerio,4,18400,Dealer,Petrol,Automatic,21.63 kmpl,998 CC,67.04 bhp,24@ 1900(kgm@ rpm),5.0,485000
Maruti Ertiga,Maruti,Ertiga,7,72859,Dealer,Diesel,Manual,20.77 kmpl,1248 CC,88.8 bhp,91Nm@ 3500rpm,7.0,600000
Maruti Vitara,Maruti,Vitara,4,63000,Dealer,Diesel,Manual,24.3 kmpl,1248 CC,88.5 bhp,24@ 1900(kgm@ rpm),5.0,750000
Renault KWID,Renault,KWID,3,9000,DEALER,  Petrol ,Automatic,24.04 kmpl,999 CC,67.0 bhp,113Nm@ 4000rpm,5.0,450000
Audi A6,Audi,A6,8,51000,Dealer,Diesel,Automatic,17.68 kmpl,1968 CC,174.33 bhp,,5.0,1750000
Mahindra XUV500,Mahindra,XUV500,5,99110,DEALER,  Diesel ,Automatic,16.0 kmpl,2179 CC,140.0 bhp,"12.7@ 2,700(kgm@ rpm)",7.0,1180000
Maruti Wagon R,Maruti,Wagon R,7,41423,dealer,Petrol,Manual,,998 CC,67.05 bhp,170Nm@ 1800-2400rpm,5.0,295000
Mercedes-Benz E-Class,Mercedes-Benz,E-Class,10,57000,Dealer,Diesel,Automatic,14.21 kmpl,2143 CC,203.0 bhp,"12.7@ 2,700(kgm@ rpm)",5.0,1045000
Maruti Wagon R,Maruti,Wagon R,4,39612,Dealer,Petrol,Automatic,,998 CC,67.05 bhp,24@ 1900(kgm@ rpm),5.0,465000
Maruti Baleno,Maruti,Baleno,3,19000,Dealer,  Petrol ,Automatic,19.56 kmpl,1197 CC,81.8 bhp,190Nm@ 2000rpm,5.0,699000
Maruti Ciaz,Maruti,Ciaz,6,61000,Dealer,Diesel,Manual,26.21 kmpl,1248 CC,88.5 bhp,250Nm@ 1500-2500rpm,5.0,511000
Honda City,Honda,City,5,46000,dealer,  Diesel ,Manual,26.0 kmpl,1498 CC,98.6 bhp,170Nm@ 1800-2400rpm,5.0,700000
Kia Seltos,Kia,Seltos,2,10097,dealer,Petrol,Automatic,16.8 kmpl,1353 CC,138.0 bhp,250Nm@ 1500-2500rpm,5.0,1850000
Renault Duster,Renault,Duster,8,67000,DEALER,Diesel,Manual,19.01 kmpl,1461 CC,108.45 bhp,"12.7@ 2,700(kgm@ rpm)",5.0,425000
Toyota Fortuner,Toyota,Fortuner,4,50000,Individual,Petrol,Automatic,10.26 kmpl,,163.7 bhp,,7.0,2700000
Maruti Swift Dzire,Maruti,Swift Dzire,11,50000,Individual,Petrol,Manual,17.5 kmpl,1197 CC,85.8 bhp,200Nm@ 1750rpm,5.0,300000
Hyundai Santro,Hyundai,Santro,3,6752,Dealer,PETROL,Manual,20.3 kmpl,1086 CC,68.0 bhp,113Nm@ 4000rpm,5.0,550000
Honda City,Honda,City,7,110000,Individual,Diesel,Manual,26.0 kmpl,1498 CC,98.6 bhp,113Nm@ 4000rpm,5.0,500000
Hyundai Verna,Hyundai,Verna,7,49599,Dealer,Petrol,Automatic,17.1 kmpl,1591 CC,121.4 bhp,170Nm@ 1800-2400rpm,5.0,610000
Renault KWID,Renault,KWID,5,45049,DEALER,petrol,Manual,25.17 kmpl,799 CC,53.3 bhp,91Nm@ 3500rpm,5.0,320000
Maruti Swift,Maruti,Swift,9,48000,Individual,diesel,Manual,22.9 kmpl,1248 CC,74.0 bhp,170Nm@ 1800-2400rpm,5.0,400000
Hyundai Santro,Hyundai,Santro,2,8000,Individual,Petrol,Manual,20.3 kmpl,1086 CC,68.0 bhp,170Nm@ 1800-2400rpm,5.0,500000
Maruti Wagon R,Maruti,Wagon R,9,58700,Dealer,Petrol,Manual,21.79 kmpl,998 CC,67.05 bhp,170Nm@ 1800-2400rpm,5.0,355000
Toyota Glanza,Toyota,Glanza,2,25637,DEALER,PETROL,Manual,21.01 kmpl,1197 CC,81.8 bhp,"12.7@ 2,700(kgm@ rpm)",5.0,822000
Volkswagen Polo,Volkswagen,Polo,5,49000,Dealer,petrol,Manual,16.2 kmpl,1199 CC,74.0 bhp,91Nm@ 3500rpm,5.0,575000
Renault Duster,Renault,Duster,8,80000,individual,  Diesel ,Manual,19.01 kmpl,1461 CC,108.45 bhp,250Nm@ 1500-2500rpm,5.0,550000
Hyundai i20,Hyundai,i20,9,80000,Dealer,PETROL,Manual,17.0 kmpl,1197 CC,80.0 bhp,250Nm@ 1500-2500rpm,5.0,350000
Mahindra Scorpio,Mahindra,Scorpio,7,120000,Individual,Diesel,Manual,15.4 kmpl,2179 CC,120.0 bhp,24@ 1900(kgm@ rpm),8.0,450000
Ford Aspire,Ford,Aspire,4,36000,DEALER,Diesel,Manual,25.83 kmpl,1498 CC,99.0 bhp,24@ 1900(kgm@ rpm),5.0,585000
Maruti Swift Dzire,Maruti,Swift Dzire,8,80000,Individual,DIESEL,Manual,23.4 kmpl,1248 CC,74.0 bhp,91Nm@ 3500rpm,5.0,400000
Maruti Swift,Maruti,Swift,10,99008,  Dealer ,Diesel,Manual,,,74.0 bhp,,5.0,350000
Honda Amaze,Honda,Amaze,5,47000,Dealer,Petrol,Automatic,18.1 kmpl,1199 CC,88.7 bhp,170Nm@ 1800-2400rpm,5.0,550000
Hyundai i10,Hyundai,i10,11,70000,Individual,Petrol,Manual,19.81 kmpl,1086 CC,68.05 bhp,91Nm@ 3500rpm,5.0,199000
Hyundai i10,Hyundai,i10,10,30000,Individual,PETROL,Automatic,16.95 kmpl,1197 CC,78.9 bhp,190Nm@ 2000rpm,5.0,225000
Hyundai Santro,Hyundai,Santro,10,49000,Dealer,PETROL,Manual,17.92 kmpl,1086 CC,62.1 bhp,250Nm@ 1500-2500rpm,5.0,195000
Maruti Ertiga,Maruti,Ertiga,9,74675,Dealer,  Diesel ,Manual,20.77 kmpl,1248 CC,88.76 bhp,170Nm@ 1800-2400rpm,7.0,499000
Mercedes-Benz GL-Class,Mercedes-Benz,GL-Class,8,153000,Dealer,diesel,Automatic,12.0 kmpl,2987 CC,224.0 bhp,190Nm@ 2000rpm,7.0,2600000
Maruti Alto,Maruti,Alto,4,45000,dealer,  CNG ,Manual,33.44 km/kg,796 CC,40.3 bhp,113Nm@ 4000rpm,4.0,290000
Renault KWID,Renault,KWID,4,15000,  Individual ,PETROL,Manual,23.01 kmpl,999 CC,67.0 bhp,190Nm@ 2000rpm,5.0,370000
Maruti Vitara,Maruti,Vitara,3,15000,Individual,diesel,Manual,24.3 kmpl,1248 CC,,113Nm@ 4000rpm,5.0,750000
Toyota Fortuner,Toyota,Fortuner,4,70000,dealer,Diesel,Manual,14.24 kmpl,,174.5 bhp,,,2550000
Hyundai Tucson,Hyundai,Tucson,4,62450,Dealer,Diesel,Automatic,16.38 kmpl,1995 CC,182.46 bhp,"12.7@ 2,700(kgm@ rpm)",5.0,1649000
Maruti Ciaz,Maruti,Ciaz,2,27000,Dealer,  Petrol ,Manual,,1373 CC,91.1 bhp,113Nm@ 4000rpm,5.0,848000
Volkswagen Vento,Volkswagen,Vento,7,52000,dealer,petrol,Automatic,16.93 kmpl,1197 CC,103.2 bhp,91Nm@ 3500rpm,,645000
Ford Ecosport,Ford,Ecosport,7,46412,Dealer,Diesel,Manual,21.7 kmpl,1498 CC,98.96 bhp,190Nm@ 2000rpm,5.0,560000
Maruti Ertiga,Maruti,Ertiga,6,40000,Dealer,Diesel,Manual,,1248 CC,88.5 bhp,113Nm@ 4000rpm,7.0,800000
Kia Seltos,Kia,Seltos,1,13000,  Dealer ,Petrol,Automatic,16.8 kmpl,1497 CC,113.4 bhp,170Nm@ 1800-2400rpm,5.0,1650000
Volkswagen Polo,Volkswagen,Polo,8,55322,Dealer,  Petrol ,Manual,16.47 kmpl,1198 CC,74.0 bhp,170Nm@ 1800-2400rpm,5.0,421000
Mahindra Scorpio,Mahindra,Scorpio,2,20000,  Individual ,Diesel,Manual,15.4 kmpl,2523 CC,,250Nm@ 1500-2500rpm,7.0,982000
Mahindra Bolero,Mahindra,Bolero,3,60000,Individual,Diesel,Manual,15.96 kmpl,2523 CC,62.1 bhp,91Nm@ 3500rpm,7.0,750000
Honda Amaze,Honda,Amaze,4,51000,INDIVIDUAL,Petrol,Manual,17.8 kmpl,1198 CC,86.7 bhp,91Nm@ 3500rpm,5.0,600000
Hyundai i10,Hyundai,i10,5,50000,Individual,Petrol,Manual,19.81 kmpl,1086 CC,68.05 bhp,"12.7@ 2,700(kgm@ rpm)",5.0,428000
Maruti Baleno,Maruti,Baleno,4,39000,Dealer,Diesel,Manual,27.39 kmpl,1248 CC,,113Nm@ 4000rpm,5.0,695000
Maruti Alto,Maruti,Alto,4,50000,INDIVIDUAL,Petrol,Manual,24.7 kmpl,796 CC,47.3 bhp,91Nm@ 3500rpm,5.0,280000
Maruti Vitara,Maruti,Vitara,4,83000,Dealer,Diesel,Manual,24.3 kmpl,1248 CC,88.5 bhp,200Nm@ 1750rpm,5.0,785000
Tata Harrier,Tata,Harrier,1,10000,Individual,DIESEL,Manual,17.0 kmpl,1956 CC,167.67 bhp,190Nm@ 2000rpm,5.0,1228000
Hyundai Creta,Hyundai,Creta,3,80000,Individual,Diesel,Manual,,1396 CC,88.7 bhp,190Nm@ 2000rpm,5.0,910000
Hyundai i20,Hyundai,i20,1,3700,Trustmark Dealer,Petrol,Manual,18.6 kmpl,1197 CC,81.86 bhp,91Nm@ 3500rpm,5.0,765000
Honda City,Honda,City,4,80000,individual,Diesel,Manual,26.0 kmpl,1498 CC,98.6 bhp,91Nm@ 3500rpm,,700000
Toyota Innova,Toyota,Innova,2,15000,INDIVIDUAL,Diesel,Manual,13.68 kmpl,2393 CC,147.8 bhp,24@ 1900(kgm@ rpm),8.0,1570000
Hyundai i20,Hyundai,i20,3,32000,dealer,Diesel,Manual,21.19 kmpl,1396 CC,,91Nm@ 3500rpm,5.0,860000
Mahindra Scorpio,Mahindra,Scorpio,4,42000,Dealer,diesel,Manual,15.4 kmpl,1997 CC,120.0 bhp,200Nm@ 1750rpm,7.0,1025000
Hyundai Verna,Hyundai,Verna,5,53075,  Dealer ,Petrol,Automatic,17.1 kmpl,1591 CC,121.4 bhp,91Nm@ 3500rpm,5.0,675000
Honda Amaze,Honda,Amaze,8,54000,Dealer,Diesel,Manual,25.8 kmpl,1498 CC,98.6 bhp,250Nm@ 1500-2500rpm,5.0,380000
Mahindra Scorpio,Mahindra,Scorpio,5,30000,Dealer,Diesel,Manual,15.4 kmpl,2179 CC,120.0 bhp,24@ 1900(kgm@ rpm),7.0,1000000
Maruti Alto,Maruti,Alto,3,6800,Dealer,PETROL,Manual,23.95 kmpl,998 CC,67.05 bhp,250Nm@ 1500-2500rpm,5.0,375000
Ford Endeavour,Ford,Endeavour,5,64000,Dealer,DIESEL,Manual,13.5 kmpl,2198 CC,157.7 bhp,170Nm@ 1800-2400rpm,7.0,2090000
Honda Amaze,Honda,Amaze,5,48000,Dealer,Petrol,Manual,18.6 kmpl,1199 CC,88.76 bhp,24@ 1900(kgm@ rpm),5.0,425000
Mahindra Scorpio,Mahindra,Scorpio,10,60000,Individual,Diesel,Manual,12.05 kmpl,2179 CC,120.0 bhp,250Nm@ 1500-2500rpm,8.0,465000
Toyota Innova,Toyota,Innova,2,20000,DEALER,diesel,Automatic,13.68 kmpl,2393 CC,147.51 bhp,91Nm@ 3500rpm,7.0,1835000
Maruti Celerio,Maruti,Celerio,5,67000,Dealer,  Petrol ,Automatic,,998 CC,67.04 bhp,113Nm@ 4000rpm,5.0,415000
Maruti Alto,Maruti,Alto,4,35668,Dealer,Petrol,Automatic,23.95 kmpl,998 CC,67.1 bhp,"12.7@ 2,700(kgm@ rpm)",5.0,369000
Toyota Camry,Toyota,Camry,6,73000,Dealer,Petrol,Automatic,12.98 kmpl,2494 CC,178.3 bhp,250Nm@ 1500-2500rpm,5.0,1550000
BMW 5,BMW,5,3,36000,Dealer,  Diesel ,Automatic,22.48 kmpl,1995 CC,187.74 bhp,24@ 1900(kgm@ rpm),5.0,4200000
Mahindra XUV500,Mahindra,XUV500,3,68000,  Dealer ,Diesel,Manual,16.0 kmpl,2179 CC,140.0 bhp,91Nm@ 3500rpm,7.0,1650000
Honda City,Honda,City,4,91000,Dealer,Diesel,Manual,25.6 kmpl,1498 CC,97.9 bhp,91Nm@ 3500rpm,5.0,850000
Maruti Ciaz,Maruti,Ciaz,4,50000,Individual,petrol,Automatic,19.12 kmpl,1373 CC,91.1 bhp,24@ 1900(kgm@ rpm),5.0,780000
Ford Freestyle,Ford,Freestyle,3,35000,Individual,Petrol,Manual,19.0 kmpl,1194 CC,94.68 bhp,250Nm@ 1500-2500rpm,5.0,650000
Hyundai i20,Hyundai,i20,5,70000,Individual,petrol,Manual,18.6 kmpl,1197 CC,81.83 bhp,170Nm@ 1800-2400rpm,5.0,450000
Tata Safari,Tata,Safari,14,74555,Dealer,Diesel,Manual,11.57 kmpl,2179 CC,138.1 bhp,190Nm@ 2000rpm,,105000
Hyundai i10,Hyundai,i10,7,57723,Dealer,Petrol,Manual,20.36 kmpl,1197 CC,78.9 bhp,24@ 1900(kgm@ rpm),5.0,350000
Hyundai i20,Hyundai,i20,11,220000,Individual,  Petrol ,Manual,17.0 kmpl,1197 CC,80.0 bhp,250Nm@ 1500-2500rpm,5.0,204000
Mercedes-Benz S-Class,Mercedes-Benz,S-Class,5,41000,dealer,Petrol,Automatic,7.81 kmpl,5461 CC,362.9 bhp,24@ 1900(kgm@ rpm),5.0,11000000
Ford Ecosport,Ford,Ecosport,7,80000,Dealer,diesel,Manual,22.7 kmpl,1498 CC,89.84 bhp,170Nm@ 1800-2400rpm,5.0,590000
Hyundai i20,Hyundai,i20,5,60000,Dealer,Petrol,Manual,18.6 kmpl,1197 CC,81.83 bhp,200Nm@ 1750rpm,5.0,515000
Audi A4,Audi,A4,8,43000,Dealer,DIESEL,Automatic,,1968 CC,147.51 bhp,"12.7@ 2,700(kgm@ rpm)",5.0,1350000
Hyundai i20,Hyundai,i20,8,55000,DEALER,Diesel,Manual,21.9 kmpl,1396 CC,88.76 bhp,113Nm@ 4000rpm,5.0,385000
Maruti Alto,Maruti,Alto,15,110000,Individual,petrol,Manual,19.7 kmpl,796 CC,46.3 bhp,113Nm@ 4000rpm,5.0,115000
Hyundai i20,Hyundai,i20,9,100000,Individual,  Diesel ,Manual,,,90.0 bhp,,5.0,450000
Hyundai i20,Hyundai,i20,4,60000,Individual,DIESEL,Manual,22.54 kmpl,1396 CC,88.73 bhp,113Nm@ 4000rpm,5.0,625000
Hyundai Verna,Hyundai,Verna,11,10000,INDIVIDUAL,Petrol,Manual,16.2 kmpl,1599 CC,103.2 bhp,"12.7@ 2,700(kgm@ rpm)",5.0,370000
Maruti Alto,Maruti,Alto,8,23460,Dealer,Petrol,Manual,23.95 kmpl,998 CC,67.05 bhp,250Nm@ 1500-2500rpm,5.0,240000
Tata Tigor,Tata,Tigor,1,12000,Dealer,Petrol,Manual,20.3 kmpl,1199 CC,112.44 bhp,,5.0,565000
Honda Amaze,Honda,Amaze,6,120000,individual,Petrol,Manual,18.0 kmpl,1198 CC,86.7 bhp,91Nm@ 3500rpm,5.0,280000
Hyundai Elantra,Hyundai,Elantra,5,29000,Dealer,diesel,Automatic,19.5 kmpl,1582 CC,126.24 bhp,24@ 1900(kgm@ rpm),5.0,1351000
Maruti Vitara,Maruti,Vitara,5,75000,Individual,DIESEL,Manual,24.3 kmpl,1248 CC,88.5 bhp,190Nm@ 2000rpm,5.0,825000
Renault Duster,Renault,Duster,7,55582,  Dealer ,diesel,Manual,20.45 kmpl,1461 CC,83.8 bhp,200Nm@ 1750rpm,5.0,450000
Maruti Baleno,Maruti,Baleno,3,50000,Individual,PETROL,Manual,21.4 kmpl,1197 CC,83.1 bhp,200Nm@ 1750rpm,5.0,560000
Hyundai i20,Hyundai,i20,5,23500,  Dealer ,Petrol,Manual,18.6 kmpl,1197 CC,81.83 bhp,91Nm@ 3500rpm,5.0,590000
BMW 5,BMW,5,2,8100,Dealer,Diesel,Automatic,18.12 kmpl,1995 CC,,113Nm@ 4000rpm,5.0,5005000
Maruti Baleno,Maruti,Baleno,5,50000,Individual,PETROL,Automatic,21.4 kmpl,1197 CC,83.1 bhp,200Nm@ 1750rpm,5.0,650000
Toyota Innova,Toyota,Innova,5,120000,Dealer,Diesel,Automatic,11.36 kmpl,2755 CC,171.5 bhp,200Nm@ 1750rpm,7.0,1685000
Maruti Swift,Maruti,Swift,8,72000,Dealer,Diesel,Manual,28.4 kmpl,1248 CC,74.0 bhp,113Nm@ 4000rpm,5.0,410000
Honda Jazz,Honda,Jazz,6,68757,  Dealer ,Diesel,Manual,27.3 kmpl,1498 CC,98.6 bhp,91Nm@ 3500rpm,5.0,640000
Maruti Celerio,Maruti,Celerio,7,40860,dealer,Petrol,Manual,21.63 kmpl,998 CC,67.04 bhp,"12.7@ 2,700(kgm@ rpm)",5.0,345000
Maruti Alto,Maruti,Alto,1,5000,Individual,petrol,Manual,22.05 kmpl,796 CC,47.3 bhp,91Nm@ 3500rpm,5.0,290000
Hyundai i10,Hyundai,i10,9,25000,Individual,Petrol,Manual,19.81 kmpl,1086 CC,,190Nm@ 2000rpm,5.0,200000
Ford Ecosport,Ford,Ecosport,7,68111,Dealer,Diesel,Manual,22.7 kmpl,1498 CC,89.84 bhp,24@ 1900(kgm@ rpm),5.0,525000
Maruti Alto,Maruti,Alto,9,75000,Individual,PETROL,Manual,,796 CC,46.3 bhp,"12.7@ 2,700(kgm@ rpm)",5.0,222000
Honda Civic,Honda,Civic,11,80000,Dealer,petrol,Manual,14.8 kmpl,1799 CC,130.2 bhp,190Nm@ 2000rpm,5.0,285000
Honda City,Honda,City,6,80000,INDIVIDUAL,Diesel,Manual,26.0 kmpl,1498 CC,98.6 bhp,170Nm@ 1800-2400rpm,5.0,550000
Tata Hexa,Tata,Hexa,4,30000,Individual,diesel,Manual,17.6 kmpl,2179 CC,153.86 bhp,250Nm@ 1500-2500rpm,7.0,1330000
Mahindra Scorpio,Mahindra,Scorpio,5,64312,dealer,Diesel,Manual,15.4 kmpl,2179 CC,120.0 bhp,200Nm@ 1750rpm,7.0,825000
Honda City,Honda,City,7,56664,Dealer,diesel,Manual,25.6 kmpl,1498 CC,97.9 bhp,113Nm@ 4000rpm,5.0,591000
Maruti Ciaz,Maruti,Ciaz,4,55000,Dealer,Diesel,Manual,28.09 kmpl,1248 CC,88.5 bhp,24@ 1900(kgm@ rpm),5.0,735000
Mahindra XUV500,Mahindra,XUV500,5,83000,Dealer,Diesel,Manual,16.0 kmpl,1997 CC,140.0 bhp,200Nm@ 1750rpm,,1025000
Mahindra Scorpio,Mahindra,Scorpio,10,88000,Dealer,Diesel,Manual,13.5 kmpl,2179 CC,115.0 bhp,190Nm@ 2000rpm,5.0,499000
Hyundai i20,Hyundai,i20,6,56000,Dealer,DIESEL,Manual,21.19 kmpl,,88.73 bhp,,5.0,585000
Mahindra KUV100,Mahindra,KUV100,3,30000,INDIVIDUAL,DIESEL,Manual,25.32 kmpl,1198 CC,77.0 bhp,24@ 1900(kgm@ rpm),6.0,500000
Hyundai i10,Hyundai,i10,9,10723,Dealer,Petrol,Manual,19.81 kmpl,1086 CC,68.05 bhp,113Nm@ 4000rpm,,250000
Skoda Superb,Skoda,Superb,12,68387,Dealer,Petrol,Automatic,12.0 kmpl,3597 CC,260.0 bhp,113Nm@ 4000rpm,5.0,499000
Maruti Vitara,Maruti,Vitara,4,62428,Dealer,Diesel,Manual,24.3 kmpl,1248 CC,88.5 bhp,190Nm@ 2000rpm,5.0,900000
Ford Figo,Ford,Figo,9,68000,Dealer,diesel,Manual,20.0 kmpl,1399 CC,68.05 bhp,250Nm@ 1500-2500rpm,5.0,169000
Maruti Celerio,Maruti,Celerio,5,54000,Dealer,Petrol,Automatic,23.1 kmpl,998 CC,67.04 bhp,24@ 1900(kgm@ rpm),5.0,450000
Mercedes-Benz E-Class,Mercedes-Benz,E-Class,4,24000,Dealer,Petrol,Automatic,15.0 kmpl,,194.4 bhp,,5.0,4100000
Honda Amaze,Honda,Amaze,8,75000,dealer,Diesel,Manual,25.8 kmpl,1498 CC,98.6 bhp,200Nm@ 1750rpm,5.0,325000
Toyota Fortuner,Toyota,Fortuner,2,22600,Dealer,Diesel,Manual,14.24 kmpl,2755 CC,174.5 bhp,113Nm@ 4000rpm,7.0,3300000
Maruti Celerio,Maruti,Celerio,4,40000,  Individual ,Petrol,Automatic,23.1 kmpl,998 CC,67.04 bhp,"12.7@ 2,700(kgm@ rpm)",5.0,420000
Skoda Superb,Skoda,Superb,8,65000,Dealer,Diesel,Manual,17.2 kmpl,1968 CC,138.1 bhp,190Nm@ 2000rpm,5.0,499000
Maruti Swift Dzire,Maruti,Swift Dzire,7,50340,Dealer,Petrol,Manual,19.1 kmpl,1197 CC,,91Nm@ 3500rpm,5.0,540000
Mahindra Bolero,Mahindra,Bolero,8,65784,Dealer,Diesel,Manual,15.96 kmpl,2523 CC,,,7.0,345000
Skoda Rapid,Skoda,Rapid,5,90000,Individual,Diesel,Automatic,21.66 kmpl,1498 CC,103.52 bhp,250Nm@ 1500-2500rpm,5.0,550000
BMW 7,BMW,7,9,70000,Dealer,petrol,Automatic,,2979 CC,321.0 bhp,250Nm@ 1500-2500rpm,5.0,1900000
Volkswagen Polo,Volkswagen,Polo,7,85000,INDIVIDUAL,  Petrol ,Manual,16.47 kmpl,1198 CC,74.0 bhp,113Nm@ 4000rpm,5.0,290000
Tata Hexa,Tata,Hexa,4,50000,Individual,Diesel,Manual,17.6 kmpl,2179 CC,153.86 bhp,24@ 1900(kgm@ rpm),7.0,1500000
Maruti Swift Dzire,Maruti,Swift Dzire,4,25000,Individual,Diesel,Automatic,28.4 kmpl,1248 CC,74.02 bhp,24@ 1900(kgm@ rpm),5.0,850000
Mahindra Scorpio,Mahindra,Scorpio,4,70000,Individual,diesel,Manual,,1997 CC,120.0 bhp,113Nm@ 4000rpm,7.0,1100000
Honda WR-V,Honda,WR-V,4,15000,Individual,  Petrol ,Manual,17.5 kmpl,1199 CC,88.7 bhp,190Nm@ 2000rpm,5.0,650000
Honda Amaze,Honda,Amaze,6,28000,Individual,Petrol,Manual,18.0 kmpl,,86.7 bhp,,5.0,450000
Skoda Octavia,Skoda,Octavia,3,29454,Dealer,PETROL,Automatic,15.1 kmpl,1798 CC,178.0 bhp,200Nm@ 1750rpm,5.0,2195000
Maruti Eeco,Maruti,Eeco,5,37000,dealer,CNG,Manual,,1196 CC,73.0 bhp,200Nm@ 1750rpm,5.0,285000
Hyundai Grand,Hyundai,Grand,7,56000,DEALER,Diesel,Manual,24.0 kmpl,1120 CC,,170Nm@ 1800-2400rpm,5.0,325000
Ford Figo,Ford,Figo,11,80000,individual,Petrol,Manual,15.6 kmpl,1196 CC,70.0 bhp,190Nm@ 2000rpm,5.0,200000
Maruti Celerio,Maruti,Celerio,5,16393,Dealer,Petrol,Automatic,21.63 kmpl,998 CC,67.04 bhp,113Nm@ 4000rpm,5.0,450000
Hyundai i20,Hyundai,i20,3,25000,Individual,Petrol,Manual,,1197 CC,,"12.7@ 2,700(kgm@ rpm)",5.0,700000
Skoda Rapid,Skoda,Rapid,3,40000,Individual,Petrol,Automatic,14.84 kmpl,1598 CC,103.2 bhp,113Nm@ 4000rpm,5.0,700000
Honda Civic,Honda,Civic,11,100000,INDIVIDUAL,Petrol,Automatic,12.9 kmpl,1799 CC,130.0 bhp,200Nm@ 1750rpm,5.0,275000
Hyundai i10,Hyundai,i10,11,65000,DEALER,Petrol,Manual,19.81 kmpl,1086 CC,68.05 bhp,200Nm@ 1750rpm,5.0,175000
Honda City,Honda,City,5,56210,  Dealer ,Petrol,Manual,17.8 kmpl,1497 CC,117.3 bhp,170Nm@ 1800-2400rpm,5.0,715000
Toyota Fortuner,Toyota,Fortuner,4,34000,Dealer,Diesel,Automatic,15.04 kmpl,2755 CC,174.5 bhp,"12.7@ 2,700(kgm@ rpm)",7.0,3200000
Maruti Swift Dzire,Maruti,Swift Dzire,5,90000,INDIVIDUAL,Petrol,Manual,20.85 kmpl,1197 CC,83.14 bhp,113Nm@ 4000rpm,5.0,550000
Volkswagen Polo,Volkswagen,Polo,10,98000,Dealer,DIESEL,Manual,,1199 CC,73.9 bhp,113Nm@ 4000rpm,5.0,200000
Toyota Glanza,Toyota,Glanza,2,10000,Individual,  Petrol ,Manual,21.01 kmpl,1197 CC,81.8 bhp,,5.0,750000
Hyundai Creta,Hyundai,Creta,4,53000,  Individual ,DIESEL,Manual,21.38 kmpl,1396 CC,88.7 bhp,"12.7@ 2,700(kgm@ rpm)",5.0,1100000
Hyundai i20,Hyundai,i20,6,56490,  Dealer ,Diesel,Manual,22.54 kmpl,1396 CC,88.73 bhp,200Nm@ 1750rpm,5.0,525000
Maruti Swift,Maruti,Swift,9,60000,individual,Diesel,Manual,22.9 kmpl,1248 CC,74.0 bhp,190Nm@ 2000rpm,5.0,380000
Hyundai Grand,Hyundai,Grand,1,5600,Individual,Petrol,Manual,18.9 kmpl,1197 CC,81.86 bhp,24@ 1900(kgm@ rpm),5.0,580000
Honda Amaze,Honda,Amaze,8,41000,Dealer,petrol,Manual,18.0 kmpl,1198 CC,86.7 bhp,,5.0,365000
Maruti Eeco,Maruti,Eeco,11,22000,Individual,Petrol,Manual,,1196 CC,73.0 bhp,24@ 1900(kgm@ rpm),5.0,130000
Honda City,Honda,City,4,55000,Dealer,Petrol,Manual,17.8 kmpl,1497 CC,117.3 bhp,24@ 1900(kgm@ rpm),5.0,575000
Maruti Wagon R,Maruti,Wagon R,7,20000,Individual,Petrol,Manual,20.51 kmpl,,67.04 bhp,,5.0,300000
Ford Ecosport,Ford,Ecosport,5,60000,Individual,diesel,Manual,,1498 CC,98.59 bhp,170Nm@ 1800-2400rpm,5.0,700000
Maruti Wagon R,Maruti,Wagon R,9,58000,dealer,Petrol,Manual,18.9 kmpl,998 CC,67.1 bhp,170Nm@ 1800-2400rpm,5.0,310000
Audi A4,Audi,A4,8,29000,Dealer,Diesel,Automatic,18.25 kmpl,1968 CC,187.74 bhp,250Nm@ 1500-2500rpm,5.0,1250000
Renault Duster,Renault,Duster,7,42000,  Dealer ,Diesel,Manual,19.01 kmpl,1461 CC,108.45 bhp,91Nm@ 3500rpm,5.0,500000
Maruti Alto,Maruti,Alto,16,70000,Individual,Petrol,Manual,19.7 kmpl,796 CC,46.3 bhp,250Nm@ 1500-2500rpm,5.0,85000
Maruti Swift,Maruti,Swift,6,34000,Individual,Petrol,Manual,20.4 kmpl,1197 CC,81.8 bhp,113Nm@ 4000rpm,5.0,400000
Renault KWID,Renault,KWID,5,30000,Individual,Petrol,Manual,25.17 kmpl,799 CC,53.3 bhp,190Nm@ 2000rpm,5.0,225000
Maruti Celerio,Maruti,Celerio,4,9400,DEALER,Petrol,Automatic,23.1 kmpl,998 CC,,200Nm@ 1750rpm,5.0,470000
Hyundai i10,Hyundai,i10,5,32886,Dealer,Petrol,Manual,20.36 kmpl,1197 CC,78.9 bhp,200Nm@ 1750rpm,5.0,449000
Volkswagen Polo,Volkswagen,Polo,6,44000,Dealer,Petrol,Automatic,17.21 kmpl,1197 CC,103.5 bhp,24@ 1900(kgm@ rpm),5.0,525000
Honda Amaze,Honda,Amaze,8,55000,Dealer,Petrol,Automatic,15.5 kmpl,1198 CC,,170Nm@ 1800-2400rpm,5.0,425000
Mahindra XUV500,Mahindra,XUV500,6,40000,Individual,Diesel,Manual,15.1 kmpl,2179 CC,140.0 bhp,"12.7@ 2,700(kgm@ rpm)",7.0,950000
Maruti Dzire VXI,Maruti,Dzire VXI,1,7151,Dealer,Petrol,Automatic,24.12 kmpl,,88.5 bhp,,5.0,790000
Maruti Baleno,Maruti,Baleno,5,37072,dealer,Petrol,Manual,,1197 CC,83.1 bhp,170Nm@ 1800-2400rpm,5.0,615000
Mahindra XUV500,Mahindra,XUV500,2,18000,Individual,  Diesel ,Manual,15.1 kmpl,2179 CC,152.87 bhp,200Nm@ 1750rpm,7.0,1400000
Datsun GO,Datsun,GO,5,11650,individual,Petrol,Manual,19.44 kmpl,1198 CC,67.0 bhp,190Nm@ 2000rpm,7.0,450000
Maruti Swift Dzire,Maruti,Swift Dzire,12,56000,dealer,Petrol,Manual,17.5 kmpl,1298 CC,85.8 bhp,91Nm@ 3500rpm,5.0,325000
Mahindra Scorpio,Mahindra,Scorpio,5,63452,  Dealer ,diesel,Manual,15.4 kmpl,2179 CC,120.0 bhp,113Nm@ 4000rpm,7.0,1070000
Maruti Wagon R,Maruti,Wagon R,12,96547,Dealer,Petrol,Manual,18.9 kmpl,1061 CC,67.0 bhp,200Nm@ 1750rpm,5.0,290000
Maruti Celerio,Maruti,Celerio,4,40000,DEALER,CNG,Manual,31.79 km/kg,998 CC,58.2 bhp,"12.7@ 2,700(kgm@ rpm)",5.0,475000
Maruti Alto,Maruti,Alto,12,25000,Dealer,Petrol,Manual,19.7 kmpl,796 CC,,190Nm@ 2000rpm,5.0,155000
Hyundai i20,Hyundai,i20,2,3500,Dealer,diesel,Manual,22.54 kmpl,1396 CC,,190Nm@ 2000rpm,5.0,895000
Maruti Alto,Maruti,Alto,14,120000,individual,Petrol,Manual,19.7 kmpl,796 CC,46.3 bhp,170Nm@ 1800-2400rpm,5.0,90000
Hyundai Grand,Hyundai,Grand,5,54000,Dealer,diesel,Manual,24.0 kmpl,1120 CC,,91Nm@ 3500rpm,5.0,465000
Maruti Swift,Maruti,Swift,3,40000,  Individual ,PETROL,Automatic,22.0 kmpl,1197 CC,81.8 bhp,200Nm@ 1750rpm,5.0,630000
Toyota Innova,Toyota,Innova,2,26000,dealer,Diesel,Manual,13.68 kmpl,2393 CC,147.8 bhp,91Nm@ 3500rpm,7.0,1800000
Tata Safari,Tata,Safari,6,120000,Individual,Diesel,Manual,14.0 kmpl,2179 CC,138.1 bhp,113Nm@ 4000rpm,7.0,620000
Maruti Swift Dzire,Maruti,Swift Dzire,3,22251,  Trustmark Dealer ,Petrol,Manual,22.0 kmpl,1197 CC,81.8 bhp,190Nm@ 2000rpm,5.0,600000
Hyundai Creta,Hyundai,Creta,5,63000,  Dealer ,DIESEL,Manual,21.38 kmpl,1396 CC,88.7 bhp,24@ 1900(kgm@ rpm),5.0,750000
Hyundai i10,Hyundai,i10,6,19000,Dealer,Petrol,Manual,19.81 kmpl,1086 CC,68.05 bhp,170Nm@ 1800-2400rpm,5.0,360000
Renault KWID,Renault,KWID,4,10000,individual,Petrol,Manual,23.01 kmpl,999 CC,67.0 bhp,250Nm@ 1500-2500rpm,5.0,400000
Volkswagen Vento,Volkswagen,Vento,8,180000,individual,  Diesel ,Manual,20.54 kmpl,1598 CC,103.6 bhp,91Nm@ 3500rpm,5.0,350000
Hyundai Grand,Hyundai,Grand,6,8700,Dealer,  Petrol ,Manual,18.9 kmpl,1197 CC,82.0 bhp,190Nm@ 2000rpm,5.0,475000
Maruti Swift Dzire,Maruti,Swift Dzire,10,170000,INDIVIDUAL,DIESEL,Manual,19.3 kmpl,1248 CC,73.9 bhp,24@ 1900(kgm@ rpm),5.0,270000
BMW 7,BMW,7,13,70000,Dealer,petrol,Automatic,8.45 kmpl,2979 CC,,170Nm@ 1800-2400rpm,5.0,750000
Mahindra Bolero,Mahindra,Bolero,10,120000,Individual,Diesel,Manual,13.6 kmpl,2523 CC,63.0 bhp,200Nm@ 1750rpm,7.0,450000
Maruti Ertiga,Maruti,Ertiga,7,40000,DEALER,CNG,Manual,17.5 km/kg,1373 CC,80.46 bhp,190Nm@ 2000rpm,7.0,600000
Datsun RediGO,Datsun,RediGO,3,15000,Individual,Petrol,Manual,22.5 kmpl,999 CC,68.0 bhp,24@ 1900(kgm@ rpm),5.0,365000
BMW 5,BMW,5,7,41000,Dealer,  Diesel ,Automatic,22.48 kmpl,1995 CC,187.74 bhp,190Nm@ 2000rpm,5.0,1890000
Volkswagen Vento,Volkswagen,Vento,6,80000,INDIVIDUAL,  Diesel ,Manual,20.34 kmpl,1498 CC,103.2 bhp,190Nm@ 2000rpm,5.0,600000
Toyota Innova,Toyota,Innova,7,110000,Dealer,  Diesel ,Manual,12.99 kmpl,2494 CC,100.6 bhp,113Nm@ 4000rpm,8.0,1045000
Hyundai Verna,Hyundai,Verna,9,115721,dealer,Diesel,Manual,22.32 kmpl,1582 CC,126.32 bhp,250Nm@ 1500-2500rpm,5.0,495000
Maruti Wagon R,Maruti,Wagon R,6,25000,Individual,Petrol,Manual,,998 CC,67.04 bhp,91Nm@ 3500rpm,5.0,400000
Maruti Eeco,Maruti,Eeco,6,62000,Dealer,CNG,Manual,15.1 km/kg,1196 CC,73.0 bhp,24@ 1900(kgm@ rpm),5.0,295000
Mini Cooper,Mini,Cooper,8,40000,Dealer,Diesel,Automatic,23.8 kmpl,1998 CC,112.0 bhp,250Nm@ 1500-2500rpm,5.0,1800000
Datsun GO,Datsun,GO,6,27000,dealer,Petrol,Manual,19.44 kmpl,1198 CC,67.0 bhp,170Nm@ 1800-2400rpm,7.0,295000
Maruti Baleno,Maruti,Baleno,4,80000,  Individual ,Diesel,Manual,27.39 kmpl,1248 CC,74.0 bhp,200Nm@ 1750rpm,5.0,520000
Maruti Eeco,Maruti,Eeco,1,8200,INDIVIDUAL,PETROL,Manual,16.11 kmpl,1196 CC,72.42 bhp,"12.7@ 2,700(kgm@ rpm)",5.0,410000
Honda WR-V,Honda,WR-V,4,59934,Dealer,Diesel,Manual,25.5 kmpl,1498 CC,98.6 bhp,190Nm@ 2000rpm,5.0,850000
Hyundai Grand,Hyundai,Grand,7,43000,Dealer,Petrol,Manual,18.9 kmpl,1197 CC,,190Nm@ 2000rpm,5.0,380000
Honda Jazz,Honda,Jazz,5,9999,Individual,Diesel,Manual,27.3 kmpl,1498 CC,98.6 bhp,250Nm@ 1500-2500rpm,5.0,800000
Hyundai i20,Hyundai,i20,4,23082,Trustmark Dealer,  Petrol ,Manual,18.6 kmpl,1197 CC,81.83 bhp,190Nm@ 2000rpm,5.0,625000
Honda City,Honda,City,6,32000,  Dealer ,Petrol,Manual,17.4 kmpl,1497 CC,117.6 bhp,"12.7@ 2,700(kgm@ rpm)",5.0,755000
Maruti Eeco,Maruti,Eeco,10,79345,Dealer,Petrol,Manual,15.37 kmpl,1196 CC,73.0 bhp,91Nm@ 3500rpm,7.0,235000
Hyundai i20,Hyundai,i20,4,35000,DEALER,diesel,Manual,22.54 kmpl,,88.73 bhp,,5.0,500000
Hyundai Grand,Hyundai,Grand,7,55738,Dealer,Petrol,Automatic,18.9 kmpl,1197 CC,82.0 bhp,24@ 1900(kgm@ rpm),5.0,440000
Hyundai Grand,Hyundai,Grand,1,15000,Individual,Petrol,Manual,18.9 kmpl,1197 CC,81.86 bhp,170Nm@ 1800-2400rpm,5.0,511000
Hyundai Grand,Hyundai,Grand,6,41000,Dealer,Petrol,Automatic,18.9 kmpl,1197 CC,82.0 bhp,113Nm@ 4000rpm,5.0,540000
Hyundai Creta,Hyundai,Creta,6,70000,individual,Diesel,Manual,19.67 kmpl,1582 CC,126.2 bhp,170Nm@ 1800-2400rpm,5.0,890000
Hyundai Grand,Hyundai,Grand,5,15000,Individual,Petrol,Manual,18.9 kmpl,1197 CC,82.0 bhp,"12.7@ 2,700(kgm@ rpm)",5.0,425000
Hyundai Tucson,Hyundai,Tucson,5,119775,Dealer,Diesel,Automatic,16.38 kmpl,1995 CC,182.46 bhp,190Nm@ 2000rpm,5.0,1690000
Ford Figo,Ford,Figo,6,110000,individual,Diesel,Manual,20.0 kmpl,1399 CC,68.05 bhp,113Nm@ 4000rpm,5.0,380000
Tata Safari,Tata,Safari,7,119000,Dealer,Diesel,Manual,14.0 kmpl,2179 CC,138.1 bhp,200Nm@ 1750rpm,7.0,690000
Honda Amaze,Honda,Amaze,8,64000,Dealer,Diesel,Manual,25.8 kmpl,1498 CC,98.6 bhp,24@ 1900(kgm@ rpm),5.0,396000
Toyota Fortuner,Toyota,Fortuner,6,290000,Individual,DIESEL,Automatic,12.55 kmpl,2982 CC,168.5 bhp,250Nm@ 1500-2500rpm,7.0,1600000
Renault KWID,Renault,KWID,2,18000,Dealer,Petrol,Manual,23.01 kmpl,999 CC,67.0 bhp,113Nm@ 4000rpm,5.0,470000
Hyundai i20,Hyundai,i20,10,40000,  Dealer ,Petrol,Manual,17.0 kmpl,1197 CC,80.0 bhp,190Nm@ 2000rpm,5.0,250000
Honda Jazz,Honda,Jazz,4,31000,Dealer,  Petrol ,Manual,18.7 kmpl,1199 CC,88.7 bhp,24@ 1900(kgm@ rpm),5.0,489000
Maruti Wagon R,Maruti,Wagon R,13,105379,Dealer,CNG,Manual,26.6 km/kg,998 CC,58.16 bhp,170Nm@ 1800-2400rpm,5.0,219000
Maruti Eeco,Maruti,Eeco,5,38640,dealer,CNG,Manual,15.1 km/kg,1196 CC,73.0 bhp,113Nm@ 4000rpm,5.0,285000
Hyundai i20,Hyundai,i20,9,79330,  Dealer ,Petrol,Manual,17.0 kmpl,1197 CC,80.0 bhp,113Nm@ 4000rpm,5.0,375000
Ford Endeavour,Ford,Endeavour,4,79000,dealer,Diesel,Automatic,,3198 CC,197.0 bhp,200Nm@ 1750rpm,7.0,2750000
Skoda Octavia,Skoda,Octavia,6,61348,dealer,Diesel,Automatic,19.3 kmpl,1968 CC,141.0 bhp,24@ 1900(kgm@ rpm),5.0,1000000
Hyundai Creta,Hyundai,Creta,5,120000,Individual,Diesel,Manual,19.67 kmpl,1582 CC,126.2 bhp,190Nm@ 2000rpm,5.0,875000
Mahindra Scorpio,Mahindra,Scorpio,13,198000,Individual,diesel,Manual,10.5 kmpl,2179 CC,,190Nm@ 2000rpm,7.0,350000
Maruti Swift Dzire,Maruti,Swift Dzire,4,39500,Dealer,PETROL,Automatic,22.0 kmpl,,81.8 bhp,,5.0,725000
Volkswagen Polo,Volkswagen,Polo,2,12600,Dealer,petrol,Manual,16.2 kmpl,1199 CC,74.0 bhp,200Nm@ 1750rpm,5.0,625000
Maruti Swift,Maruti,Swift,11,80000,Individual,Diesel,Manual,17.8 kmpl,1248 CC,75.0 bhp,24@ 1900(kgm@ rpm),5.0,270000
Mahindra XUV500,Mahindra,XUV500,6,70000,Individual,Diesel,Manual,16.0 kmpl,1997 CC,140.0 bhp,24@ 1900(kgm@ rpm),7.0,850000
Toyota Innova,Toyota,Innova,4,47000,  Dealer ,  Diesel ,Manual,13.68 kmpl,2393 CC,147.51 bhp,190Nm@ 2000rpm,7.0,1750000
Hyundai Creta,Hyundai,Creta,5,37895,DEALER,Diesel,Manual,21.38 kmpl,1396 CC,88.7 bhp,91Nm@ 3500rpm,5.0,709000
Maruti Ciaz,Maruti,Ciaz,2,5000,Dealer,  Petrol ,Manual,21.56 kmpl,1462 CC,103.25 bhp,250Nm@ 1500-2500rpm,5.0,830000
Maruti Alto,Maruti,Alto,5,29000,INDIVIDUAL,Petrol,Manual,22.74 kmpl,796 CC,,170Nm@ 1800-2400rpm,5.0,240000
Mahindra XUV500,Mahindra,XUV500,6,85000,Individual,Diesel,Manual,16.0 kmpl,2179 CC,140.0 bhp,190Nm@ 2000rpm,,1300000
Hyundai i10,Hyundai,i10,10,83347,Dealer,Petrol,Manual,20.36 kmpl,1197 CC,78.9 bhp,200Nm@ 1750rpm,5.0,385000
Mercedes-Benz E-Class,Mercedes-Benz,E-Class,5,45000,Dealer,Diesel,Automatic,13.0 kmpl,2143 CC,204.0 bhp,170Nm@ 1800-2400rpm,5.0,2475000
Hyundai i20,Hyundai,i20,3,70000,Individual,Diesel,Manual,22.54 kmpl,1396 CC,88.73 bhp,190Nm@ 2000rpm,,920000
Renault KWID,Renault,KWID,5,21200,dealer,Petrol,Manual,22.3 kmpl,799 CC,53.26 bhp,200Nm@ 1750rpm,5.0,345000
Hyundai Elantra,Hyundai,Elantra,3,32000,DEALER,Petrol,Automatic,14.62 kmpl,1999 CC,149.92 bhp,200Nm@ 1750rpm,5.0,1199000
Maruti Vitara,Maruti,Vitara,2,12509,TRUSTMARK DEALER,Diesel,Manual,24.3 kmpl,1248 CC,88.5 bhp,91Nm@ 3500rpm,5.0,875000
Renault Duster,Renault,Duster,5,73000,Dealer,Diesel,Automatic,19.6 kmpl,1461 CC,108.45 bhp,250Nm@ 1500-2500rpm,5.0,895000
Renault KWID,Renault,KWID,2,23000,Dealer,Petrol,Manual,25.17 kmpl,799 CC,53.3 bhp,24@ 1900(kgm@ rpm),5.0,425000
Mercedes-Benz S-Class,Mercedes-Benz,S-Class,9,63000,dealer,Petrol,Automatic,13.0 kmpl,2987 CC,210.0 bhp,200Nm@ 1750rpm,,1999000
Maruti Swift Dzire,Maruti,Swift Dzire,4,41000,  Dealer ,diesel,Manual,26.59 kmpl,1248 CC,74.0 bhp,91Nm@ 3500rpm,5.0,470000
Hyundai i20,Hyundai,i20,8,36000,Dealer,PETROL,Manual,18.5 kmpl,1197 CC,82.9 bhp,91Nm@ 3500rpm,5.0,324000
Maruti Alto,Maruti,Alto,3,25000,INDIVIDUAL,Petrol,Manual,24.7 kmpl,796 CC,47.3 bhp,170Nm@ 1800-2400rpm,5.0,300000
Maruti Swift Dzire,Maruti,Swift Dzire,6,69000,Dealer,DIESEL,Manual,26.59 kmpl,1248 CC,74.0 bhp,170Nm@ 1800-2400rpm,5.0,685000
Maruti Ertiga,Maruti,Ertiga,4,49000,Dealer,CNG,Manual,17.5 km/kg,1373 CC,80.46 bhp,170Nm@ 1800-2400rpm,7.0,775000
Ford Figo,Ford,Figo,11,89226,Dealer,Diesel,Manual,20.0 kmpl,1399 CC,68.0 bhp,190Nm@ 2000rpm,5.0,300000
Honda City,Honda,City,7,66100,Dealer,diesel,Manual,26.0 kmpl,1498 CC,98.6 bhp,170Nm@ 1800-2400rpm,5.0,530000
Hyundai i20,Hyundai,i20,6,18000,Individual,Diesel,Manual,21.19 kmpl,1396 CC,88.73 bhp,113Nm@ 4000rpm,5.0,600000
Hyundai i10,Hyundai,i10,10,40300,Dealer,Petrol,Manual,20.36 kmpl,1197 CC,78.9 bhp,24@ 1900(kgm@ rpm),5.0,335000
Tata Safari,Tata,Safari,9,67000,  Individual ,Diesel,Manual,11.57 kmpl,2179 CC,138.1 bhp,"12.7@ 2,700(kgm@ rpm)",7.0,400000
Maruti Wagon R,Maruti,Wagon R,2,6000,Dealer,Petrol,Manual,,1197 CC,81.8 bhp,200Nm@ 1750rpm,5.0,500000
Maruti Celerio,Maruti,Celerio,2,60000,Individual,  CNG ,Manual,31.79 km/kg,998 CC,58.33 bhp,250Nm@ 1500-2500rpm,5.0,400000
Mahindra Scorpio,Mahindra,Scorpio,6,110000,Individual,Diesel,Manual,15.4 kmpl,1997 CC,120.0 bhp,24@ 1900(kgm@ rpm),7.0,900000
Renault KWID,Renault,KWID,5,26957,DEALER,Petrol,Manual,25.17 kmpl,799 CC,53.3 bhp,190Nm@ 2000rpm,5.0,365000
Hyundai Creta,Hyundai,Creta,4,7900,Dealer,Petrol,Manual,15.29 kmpl,1591 CC,121.3 bhp,"12.7@ 2,700(kgm@ rpm)",5.0,1175000
Hyundai Elantra,Hyundai,Elantra,8,56000,Dealer,Diesel,Automatic,19.5 kmpl,1582 CC,126.24 bhp,113Nm@ 4000rpm,5.0,590000
Hyundai i10,Hyundai,i10,9,70000,Individual,PETROL,Manual,19.81 kmpl,1086 CC,68.05 bhp,200Nm@ 1750rpm,5.0,225000
BMW 7,BMW,7,8,89000,dealer,diesel,Automatic,14.49 kmpl,2993 CC,258.0 bhp,190Nm@ 2000rpm,5.0,1999000
Maruti Baleno,Maruti,Baleno,1,1500,Individual,Petrol,Manual,21.01 kmpl,1197 CC,81.8 bhp,"12.7@ 2,700(kgm@ rpm)",5.0,624000
Maruti Alto,Maruti,Alto,12,46500,Individual,Petrol,Manual,19.7 kmpl,796 CC,46.3 bhp,24@ 1900(kgm@ rpm),5.0,130000
Hyundai Verna,Hyundai,Verna,8,100000,INDIVIDUAL,Diesel,Manual,22.32 kmpl,1582 CC,126.32 bhp,170Nm@ 1800-2400rpm,5.0,487000
Hyundai Verna,Hyundai,Verna,3,16000,DEALER,Petrol,Automatic,17.0 kmpl,1591 CC,121.3 bhp,24@ 1900(kgm@ rpm),5.0,1125000
Hyundai Grand,Hyundai,Grand,4,50000,Individual,Diesel,Manual,24.0 kmpl,1186 CC,73.97 bhp,"12.7@ 2,700(kgm@ rpm)",5.0,500000
Maruti Swift Dzire,Maruti,Swift Dzire,8,90000,  Individual ,DIESEL,Manual,23.4 kmpl,1248 CC,74.0 bhp,,5.0,400000
Maruti Swift,Maruti,Swift,8,60000,individual,Diesel,Manual,22.9 kmpl,1248 CC,74.0 bhp,113Nm@ 4000rpm,5.0,380000
Land Rover Rover,Land Rover,Rover,7,52000,dealer,  Diesel ,Automatic,12.7 kmpl,2179 CC,187.7 bhp,170Nm@ 1800-2400rpm,5.0,2400000
Maruti Swift,Maruti,Swift,6,90000,  Dealer ,diesel,Manual,,1248 CC,74.0 bhp,91Nm@ 3500rpm,5.0,435000
Honda Jazz,Honda,Jazz,3,30000,Individual,Petrol,Manual,18.2 kmpl,1199 CC,88.7 bhp,113Nm@ 4000rpm,5.0,740000
Honda Amaze,Honda,Amaze,2,15787,Dealer,Petrol,Manual,18.0 kmpl,1198 CC,86.7 bhp,170Nm@ 1800-2400rpm,5.0,650000
Honda WR-V,Honda,WR-V,4,40000,individual,  Diesel ,Manual,25.5 kmpl,1498 CC,98.6 bhp,250Nm@ 1500-2500rpm,5.0,775000
Hyundai i20,Hyundai,i20,6,175000,Individual,diesel,Manual,,1396 CC,88.73 bhp,24@ 1900(kgm@ rpm),5.0,450000
Maruti Vitara,Maruti,Vitara,3,40000,Individual,Diesel,Manual,24.3 kmpl,1248 CC,88.5 bhp,24@ 1900(kgm@ rpm),5.0,645000
BMW 5,BMW,5,10,71000,Dealer,Diesel,Automatic,16.73 kmpl,2495 CC,218.0 bhp,24@ 1900(kgm@ rpm),5.0,1750000
Maruti Baleno,Maruti,Baleno,4,46931,  Trustmark Dealer ,PETROL,Manual,21.01 kmpl,1197 CC,81.8 bhp,24@ 1900(kgm@ rpm),5.0,500000
Maruti Ignis,Maruti,Ignis,4,8600,  Individual ,PETROL,Manual,20.89 kmpl,1197 CC,81.8 bhp,91Nm@ 3500rpm,5.0,600000
Hyundai Creta,Hyundai,Creta,2,10000,Dealer,Diesel,Automatic,17.6 kmpl,1582 CC,126.2 bhp,24@ 1900(kgm@ rpm),5.0,1550000
Maruti Swift,Maruti,Swift,7,40000,Individual,Petrol,Manual,20.4 kmpl,1197 CC,81.8 bhp,,5.0,320000
Toyota Fortuner,Toyota,Fortuner,2,48000,Individual,Diesel,Automatic,15.04 kmpl,2755 CC,174.5 bhp,170Nm@ 1800-2400rpm,7.0,3300000
Honda Jazz,Honda,Jazz,6,67000,DEALER,Petrol,Manual,18.7 kmpl,1199 CC,88.7 bhp,200Nm@ 1750rpm,5.0,525000
Hyundai i20,Hyundai,i20,5,32959,dealer,Diesel,Manual,22.54 kmpl,1396 CC,88.73 bhp,91Nm@ 3500rpm,5.0,681000
Hyundai Santro,Hyundai,Santro,13,60000,dealer,PETROL,Manual,17.8 kmpl,1086 CC,63.0 bhp,91Nm@ 3500rpm,5.0,135000
Datsun RediGO,Datsun,RediGO,4,45138,Dealer,Petrol,Manual,22.5 kmpl,999 CC,67.0 bhp,24@ 1900(kgm@ rpm),5.0,322000
Maruti Baleno,Maruti,Baleno,1,2441,Dealer,PETROL,Automatic,19.56 kmpl,1197 CC,81.8 bhp,24@ 1900(kgm@ rpm),5.0,875000
Mahindra Thar,Mahindra,Thar,7,84000,  Individual ,Diesel,Manual,16.55 kmpl,2498 CC,105.0 bhp,190Nm@ 2000rpm,6.0,600000
Maruti Swift,Maruti,Swift,9,120000,individual,Diesel,Manual,22.9 kmpl,1248 CC,74.0 bhp,91Nm@ 3500rpm,5.0,360000
Hyundai Creta,Hyundai,Creta,4,39000,DEALER,diesel,Manual,21.38 kmpl,1396 CC,88.7 bhp,113Nm@ 4000rpm,5.0,900000
Maruti Swift,Maruti,Swift,4,45000,DEALER,Diesel,Manual,28.4 kmpl,1248 CC,74.0 bhp,250Nm@ 1500-2500rpm,5.0,560000
Maruti Baleno,Maruti,Baleno,6,43642,Dealer,Petrol,Manual,21.4 kmpl,1197 CC,83.1 bhp,190Nm@ 2000rpm,5.0,629000
Audi A4,Audi,A4,8,48000,Dealer,PETROL,Automatic,17.84 kmpl,1395 CC,147.51 bhp,"12.7@ 2,700(kgm@ rpm)",5.0,1450000
Maruti Alto,Maruti,Alto,6,50000,INDIVIDUAL,Petrol,Manual,22.74 kmpl,796 CC,47.3 bhp,190Nm@ 2000rpm,5.0,250000
Hyundai Elantra,Hyundai,Elantra,5,27000,Dealer,Diesel,Automatic,19.5 kmpl,1582 CC,126.24 bhp,250Nm@ 1500-2500rpm,5.0,1395000
Maruti Ciaz,Maruti,Ciaz,5,66000,Dealer,diesel,Manual,28.09 kmpl,1248 CC,88.5 bhp,250Nm@ 1500-2500rpm,5.0,725000
Mahindra KUV,Mahindra,KUV,5,30000,Dealer,DIESEL,Manual,25.32 kmpl,1198 CC,77.0 bhp,24@ 1900(kgm@ rpm),6.0,580000
Hyundai Santro,Hyundai,Santro,12,40000,Dealer,PETROL,Manual,17.92 kmpl,1086 CC,,190Nm@ 2000rpm,5.0,266000
Maruti Alto,Maruti,Alto,10,62900,Dealer,  Petrol ,Manual,20.92 kmpl,998 CC,67.1 bhp,91Nm@ 3500rpm,5.0,235000
Maruti Ciaz,Maruti,Ciaz,3,33000,Dealer,Diesel,Manual,28.09 kmpl,1248 CC,88.5 bhp,24@ 1900(kgm@ rpm),5.0,1000000
Honda City,Honda,City,5,49590,  Dealer ,Petrol,Manual,17.8 kmpl,1497 CC,117.3 bhp,91Nm@ 3500rpm,5.0,725000
Skoda Rapid,Skoda,Rapid,7,110000,individual,Diesel,Manual,21.14 kmpl,1498 CC,103.52 bhp,113Nm@ 4000rpm,5.0,550000
Ford Ecosport,Ford,Ecosport,7,150000,INDIVIDUAL,diesel,Manual,22.7 kmpl,1498 CC,89.84 bhp,200Nm@ 1750rpm,,470000
Hyundai Creta,Hyundai,Creta,4,33000,Dealer,Petrol,Manual,15.8 kmpl,1591 CC,121.3 bhp,91Nm@ 3500rpm,5.0,1140000
Toyota Innova,Toyota,Innova,7,244400,Individual,Diesel,Manual,12.99 kmpl,2494 CC,100.6 bhp,200Nm@ 1750rpm,8.0,900000
Maruti Ciaz,Maruti,Ciaz,3,24099,DEALER,  Diesel ,Manual,28.09 kmpl,1248 CC,88.5 bhp,113Nm@ 4000rpm,5.0,800000
Renault KWID,Renault,KWID,1,5000,Individual,Petrol,Automatic,24.04 kmpl,999 CC,67.0 bhp,250Nm@ 1500-2500rpm,5.0,400000
Ford Figo,Ford,Figo,9,69000,Dealer,Diesel,Manual,20.0 kmpl,1399 CC,,91Nm@ 3500rpm,5.0,225000
Mahindra Scorpio,Mahindra,Scorpio,8,110000,individual,Diesel,Automatic,11.79 kmpl,2179 CC,120.0 bhp,91Nm@ 3500rpm,8.0,550000
Maruti Alto,Maruti,Alto,29,22612,Dealer,Petrol,Manual,22.05 kmpl,796 CC,47.3 bhp,190Nm@ 2000rpm,5.0,60000
Mahindra Bolero,Mahindra,Bolero,4,70000,Individual,Diesel,Manual,16.5 kmpl,1493 CC,70.0 bhp,250Nm@ 1500-2500rpm,7.0,700000
Maruti Eeco,Maruti,Eeco,2,46000,DEALER,CNG,Manual,21.94 km/kg,1196 CC,61.7 bhp,170Nm@ 1800-2400rpm,5.0,475000
Renault KWID,Renault,KWID,5,41000,INDIVIDUAL,Petrol,Manual,25.17 kmpl,799 CC,53.3 bhp,91Nm@ 3500rpm,5.0,235000
Jaguar XE,Jaguar,XE,2,25000,Individual,Diesel,Automatic,13.6 kmpl,1999 CC,177.0 bhp,200Nm@ 1750rpm,5.0,3800000
Datsun RediGO,Datsun,RediGO,5,13000,dealer,PETROL,Manual,22.7 kmpl,799 CC,53.64 bhp,250Nm@ 1500-2500rpm,5.0,285000
Hyundai i20,Hyundai,i20,11,100000,INDIVIDUAL,  Petrol ,Manual,17.0 kmpl,1197 CC,80.0 bhp,"12.7@ 2,700(kgm@ rpm)",5.0,310000
Volkswagen Vento,Volkswagen,Vento,5,37900,Dealer,PETROL,Automatic,18.19 kmpl,1197 CC,103.2 bhp,190Nm@ 2000rpm,5.0,749000
Hyundai Creta,Hyundai,Creta,4,51000,dealer,Diesel,Automatic,17.01 kmpl,1582 CC,126.2 bhp,200Nm@ 1750rpm,5.0,1025000
Maruti Swift Dzire,Maruti,Swift Dzire,9,25000,  Individual ,Petrol,Manual,19.1 kmpl,1197 CC,85.8 bhp,200Nm@ 1750rpm,5.0,540000
Maruti Swift Dzire,Maruti,Swift Dzire,10,86000,Individual,Diesel,Manual,19.3 kmpl,1248 CC,73.9 bhp,"12.7@ 2,700(kgm@ rpm)",5.0,420000
Maruti Baleno,Maruti,Baleno,2,20000,INDIVIDUAL,diesel,Manual,27.39 kmpl,1248 CC,74.0 bhp,190Nm@ 2000rpm,5.0,665000
Honda Amaze,Honda,Amaze,4,32000,Dealer,Petrol,Manual,17.8 kmpl,1198 CC,86.7 bhp,"12.7@ 2,700(kgm@ rpm)",5.0,495000
Maruti Baleno,Maruti,Baleno,5,45215,  Dealer ,Petrol,Automatic,21.4 kmpl,1197 CC,83.1 bhp,91Nm@ 3500rpm,5.0,698000
Honda City,Honda,City,4,49000,Dealer,Petrol,Automatic,17.4 kmpl,1497 CC,117.6 bhp,91Nm@ 3500rpm,5.0,970000
Honda City,Honda,City,4,52000,individual,Diesel,Manual,25.6 kmpl,1498 CC,97.9 bhp,113Nm@ 4000rpm,5.0,1100000
Tata Tiago,Tata,Tiago,4,11500,Dealer,Petrol,Automatic,23.84 kmpl,1199 CC,83.83 bhp,250Nm@ 1500-2500rpm,5.0,535000
Maruti Ertiga,Maruti,Ertiga,8,187420,dealer,diesel,Manual,20.77 kmpl,1248 CC,88.8 bhp,200Nm@ 1750rpm,7.0,670000
Maruti Ertiga,Maruti,Ertiga,3,11128,Dealer,CNG,Manual,17.5 km/kg,1373 CC,80.46 bhp,"12.7@ 2,700(kgm@ rpm)",7.0,875000
Toyota Fortuner,Toyota,Fortuner,7,95000,Dealer,Diesel,Automatic,12.55 kmpl,2982 CC,168.5 bhp,91Nm@ 3500rpm,7.0,1449000
Honda City,Honda,City,4,35000,Individual,Diesel,Manual,26.0 kmpl,1498 CC,98.6 bhp,200Nm@ 1750rpm,5.0,900000
Hyundai i10,Hyundai,i10,12,79497,DEALER,petrol,Manual,20.36 kmpl,1197 CC,78.9 bhp,190Nm@ 2000rpm,,275000
Mahindra XUV500,Mahindra,XUV500,3,60000,Individual,  Diesel ,Manual,16.0 kmpl,2179 CC,138.0 bhp,200Nm@ 1750rpm,7.0,1500000
Kia Seltos,Kia,Seltos,2,5000,Individual,Petrol,Manual,16.1 kmpl,1353 CC,,24@ 1900(kgm@ rpm),5.0,1560000
Hyundai Verna,Hyundai,Verna,10,74000,Dealer,Diesel,Manual,22.32 kmpl,1582 CC,126.3 bhp,"12.7@ 2,700(kgm@ rpm)",5.0,445000
Toyota Innova,Toyota,Innova,8,75000,DEALER,Diesel,Manual,12.99 kmpl,,100.0 bhp,,7.0,600000
Toyota Innova,Toyota,Innova,12,85500,Dealer,Diesel,Manual,12.8 kmpl,2494 CC,102.0 bhp,113Nm@ 4000rpm,8.0,725000
Maruti Alto,Maruti,Alto,13,40000,INDIVIDUAL,  Petrol ,Manual,,796 CC,46.3 bhp,"12.7@ 2,700(kgm@ rpm)",5.0,100000
BMW 5,BMW,5,10,85000,  Dealer ,Diesel,Automatic,18.48 kmpl,1995 CC,177.0 bhp,91Nm@ 3500rpm,,999000
Maruti Alto,Maruti,Alto,7,70000,Individual,Petrol,Manual,22.74 kmpl,796 CC,47.3 bhp,91Nm@ 3500rpm,5.0,175000
Hyundai i10,Hyundai,i10,8,75174,Dealer,Petrol,Manual,20.36 kmpl,1197 CC,78.9 bhp,24@ 1900(kgm@ rpm),5.0,345000
Hyundai Santro,Hyundai,Santro,12,60000,  Individual ,  Petrol ,Manual,17.92 kmpl,,62.1 bhp,,5.0,125000
Maruti Wagon R,Maruti,Wagon R,6,60000,Individual,PETROL,Manual,20.51 kmpl,998 CC,67.06 bhp,"12.7@ 2,700(kgm@ rpm)",5.0,375000
Hyundai Verna,Hyundai,Verna,2,15000,Individual,Petrol,Manual,17.0 kmpl,1591 CC,121.3 bhp,170Nm@ 1800-2400rpm,5.0,1030000
Hyundai i20,Hyundai,i20,6,54625,  Trustmark Dealer ,petrol,Manual,18.6 kmpl,1197 CC,81.83 bhp,200Nm@ 1750rpm,5.0,595000
Toyota Fortuner,Toyota,Fortuner,4,34000,Dealer,Diesel,Automatic,12.9 kmpl,2755 CC,174.5 bhp,91Nm@ 3500rpm,7.0,2800000
Maruti Vitara,Maruti,Vitara,4,100000,INDIVIDUAL,Diesel,Manual,24.3 kmpl,1248 CC,88.5 bhp,91Nm@ 3500rpm,5.0,760000
Honda Civic,Honda,Civic,12,62380,DEALER,Petrol,Manual,13.5 kmpl,1799 CC,130.0 bhp,170Nm@ 1800-2400rpm,5.0,245000
Honda City,Honda,City,10,93292,Dealer,Petrol,Manual,17.0 kmpl,1497 CC,118.0 bhp,91Nm@ 3500rpm,,400000
Ford Endeavour,Ford,Endeavour,5,120000,Dealer,Diesel,Automatic,10.91 kmpl,3198 CC,197.0 bhp,200Nm@ 1750rpm,7.0,2100000
Maruti Swift Dzire,Maruti,Swift Dzire,5,65000,Dealer,Diesel,Manual,19.3 kmpl,1248 CC,73.9 bhp,170Nm@ 1800-2400rpm,5.0,480000
Maruti Alto,Maruti,Alto,5,40000,Individual,Petrol,Manual,22.74 kmpl,796 CC,47.3 bhp,91Nm@ 3500rpm,5.0,265000
Mahindra Bolero,Mahindra,Bolero,5,80000,Individual,DIESEL,Manual,,2523 CC,63.0 bhp,250Nm@ 1500-2500rpm,9.0,630000
Maruti Wagon R,Maruti,Wagon R,12,113343,Dealer,  Petrol ,Manual,18.9 kmpl,1061 CC,67.0 bhp,170Nm@ 1800-2400rpm,5.0,178000
Maruti Vitara,Maruti,Vitara,4,32000,individual,Diesel,Manual,24.3 kmpl,1248 CC,88.5 bhp,,5.0,925000
Maruti Alto,Maruti,Alto,11,72000,Individual,CNG,Manual,26.83 km/kg,796 CC,38.4 bhp,170Nm@ 1800-2400rpm,5.0,125000
Hyundai i20,Hyundai,i20,5,65000,dealer,Diesel,Manual,22.54 kmpl,1396 CC,88.73 bhp,,5.0,675000
Maruti Swift Dzire,Maruti,Swift Dzire,5,35000,DEALER,PETROL,Manual,19.1 kmpl,1197 CC,85.8 bhp,91Nm@ 3500rpm,5.0,475000
Skoda Rapid,Skoda,Rapid,5,49661,Dealer,Diesel,Automatic,21.66 kmpl,,103.52 bhp,,5.0,695000
Hyundai i10,Hyundai,i10,11,80000,dealer,Petrol,Manual,19.81 kmpl,1086 CC,68.05 bhp,250Nm@ 1500-2500rpm,5.0,240000
Maruti Ertiga,Maruti,Ertiga,5,20000,  Individual ,CNG,Manual,17.5 km/kg,1373 CC,80.46 bhp,24@ 1900(kgm@ rpm),7.0,825000
Hyundai i20,Hyundai,i20,8,37900,Dealer,  Diesel ,Manual,21.9 kmpl,1396 CC,88.8 bhp,91Nm@ 3500rpm,5.0,435000
Maruti Swift Dzire,Maruti,Swift Dzire,3,30000,Individual,Diesel,Manual,28.4 kmpl,1248 CC,74.02 bhp,190Nm@ 2000rpm,5.0,750000
Maruti Ertiga,Maruti,Ertiga,4,45253,Dealer,CNG,Manual,,1462 CC,103.0 bhp,,7.0,775000
Volkswagen Polo,Volkswagen,Polo,9,54000,Dealer,Diesel,Manual,22.07 kmpl,1199 CC,73.9 bhp,"12.7@ 2,700(kgm@ rpm)",5.0,255000
Toyota Innova,Toyota,Innova,4,46000,Dealer,Diesel,Automatic,,2755 CC,171.5 bhp,91Nm@ 3500rpm,7.0,1870000
Maruti Swift,Maruti,Swift,3,20000,Individual,Petrol,Manual,22.0 kmpl,1197 CC,81.8 bhp,250Nm@ 1500-2500rpm,5.0,610000
Maruti Wagon R,Maruti,Wagon R,17,48500,Dealer,  Petrol ,Manual,18.9 kmpl,998 CC,67.1 bhp,"12.7@ 2,700(kgm@ rpm)",5.0,110000
Ford Ecosport,Ford,Ecosport,8,49217,Dealer,diesel,Manual,22.7 kmpl,1498 CC,89.84 bhp,113Nm@ 4000rpm,5.0,475000
Hyundai Verna,Hyundai,Verna,4,50000,Individual,  Petrol ,Manual,17.01 kmpl,1591 CC,121.3 bhp,113Nm@ 4000rpm,5.0,950000
Renault Duster,Renault,Duster,8,88000,  Dealer ,DIESEL,Manual,20.45 kmpl,1461 CC,83.8 bhp,113Nm@ 4000rpm,5.0,450000
Ford Figo,Ford,Figo,7,69800,Individual,Petrol,Manual,15.6 kmpl,1196 CC,70.02 bhp,250Nm@ 1500-2500rpm,5.0,380000
Volkswagen Polo,Volkswagen,Polo,4,35000,DEALER,Petrol,Manual,16.2 kmpl,1199 CC,74.0 bhp,200Nm@ 1750rpm,5.0,425000
Maruti Swift,Maruti,Swift,4,11707,Dealer,Petrol,Manual,21.21 kmpl,1197 CC,81.8 bhp,200Nm@ 1750rpm,5.0,650000
Hyundai i10,Hyundai,i10,9,13000,  Dealer ,  Petrol ,Manual,20.36 kmpl,1197 CC,78.9 bhp,200Nm@ 1750rpm,5.0,340000
Renault Duster,Renault,Duster,8,70000,DEALER,  Diesel ,Manual,20.45 kmpl,1461 CC,83.8 bhp,113Nm@ 4000rpm,5.0,420000
Maruti Swift Dzire,Maruti,Swift Dzire,4,30798,  Dealer ,diesel,Automatic,28.4 kmpl,1248 CC,74.02 bhp,91Nm@ 3500rpm,5.0,835000
Hyundai Grand,Hyundai,Grand,4,56302,dealer,Diesel,Manual,24.0 kmpl,1186 CC,73.97 bhp,"12.7@ 2,700(kgm@ rpm)",5.0,440000
Datsun GO,Datsun,GO,5,29500,individual,Petrol,Manual,20.63 kmpl,1198 CC,67.0 bhp,170Nm@ 1800-2400rpm,5.0,310000
Audi A8,Audi,A8,9,75000,DEALER,Diesel,Automatic,11.8 kmpl,2967 CC,246.7 bhp,24@ 1900(kgm@ rpm),5.0,2200000
Maruti Wagon R,Maruti,Wagon R,15,35000,individual,petrol,Manual,18.9 kmpl,998 CC,67.1 bhp,170Nm@ 1800-2400rpm,5.0,100000
Mercedes-Benz C-Class,Mercedes-Benz,C-Class,9,63000,DEALER,Petrol,Automatic,11.74 kmpl,,186.0 bhp,,5.0,1275000
Honda Amaze,Honda,Amaze,7,89000,INDIVIDUAL,Diesel,Manual,25.8 kmpl,1498 CC,98.6 bhp,,5.0,320000
Ford Ecosport,Ford,Ecosport,7,58000,dealer,Diesel,Manual,22.7 kmpl,1498 CC,89.84 bhp,"12.7@ 2,700(kgm@ rpm)",5.0,450000
Maruti Alto,Maruti,Alto,7,53000,Dealer,petrol,Manual,23.95 kmpl,998 CC,67.05 bhp,113Nm@ 4000rpm,5.0,290000
Hyundai i20,Hyundai,i20,4,70000,Individual,petrol,Manual,18.6 kmpl,1197 CC,81.83 bhp,250Nm@ 1500-2500rpm,5.0,550000
Ford Figo,Ford,Figo,10,49000,Dealer,Petrol,Manual,15.6 kmpl,1196 CC,70.0 bhp,200Nm@ 1750rpm,5.0,215000
Tata Tiago,Tata,Tiago,4,50000,  Individual ,  Diesel ,Manual,27.28 kmpl,1047 CC,69.0 bhp,91Nm@ 3500rpm,5.0,450000
Maruti Wagon R,Maruti,Wagon R,18,150000,Individual,PETROL,Manual,18.9 kmpl,998 CC,67.1 bhp,200Nm@ 1750rpm,5.0,65000
Maruti Swift,Maruti,Swift,3,14000,Dealer,PETROL,Manual,22.0 kmpl,1197 CC,81.8 bhp,170Nm@ 1800-2400rpm,5.0,590000
Toyota Innova,Toyota,Innova,3,80000,DEALER,Diesel,Manual,13.68 kmpl,,147.8 bhp,,7.0,1995000
Maruti Swift,Maruti,Swift,3,34000,Dealer,DIESEL,Automatic,28.4 kmpl,1248 CC,74.0 bhp,113Nm@ 4000rpm,5.0,725000
BMW Z4,BMW,Z4,11,5022,Dealer,petrol,Automatic,10.37 kmpl,2979 CC,306.0 bhp,91Nm@ 3500rpm,2.0,3100000
Hyundai Creta,Hyundai,Creta,4,102000,Dealer,  Diesel ,Automatic,17.01 kmpl,1582 CC,126.2 bhp,200Nm@ 1750rpm,5.0,1100000
Audi A4,Audi,A4,10,100000,  Dealer ,Diesel,Automatic,17.11 kmpl,1968 CC,174.33 bhp,190Nm@ 2000rpm,5.0,780000
Maruti Ertiga,Maruti,Ertiga,4,50000,  Individual ,  Diesel ,Manual,24.52 kmpl,1248 CC,88.5 bhp,24@ 1900(kgm@ rpm),7.0,800000
Ford Figo,Ford,Figo,4,27500,  Individual ,  Diesel ,Manual,25.83 kmpl,1498 CC,99.0 bhp,"12.7@ 2,700(kgm@ rpm)",,580000
BMW 3,BMW,3,11,63000,Dealer,Diesel,Automatic,16.07 kmpl,1995 CC,181.0 bhp,"12.7@ 2,700(kgm@ rpm)",5.0,750000
Maruti Wagon R,Maruti,Wagon R,7,70000,Individual,  Petrol ,Manual,20.51 kmpl,998 CC,67.04 bhp,200Nm@ 1750rpm,5.0,325000
Maruti Swift,Maruti,Swift,9,30000,Individual,  Diesel ,Manual,22.9 kmpl,1248 CC,74.0 bhp,200Nm@ 1750rpm,5.0,325000
Mercedes-Benz GL-Class,Mercedes-Benz,GL-Class,3,12000,dealer,DIESEL,Automatic,17.9 kmpl,2143 CC,167.6 bhp,190Nm@ 2000rpm,5.0,4590000
Hyundai i20,Hyundai,i20,7,110000,Individual,Petrol,Manual,18.5 kmpl,1197 CC,82.85 bhp,"12.7@ 2,700(kgm@ rpm)",5.0,450000
Audi A6,Audi,A6,7,40000,DEALER,  Diesel ,Automatic,17.68 kmpl,1968 CC,174.33 bhp,200Nm@ 1750rpm,5.0,1650000
Mahindra Scorpio,Mahindra,Scorpio,2,40000,Individual,Diesel,Manual,16.36 kmpl,2179 CC,120.0 bhp,250Nm@ 1500-2500rpm,7.0,1200000
Jeep Compass,Jeep,Compass,4,21356,Dealer,Diesel,Manual,17.1 kmpl,1956 CC,170.0 bhp,24@ 1900(kgm@ rpm),5.0,1645000
Maruti Alto,Maruti,Alto,10,50000,Individual,Petrol,Manual,20.92 kmpl,998 CC,67.1 bhp,113Nm@ 4000rpm,5.0,230000
Mahindra Thar,Mahindra,Thar,4,60000,Individual,DIESEL,Manual,16.55 kmpl,2498 CC,105.0 bhp,113Nm@ 4000rpm,6.0,950000
Maruti Alto,Maruti,Alto,10,11266,  Dealer ,Petrol,Manual,20.92 kmpl,998 CC,,24@ 1900(kgm@ rpm),,235000
Toyota Innova,Toyota,Innova,8,170000,Individual,diesel,Manual,12.99 kmpl,2494 CC,100.6 bhp,91Nm@ 3500rpm,7.0,700000
Mini Cooper,Mini,Cooper,9,67000,dealer,Petrol,Automatic,17.33 kmpl,1998 CC,189.08 bhp,170Nm@ 1800-2400rpm,4.0,1325000
Maruti Ciaz,Maruti,Ciaz,4,38000,Dealer,Diesel,Manual,28.09 kmpl,1248 CC,88.5 bhp,24@ 1900(kgm@ rpm),5.0,650000
Hyundai i20,Hyundai,i20,3,25000,Dealer,PETROL,Manual,18.6 kmpl,1197 CC,81.83 bhp,200Nm@ 1750rpm,5.0,599000
Toyota Innova,Toyota,Innova,5,52000,dealer,Petrol,Manual,11.25 kmpl,2694 CC,163.7 bhp,"12.7@ 2,700(kgm@ rpm)",7.0,1300000
Mahindra XUV500,Mahindra,XUV500,7,30000,Individual,  Diesel ,Manual,15.1 kmpl,2179 CC,140.0 bhp,"12.7@ 2,700(kgm@ rpm)",7.0,950000
Hyundai i10,Hyundai,i10,7,82000,Dealer,Petrol,Manual,20.36 kmpl,1197 CC,78.9 bhp,91Nm@ 3500rpm,5.0,385000
Skoda Superb,Skoda,Superb,2,8500,Dealer,Diesel,Automatic,,1968 CC,174.5 bhp,200Nm@ 1750rpm,5.0,3550000
Hyundai Verna,Hyundai,Verna,10,47000,Dealer,  Diesel ,Automatic,22.32 kmpl,,126.32 bhp,,5.0,450000
Maruti Wagon R,Maruti,Wagon R,7,58000,DEALER,Petrol,Manual,20.51 kmpl,998 CC,,200Nm@ 1750rpm,5.0,300000
Volkswagen Polo,Volkswagen,Polo,5,45000,  Dealer ,Petrol,Automatic,17.21 kmpl,1197 CC,103.5 bhp,250Nm@ 1500-2500rpm,5.0,665000
Renault KWID,Renault,KWID,3,15000,Individual,PETROL,Automatic,24.04 kmpl,999 CC,67.0 bhp,91Nm@ 3500rpm,5.0,310000
Toyota Innova,Toyota,Innova,9,63000,Dealer,  Diesel ,Manual,12.99 kmpl,2494 CC,100.0 bhp,190Nm@ 2000rpm,8.0,1035000
Hyundai i20,Hyundai,i20,5,50000,Individual,PETROL,Manual,18.6 kmpl,1197 CC,81.83 bhp,91Nm@ 3500rpm,5.0,585000
Honda City,Honda,City,6,23461,Dealer,petrol,Automatic,18.0 kmpl,1497 CC,117.3 bhp,190Nm@ 2000rpm,5.0,820000
Hyundai i20,Hyundai,i20,5,46000,individual,Petrol,Manual,18.6 kmpl,1197 CC,,"12.7@ 2,700(kgm@ rpm)",5.0,550000
Hyundai i20,Hyundai,i20,6,30000,Individual,Diesel,Manual,22.54 kmpl,1396 CC,88.73 bhp,24@ 1900(kgm@ rpm),5.0,550000
Maruti Wagon R,Maruti,Wagon R,8,61154,Dealer,PETROL,Manual,20.51 kmpl,998 CC,67.04 bhp,170Nm@ 1800-2400rpm,5.0,255000
